,age,name,family,given
0,17.0,鈴木梨央,鈴木,梨央
1,19.0,石井萌々果,石井,萌々果
2,16.0,大川春菜,大川,春菜
3,11.0,新津ちせ,新津,ちせ
4,19.0,畑中有里,畑中,有里
5,17.0,水月梓温,水月,梓温
6,19.0,秋田汐梨,秋田,汐梨
7,16.0,紺谷凪乃,紺谷,凪乃
8,18.0,多田成美,多田,成美
9,17.0,松崎未夢,松崎,未夢
10,17.0,荒川ひなた,荒川,ひなた
11,16.0,三田村杏子,三田村,杏子
12,16.0,伊藤日菜,伊藤,日菜
13,19.0,清田みくり,清田,みくり
14,18.0,奥田こころ,奥田,こころ
15,19.0,小坂菜緒,小坂,菜緒
16,16.0,寺田光,寺田,光
17,15.0,佐藤愛桜,佐藤,愛桜
18,19.0,河野みなみ,河野,みなみ
19,14.0,佐野杏羽,佐野,杏羽
20,16.0,白鳥沙南,白鳥,沙南
21,18.0,新谷ゆづみ,新谷,ゆづみ
22,16.0,瀧七海,瀧,七海
23,16.0,伊礼姫奈,伊,礼姫奈
24,16.0,野中ここな,野中,ここな
25,19.0,畑芽育,畑,芽育
26,15.0,田中美空,田中,美空
27,15.0,戸高美湖,戸高,美湖
28,14.0,並木彩華,並木,彩華
29,19.0,永瀬莉子,永瀬,莉子
30,15.0,栗本有規,栗本,有規
31,18.0,桑原優妃,桑原,優妃
32,17.0,宮下咲,宮下,咲
33,17.0,杉本瑛,杉本,瑛
34,15.0,八木美樹,八木,美樹
35,14.0,西條七海,西條,七海
36,18.0,高瀬穂乃歌,高瀬,穂乃歌
37,18.0,鎌田彩樺,鎌田,彩樺
38,17.0,廣岡実夢,廣岡,実夢
39,16.0,白石こころ,白石,こころ
40,18.0,荒木里都,荒木,里都
41,15.0,唯藤絵舞,唯藤,絵舞
42,16.0,綾乃琴莉,綾,乃琴莉
43,16.0,高橋菜加,高橋,菜加
44,18.0,中田乃愛,中田,乃愛
45,18.0,安井南,安井,南
46,17.0,花田優里音,花田,優里音
47,18.0,宮野陽名,宮野,陽名
48,18.0,牧浦乙葵,牧浦,乙葵
49,16.0,福田美姫,福田,美姫
50,17.0,五島月,五島,月
51,19.0,守殿愛生,守殿,愛生
52,17.0,鳥越ゆず,鳥越,ゆず
53,16.0,山本麗美,山本,麗美
54,19.0,齋藤瑠希,齋藤,瑠希
55,15.0,木下紗菜,木下,紗菜
56,19.0,金井菜々,金井,菜々
57,15.0,成宮しずく,成宮,しずく
58,17.0,片田陽依,片田,陽依
59,15.0,荒木優那,荒木,優那
60,16.0,遠藤璃菜,遠藤,璃菜
61,18.0,百合原舞,百合原,舞
62,15.0,安藤美優,安藤,美優
63,19.0,森りん,森,りん
64,19.0,岐津舞,岐津,舞
65,19.0,山田萌々香,山田,萌々香
66,19.0,佐々木りお,佐々木,りお
67,15.0,新井美羽,新井,美羽
68,19.0,佐竹桃華,佐竹,桃華
69,16.0,滝澤エリカ,滝澤,エリカ
70,18.0,白鳥瑞季,白鳥,瑞季
71,18.0,久志本眞子,久志本,眞子
72,16.0,伊東蒼,伊東,蒼
73,18.0,松島みのん,松島,みのん
74,17.0,吉柳咲良,吉柳,咲良
75,18.0,稲葉香澄,稲葉,香澄
76,16.0,東ノエル,東,ノエル
77,19.0,三木理紗子,三木,理紗子
78,17.0,井上音生,井上,音生
79,15.0,篠川桃音,篠川,桃音
81,17.0,市原かれん,市原,かれん
82,18.0,柿澤ゆりあ,柿澤,ゆりあ
83,18.0,神谷天音,神谷,天音
84,18.0,稲川美紅,稲川,美紅
85,18.0,橋本侑芽,橋本,侑芽
86,16.0,江森咲輝,江森,咲輝
87,18.0,平岡真衣,平岡,真衣
88,15.0,山梨美咲,山梨,美咲
89,19.0,新嘉喜由芽,新嘉,喜由芽
90,17.0,小野結衣里,小野,結衣里
91,18.0,赤澤巴菜乃,赤澤,巴菜乃
92,17.0,濱田ここね,濱田,ここね
93,18.0,三浦理奈,三浦,理奈
94,19.0,竹本咲良,竹本,咲良
95,19.0,池間夏海,池間,夏海
96,18.0,青井乃乃,青井,乃乃
97,18.0,麻生真彩,麻生,真彩
98,17.0,関屋利歩,関屋,利歩
99,18.0,岩崎春果,岩崎,春果
100,17.0,井上澄玲,井上,澄玲
101,18.0,植村友結,植村,友結
102,19.0,岡田愛,岡田,愛
103,16.0,北川花音,北川,花音
104,17.0,宮原和,宮原,和
105,17.0,茅島みずき,茅島,みずき
106,15.0,大川優羽,大川,優羽
107,18.0,宮野叶愛,宮野,叶愛
108,19.0,高野渚,高野,渚
109,14.0,古城蛍月,古城,蛍月
110,17.0,村重マリア,村重,マリア
111,18.0,中村守里,中村,守里
112,18.0,井本彩花,井本,彩花
113,17.0,山田望叶,山田,望叶
114,16.0,丸本凛,丸本,凛
115,15.0,上原千果,上原,千果
116,19.0,吉井乃歌,吉井,乃歌
117,18.0,竹道星来,竹道星,来
118,19.0,田辺かの,田辺,かの
119,18.0,国本梨紗,国本,梨紗
120,15.0,山田夏音,山田,夏音
121,17.0,松波怜,松波,怜
122,14.0,照内心陽,照内,心陽
123,14.0,仲田ゆき,仲田,ゆき
124,19.0,竹内詩乃,竹内,詩乃
125,14.0,根岸実花,根岸,実花
126,14.0,野崎結愛,野崎,結愛
127,15.0,秋本レイラニ,秋本,レイラニ
128,17.0,米倉れいあ,米倉,れいあ
129,15.0,山下森羅,山下森,羅
130,14.0,平田空,平田,空
131,18.0,日髙麻鈴,日髙,麻鈴
132,14.0,葉月実凜,葉月,実凜
133,18.0,大山里,大山,里
134,19.0,田口乙葉,田口,乙葉
135,18.0,石川翔鈴,石川,翔鈴
136,19.0,石川涼楓,石川,涼楓
137,15.0,安藤簓,安藤,簓
138,18.0,滝川姫奈,滝,川姫奈
139,19.0,加藤菜津,加藤,菜津
140,16.0,小宮山莉渚,小宮山,莉渚
141,16.0,山中蓮名,山中,蓮名
142,15.0,浜名真央,浜名,真央
143,19.0,田中海咲,田中,海咲
144,16.0,和泉詩,和泉,詩
145,18.0,小高サラ,小高,サラ
146,17.0,月井美緒,月井,美緒
147,19.0,清水柚羽,清水,柚羽
148,17.0,田幡妃菜,田幡,妃菜
149,18.0,宮内杏璃,宮内,杏璃
150,19.0,永田凜,永田,凜
151,19.0,高橋茉綾,高橋,茉綾
152,16.0,藤嶋花音,藤嶋,花音
153,17.0,町田恵里那,町田,恵里那
154,19.0,長見玲亜,長見,玲亜
155,16.0,深尾あむ,深尾,あむ
156,16.0,上坂樹里,上坂,樹里
157,14.0,近藤華,近藤,華
158,19.0,髙石あかり,髙石,あかり
159,17.0,山田菜々香,山田,菜々香
160,19.0,広橋佳苗,広橋,佳苗
161,16.0,戸羽望実,戸羽,望実
162,19.0,白上心望,白上,心望
163,19.0,ごとうひな,ご,とうひな
164,16.0,南条優衣,南条,優衣
165,18.0,鎌田らい樹,鎌田,らい樹
166,18.0,成田紗良,成田,紗良
167,18.0,中尾百合音,中尾,百合音
168,19.0,吉田明花音,吉田,明花音
170,18.0,山田瑠々,山田,瑠々
171,19.0,蒔田彩珠,蒔田,彩珠
172,18.0,若柳琴子,若柳,琴子
173,16.0,ナナエ,ナ,ナエ
174,18.0,涼田麗乃,涼田,麗乃
175,13.0,清水香帆,清水,香帆
176,18.0,青木花,青木,花
177,15.0,小寺結花,小寺,結花
178,15.0,咲田まい,咲田,まい
179,15.0,南琴奈,南,琴奈
181,17.0,アイビー愛美,アイビー,愛美
182,17.0,藤澤遥,藤澤,遥
183,23.0,広瀬すず,広瀬,すず
184,22.0,永野芽郁,永野,芽郁
185,27.0,土屋太鳳,土屋,太鳳
186,29.0,吉岡里帆,吉岡,里帆
187,26.0,小松菜奈,小松,菜奈
188,27.0,二階堂ふみ,二階堂,ふみ
189,29.0,指原莉乃,指原,莉乃
190,28.0,西内まりや,西内,まりや
191,28.0,志田未来,志田,未来
192,26.0,大原櫻子,大原,櫻子
193,25.0,中条あやみ,中条,あやみ
194,27.0,川口春奈,川口,春奈
195,29.0,本田翼,本田,翼
197,27.0,佐野ひなこ,佐野,ひなこ
198,27.0,広瀬アリス,広瀬,アリス
199,28.0,武井咲,武井,咲
200,24.0,武田玲奈,武田,玲奈
201,25.0,芳根京子,芳根,京子
202,28.0,川島海荷,川島,海荷
203,27.0,川栄李奈,川,栄李奈
204,28.0,川島海荷,川島,海荷
205,27.0,早見あかり,早見,あかり
206,23.0,福原遥,福原,遥
207,29.0,セレーナ・ゴメス,セ,レーナ・ゴメス
208,23.0,平祐奈,平,祐奈
209,26.0,橋本愛,橋本,愛
210,24.0,小芝風花,小芝,風花
211,24.0,杉咲花,杉,咲花
212,25.0,岡田奈々,岡田,奈々
213,29.0,石橋杏奈,石橋,杏奈
214,22.0,大橋のぞみ,大橋,のぞみ
215,25.0,美山加恋,美山,加恋
216,28.0,新木優子,新木,優子
217,22.0,大和田南那,大和田,南那
218,28.0,小池里奈,小池,里奈
219,27.0,山賀琴子,山賀,琴子
220,29.0,桜庭ななみ,桜庭,ななみ
221,29.0,成海璃子,成海,璃子
222,25.0,山谷花純,山谷,花純
223,27.0,佐久間由衣,佐久間,由衣
224,26.0,大野いと,大野,いと
225,25.0,クロエ・グレース・モレッツ,クロエ・グレース・モ,レッツ
226,22.0,吉田里琴,吉田,里琴
227,27.0,福田麻由子,福田,麻由子
228,20.0,清原果耶,清原,果耶
229,29.0,水野絵梨奈,水野,絵梨奈
230,26.0,竹富聖花,竹富,聖花
231,22.0,諸星すみれ,諸星,すみれ
232,22.0,藤野涼子,藤野,涼子
233,27.0,伊藤沙莉,伊藤,沙莉
234,28.0,小島梨里杏,小島,梨里杏
235,28.0,草刈麻有,草刈,麻有
236,28.0,大後寿々花,大後,寿々花
237,28.0,坂田梨香子,坂田,梨香子
238,27.0,伊藤優衣,伊藤,優衣
239,21.0,山口まゆ,山口,まゆ
240,27.0,秋月三佳,秋月,三佳
241,27.0,屋比久知奈,屋比久,知奈
242,24.0,森迫永依,森迫,永依
243,24.0,森迫永依,森迫,永依
244,27.0,屋比久知奈,屋比久,知奈
245,26.0,伊藤梨沙子,伊藤,梨沙子
246,27.0,荒井萌,荒井,萌
247,25.0,松本穂香,松本,穂香
248,26.0,夏居瑠奈,夏居,瑠奈
249,22.0,白坂奈々,白坂,奈々
250,25.0,萩原みのり,萩原,みのり
251,25.0,工藤綾乃,工藤,綾乃
252,23.0,岩井七世,岩井,七世
253,25.0,高橋春織,高橋,春織
254,29.0,岡野真也,岡野,真也
255,23.0,小野花梨,小野,花梨
256,21.0,八木優希,八木,優希
257,27.0,藤本七海,藤本,七海
258,29.0,加地千尋,加地,千尋
259,27.0,金澤美穂,金澤,美穂
260,24.0,小山莉奈,小山,莉奈
261,29.0,永井杏,永井,杏
262,26.0,林愛夏,林,愛夏
263,25.0,三浦透子,三浦,透子
264,28.0,橘花梨,橘花,梨
265,20.0,川島鈴遥,川島,鈴遥
266,24.0,山口愛,山口,愛
267,29.0,北浦愛,北浦,愛
268,24.0,風戸蘭七,風戸,蘭七
269,24.0,松本花奈,松本,花奈
270,26.0,山田彩,山田,彩
271,28.0,高宗歩未,高,宗歩未
272,29.0,倉内沙莉,倉内,沙莉
273,27.0,指出瑞貴,指出,瑞貴
274,25.0,宮本侑芽,宮本,侑芽
275,22.0,大森絢音,大森,絢音
276,26.0,加藤茜,加藤,茜
277,25.0,朝日梨帆,朝日,梨帆
278,29.0,三浦由衣,三浦,由衣
279,21.0,工藤優,工藤,優
280,27.0,石丸椎菜,石丸,椎菜
281,27.0,福地亜紗美,福地,亜紗美
282,28.0,大野真緒,大野,真緒
283,25.0,馬場有加,馬場,有加
284,28.0,小薗江愛理,小薗江,愛理
285,28.0,伊東舞,伊東,舞
286,25.0,野澤沙羅,野澤,沙羅
287,27.0,高橋愛莉,高橋,愛莉
288,25.0,中西夢乃,中西,夢乃
289,27.0,鈴木たまよ,鈴木,たまよ
290,25.0,豊泉志織,豊泉,志織
291,21.0,栃尾海佑,栃尾,海佑
292,29.0,大胡愛恵,大胡,愛恵
293,21.0,河合優実,河合,優実
294,25.0,春乃美月,春,乃美月
295,26.0,山本亜依,山本,亜依
296,29.0,杉原枝利香,杉原,枝利香
297,23.0,早咲心結,早,咲心結
298,24.0,小林かれん,小林,かれん
299,24.0,小日向雪,小日向,雪
300,27.0,山地まり,山地,まり
302,21.0,高須瑠香,高須,瑠香
303,26.0,市來玲奈,市來,玲奈
304,26.0,柚りし菓,柚,りし菓
305,29.0,北原唯,北原,唯
306,27.0,藤間爽子,藤間,爽子
307,23.0,佐藤優衣,佐藤,優衣
308,27.0,密照幸映,密,照幸映
309,22.0,鵜澤凜花,鵜澤,凜花
310,29.0,高柳愛実,高柳,愛実
311,29.0,知識真美,知識,真美
312,26.0,宇田川かをり,宇田川,かをり
313,26.0,坂田遥香,坂田,遥香
314,29.0,藤綾乃,藤,綾乃
315,29.0,佐藤裕夏,佐藤,裕夏
316,22.0,吉川日菜子,吉川,日菜子
317,28.0,山川優海,山川,優海
318,23.0,中井千聖,中井,千聖
319,20.0,松崎梨央,松崎,梨央
320,23.0,堀内まり菜,堀内,まり菜
321,29.0,和田麻菜,和田,麻菜
322,23.0,日比美思,日比,美思
323,26.0,坂田遥香,坂田,遥香
324,21.0,関菜々子,関,菜々子
325,25.0,小太刀瑞姫,小太刀,瑞姫
326,29.0,久野美咲,久野,美咲
327,25.0,喜井琴美,喜井,琴美
328,24.0,福地桃子,福地,桃子
329,25.0,井桁弘恵,井桁,弘恵
330,27.0,水島麻理奈,水島,麻理奈
331,20.0,小林里乃,小林,里乃
332,22.0,手塚理佐,手塚,理佐
333,20.0,後藤花怜,後藤,花怜
334,20.0,松山春香,松山,春香
335,28.0,椎名琴音,椎名,琴音
336,20.0,倉島颯良,倉島,颯良
337,27.0,大川原咲,大川原,咲
338,25.0,安藤あや,安藤,あや
339,28.0,池松亜美,池松,亜美
340,23.0,柴田瑠歌,柴田,瑠歌
341,23.0,宮野恵衣,宮野,恵衣
342,26.0,佐藤奈織美,佐藤,奈織美
343,27.0,鶴田有里菜,鶴田,有里菜
344,29.0,佐藤玲,佐藤,玲
345,24.0,東野絢香,東野,絢香
346,28.0,小宮有紗,小宮,有紗
347,21.0,我妻桃実,我妻,桃実
348,29.0,中垣内彩加,中垣内,彩加
349,21.0,小西はる,小西,はる
350,28.0,奈良岡にこ,奈良岡,にこ
351,23.0,橋本環奈,橋本,環奈
352,26.0,斎藤亜美,斎藤,亜美
353,28.0,畦田ひとみ,畦田,ひとみ
354,26.0,内田千晶,内田,千晶
355,21.0,福本莉子,福本,莉子
356,24.0,松山菜々子,松山,菜々子
357,22.0,中村里帆,中村,里帆
358,24.0,若山詩音,若山,詩音
359,27.0,土岐明里,土岐,明里
361,23.0,安保彩世,安保,彩世
362,21.0,北川美穂,北川,美穂
363,22.0,近藤里沙,近藤,里沙
364,28.0,小菅理菜,小菅,理菜
365,28.0,小篠恵奈,小篠,恵奈
366,27.0,藤井武美,藤井,武美
367,24.0,平野萌香,平野,萌香
369,22.0,加藤小夏,加藤,小夏
370,28.0,松尾典枝,松尾,典枝
371,25.0,倉持聖菜,倉持,聖菜
372,20.0,小林萌夏,小林,萌夏
373,26.0,中里絢芽,中里,絢芽
374,23.0,井上あすか,井上,あすか
375,28.0,酒井朝子,酒井,朝子
376,29.0,川瀬まりあ,川瀬,まりあ
377,21.0,鉄戸美桜,鉄戸,美桜
378,25.0,香乃ゆうみ,香乃,ゆうみ
379,28.0,秋乃ゆに,秋乃,ゆに
380,22.0,久保田紗友,久保田,紗友
381,26.0,楓（E-girls）,楓,（E-girls）
382,24.0,杉原亜実,杉原,亜実
383,26.0,内田菜月,内田,菜月
384,29.0,小倉史織,小倉,史織
385,28.0,田中沙季,田中,沙季
386,21.0,小松之桜,小松,之桜
387,24.0,中川可菜,中川,可菜
388,27.0,中村綾乃,中村,綾乃
389,28.0,小島藤子,小島藤,子
390,28.0,西山ハイサ,西山,ハイサ
391,20.0,東出薫,東出,薫
392,22.0,五島百花,五島,百花
393,21.0,越後はる香,越後,はる香
394,29.0,有村架純,有村,架純
395,26.0,伊藤寧々,伊藤,寧々
396,28.0,加藤亜実,加藤,亜実
397,27.0,松岡茉優,松岡,茉優
398,21.0,望月美結,望月,美結
399,24.0,用田磨穂,用田,磨穂
400,21.0,喜多乃愛,喜多,乃愛
401,29.0,長井愛彩,長井,愛彩
402,25.0,須藤叶希,須藤,叶希
403,27.0,森山アスカ,森山,アスカ
404,23.0,木下晴香,木下,晴香
405,23.0,影井ひな,影井,ひな
406,26.0,花岡みづほ,花岡,みづほ
407,29.0,永野愛理,永野,愛理
408,28.0,立花恵理,立花,恵理
409,29.0,葉山美月,葉山,美月
410,22.0,浅見姫香,浅,見姫香
411,28.0,斉藤さやか,斉藤,さやか
412,28.0,堺小春,堺,小春
413,25.0,山﨑萌香,山﨑,萌香
414,20.0,澄川サラ,澄川,サラ
415,26.0,加藤美月,加藤,美月
416,20.0,渡辺優奈,渡辺,優奈
417,21.0,坪井渚紗,坪井,渚紗
418,22.0,田辺桃子,田辺,桃子
419,27.0,齋藤明里,齋藤,明里
420,24.0,田中南帆,田中,南帆
421,23.0,葉月智子,葉月,智子
422,28.0,星嶺美,星嶺,美
423,23.0,滝澤史,滝澤,史
424,23.0,新平真里亜,新平,真里亜
425,21.0,髙橋果鈴,髙橋,果鈴
426,29.0,小松藍,小松,藍
427,27.0,水谷優希,水谷,優希
428,29.0,石橋菜津美,石橋,菜津美
429,21.0,染野有来,染野,有来
430,28.0,星嶺美,星嶺,美
431,24.0,二宮響子,二宮,響子
432,23.0,葉月智子,葉月,智子
433,26.0,田代明,田代,明
434,26.0,久留島璃生,久留島,璃生
435,28.0,野村真由美,野村,真由美
436,27.0,神崎れな,神崎,れな
437,29.0,加村真美,加村,真美
438,23.0,花山瑞貴,花山,瑞貴
439,25.0,川瀬莉子,川瀬,莉子
440,26.0,平山沙絵,平山,沙絵
441,27.0,宮瀬彩加,宮瀬,彩加
442,24.0,尾上瑞季,尾上,瑞季
443,24.0,金野美穂,金野,美穂
444,25.0,今川怜奈,今川,怜奈
445,20.0,山本響,山本,響
446,21.0,北川美麗,北川,美麗
447,29.0,野澤史果,野澤,史果
448,28.0,西井雅,西井,雅
449,27.0,宮瀬彩加,宮瀬,彩加
450,25.0,長谷川愛悠,長谷川,愛悠
451,28.0,磯野未来,磯野,未来
452,28.0,岩間恵,岩間,恵
453,27.0,山下メイ,山下,メイ
454,23.0,中田麻妃帆,中田,麻妃帆
455,22.0,大谷凜香,大谷,凜香
456,26.0,橋本岬,橋本,岬
457,29.0,廣岡沙恵,廣岡,沙恵
458,27.0,夏子りか,夏子,りか
459,25.0,小南満佑子,小南,満佑子
460,23.0,渡部史絵菜,渡部,史絵菜
461,24.0,栗原シュナ,栗原,シュナ
462,27.0,谷崎いつみ,谷崎,いつみ
463,27.0,橋本佳奈,橋本,佳奈
464,27.0,山田詩織,山田,詩織
465,26.0,福吉真璃奈,福吉,真璃奈
466,20.0,菊池日菜子,菊池,日菜子
467,20.0,北村沙羅,北村,沙羅
468,27.0,橘歩惟,橘,歩惟
469,21.0,山本麻鈴,山本,麻鈴
470,27.0,山本有美,山本,有美
471,23.0,古橋舞悠,古橋,舞悠
472,23.0,矢内美麻里,矢内,美麻里
473,29.0,守屋美希,守屋,美希
474,24.0,平本亜夢,平本,亜夢
475,24.0,桜井美南,桜井,美南
476,25.0,古川琴音,古川,琴音
477,22.0,小山希来々,小山,希来々
478,24.0,古賀遥菜,古賀,遥菜
479,25.0,中西悠綺,中西,悠綺
480,28.0,川﨑珠莉,川﨑,珠莉
481,25.0,飯塚千菜,飯塚,千菜
482,20.0,甲田まひる,甲田,まひる
483,22.0,國森桜,國森,桜
484,27.0,金井麻衣,金井,麻衣
485,24.0,梅村結衣,梅村,結衣
486,21.0,西畑澪花,西畑,澪花
487,29.0,知識真美,知識,真美
488,22.0,志田彩良,志田,彩良
489,28.0,水嶋仁美,水嶋,仁美
490,26.0,宇田川かをり,宇田川,かをり
491,21.0,松風理咲,松風,理咲
492,28.0,美濃部彩夏,美濃部,彩夏
493,26.0,長尾寧音,長尾,寧音
494,20.0,小島一華,小島,一華
495,26.0,長谷川あかり,長谷川,あかり
496,28.0,中神円,中神,円
497,28.0,七尾カンナ,七尾,カンナ
498,21.0,菊地桃子,菊地,桃子
499,23.0,川井望鈴,川井,望鈴
500,26.0,赤尾莉子,赤尾,莉子
501,27.0,立野沙紀,立野,沙紀
502,24.0,江原舞,江原,舞
503,29.0,大倉未沙都,大倉,未沙都
504,26.0,平井有伽,平井,有伽
505,27.0,山地まり,山地,まり
506,25.0,筒井のどか,筒井,のどか
507,22.0,石田夢実,石田,夢実
508,21.0,佐藤綾香,佐藤,綾香
509,26.0,稲村亜美,稲村,亜美
510,23.0,佐藤優衣,佐藤,優衣
511,21.0,佐々木七海,佐々木,七海
512,23.0,恒松祐里,恒松,祐里
513,24.0,小林かれん,小林,かれん
514,20.0,松林凜,松林,凜
515,20.0,其原有沙,其原,有沙
516,29.0,高柳愛実,高柳,愛実
517,20.0,小林里乃,小林,里乃
518,28.0,芳賀友加,芳賀,友加
519,23.0,木下留里,木下,留里
520,29.0,桑江咲菜,桑江,咲菜
521,27.0,上杉莉子,上杉,莉子
522,25.0,小太刀瑞姫,小太刀,瑞姫
523,29.0,佐藤裕夏,佐藤,裕夏
524,25.0,小太刀瑞姫,小太刀,瑞姫
525,22.0,吉川日菜子,吉川,日菜子
526,23.0,中井千聖,中井,千聖
527,22.0,覚田しずく,覚田,しずく
528,26.0,月夜野彩音,月夜野,彩音
529,25.0,井桁弘恵,井桁,弘恵
530,27.0,水島麻理奈,水島,麻理奈
531,24.0,清水聖波,清水,聖波
532,23.0,日比美思,日比,美思
533,26.0,MIO,M,IO
534,27.0,長谷川美菜,長谷川,美菜
535,28.0,芳賀友加,芳賀,友加
536,29.0,松林うらら(業務提携),松林,うらら(業務提携)
537,28.0,大谷麻乃,大谷,麻乃
538,28.0,椎名琴音,椎名,琴音
539,24.0,小川ほのか,小川,ほのか
540,20.0,松山春香,松山,春香
541,26.0,傳谷英里香,傳谷,英里香
542,22.0,佐藤美咲,佐藤,美咲
543,27.0,鶴田有里菜,鶴田,有里菜
544,25.0,隅田杏花,隅田,杏花
545,20.0,松本真央,松本,真央
547,28.0,小宮有紗,小宮,有紗
548,24.0,小松美月,小松,美月
549,28.0,奈良岡にこ,奈良岡,にこ
550,22.0,菅原麻由佳,菅原,麻由佳
551,26.0,斎藤亜美,斎藤,亜美
552,28.0,畦田ひとみ,畦田,ひとみ
553,27.0,福田彩織,福田,彩織
554,24.0,松山菜々子,松山,菜々子
555,25.0,金久保マユ,金久保,マユ
556,24.0,戎怜菜,戎,怜菜
557,23.0,三上紗弥,三上,紗弥
558,27.0,加茂智里,加,茂智里
559,28.0,峯崎亜里沙,峯崎,亜里沙
560,28.0,長井短,長井,短
561,22.0,梶山結衣,梶山,結衣
562,29.0,梨木まい,梨木,まい
563,22.0,菅原麻由佳,菅原,麻由佳
564,24.0,松山菜々子,松山,菜々子
565,22.0,高倉理子,高倉,理子
566,23.0,山下聖菜,山下,聖菜
567,27.0,宮内千奈,宮内,千奈
568,29.0,特蕾沙,特,蕾沙
569,27.0,土岐明里,土岐,明里
570,28.0,松井りな,松井,りな
572,27.0,宮坂灯里,宮坂,灯里
573,22.0,水野由結,水野,由結
574,20.0,小出紗加,小出,紗加
575,29.0,田中沙依,田中,沙依
576,29.0,石川歩美,石川,歩美
577,25.0,関口知花,関口,知花
578,27.0,藤井武美,藤井,武美
579,24.0,平野萌香,平野,萌香
580,28.0,松尾典枝,松尾,典枝
581,23.0,山田あみ,山田,あみ
582,23.0,佐藤菜月,佐藤,菜月
583,22.0,加藤小夏,加藤,小夏
584,22.0,札内萌花,札内,萌花
585,23.0,井上あすか,井上,あすか
586,28.0,永江榛野,永江,榛野
587,21.0,川崎愛香里,川崎,愛香里
588,27.0,仁村紗和,仁村,紗和
589,27.0,土田真里恵,土田,真里恵
590,23.0,多田麻里絵,多田,麻里絵
591,21.0,越後はる香,越後,はる香
592,27.0,影山ミク,影山,ミク
593,21.0,喜多乃愛,喜多,乃愛
594,21.0,山本瑚々南,山本,瑚々南
595,23.0,木下晴香,木下,晴香
596,29.0,仁科咲姫,仁科,咲姫
597,24.0,山川未菜,山川,未菜
598,29.0,東恵利奈,東,恵利奈
599,25.0,神田朝香,神田,朝香
600,21.0,植田雅,植田,雅
601,23.0,白石聖,白石,聖
602,20.0,赤崎月香,赤崎,月香
603,26.0,田村彩絵,田村,彩絵
604,25.0,佐分利眞由奈,佐分利,眞由奈
605,24.0,中川可菜,中川,可菜
606,23.0,葵わかな,葵,わかな
607,26.0,岩田陽葵,岩田,陽葵
608,20.0,東出薫,東出,薫
609,27.0,清水くるみ,清水,くるみ
610,28.0,池田琴弥,池田,琴弥
611,23.0,小田安珠,小田,安珠
612,27.0,高山璃子,高山,璃子
613,24.0,山川未菜,山川,未菜
614,29.0,柳田衣里佳,柳田,衣里佳
615,29.0,田森美咲,田森,美咲
616,28.0,栗咲寛子,栗咲,寛子
618,23.0,新平真里亜,新平,真里亜
619,21.0,花坂椎南,花坂,椎南
620,26.0,加藤美月,加藤,美月
621,28.0,星嶺美,星嶺,美
622,21.0,熊谷彩春,熊谷,彩春
624,29.0,紀真耶,紀,真耶
625,28.0,奥仲麻琴,奥仲,麻琴
626,24.0,星名美雨,星名,美雨
627,28.0,野村真由美,野村,真由美
628,23.0,葉月智子,葉月,智子
629,20.0,平川結月,平川,結月
630,24.0,眞木めい,眞木,めい
631,26.0,田代明,田代,明
632,22.0,斎藤アリーナ,斎藤,アリーナ
633,25.0,林真帆,林,真帆
634,29.0,加村真美,加村,真美
636,27.0,萩原和佳奈,萩原,和佳奈
637,28.0,米盛有彩,米盛,有彩
638,24.0,金子理江,金子,理江
639,29.0,野澤史果,野澤,史果
640,27.0,宮瀬彩加,宮瀬,彩加
642,24.0,尾上瑞季,尾上,瑞季
643,26.0,田代明,田代,明
644,27.0,内藤蓮美,内藤,蓮美
645,25.0,奥田佳弥子,奥田,佳弥子
646,21.0,内藤那月,内藤,那月
647,25.0,林真帆,林,真帆
648,26.0,松浦雅,松浦,雅
650,27.0,宮瀬彩加,宮瀬,彩加
651,24.0,尾上瑞季,尾上,瑞季
652,28.0,古小路唯加,古小路,唯加
653,28.0,武井梨夏,武井,梨夏
654,23.0,牧野真鈴,牧野,真鈴
655,27.0,山下メイ,山下,メイ
656,29.0,田中美晴,田中,美晴
657,22.0,大谷凜香,大谷,凜香
658,24.0,寒竹優衣,寒竹,優衣
659,20.0,山本響,山本,響
660,28.0,城戸愛莉,城戸,愛莉
661,28.0,西井雅,西井,雅
662,29.0,清水真生,清水,真生
663,20.0,森日菜美,森日,菜美
664,23.0,西田心,西田,心
665,26.0,松村芽久未,松村,芽久未
666,24.0,長谷川桃子,長谷川,桃子
667,22.0,七瀬りの,七瀬,りの
669,28.0,板倉美穂,板倉,美穂
670,25.0,野本ほたる,野本,ほたる
671,29.0,小林亜美,小林,亜美
672,25.0,森田望智,森田,望智
673,20.0,向後佳乃子,向後,佳乃子
674,22.0,紺野彩夏,紺野,彩夏
675,20.0,菊池日菜子,菊池,日菜子
676,25.0,安田聖愛,安田,聖愛
677,27.0,橘歩惟,橘,歩惟
678,20.0,富田明里,富田,明里
679,27.0,山田詩織,山田,詩織
681,28.0,石川恋,石川,恋
682,27.0,木竜麻生,木,竜麻生
683,27.0,金井麻衣,金井,麻衣
684,26.0,森友理沙,森,友理沙
685,22.0,國森桜,國森,桜
686,23.0,小西桜子,小西,桜子
687,29.0,北園央花,北園,央花
688,23.0,須賀一天,須賀,一天
689,21.0,鈴木美羽,鈴木,美羽
690,26.0,大里莉楠,大,里莉楠
691,26.0,逢沢凛,逢沢,凛
692,27.0,星名利華,星名,利華
693,29.0,遠藤三貴,遠藤,三貴
694,25.0,片山友希,片山,友希
695,28.0,中神円,中神,円
696,21.0,長瀬美津木,長瀬,美津木
697,21.0,小林柚葉,小林,柚葉
698,26.0,西園みすず,西園,みすず
699,23.0,川井望鈴,川井,望鈴
700,26.0,岡ほのか,岡,ほのか
701,24.0,小林かれん,小林,かれん
702,23.0,古賀成美,古賀,成美
703,27.0,山崎夢子,山崎,夢子
704,28.0,七尾カンナ,七尾,カンナ
705,28.0,水嶋仁美,水嶋,仁美
706,26.0,前田千咲,前田,千咲
707,28.0,小田島渚,小田島,渚
708,29.0,知識真美,知識,真美
709,29.0,高柳愛実,高柳,愛実
710,22.0,鵜澤凜花,鵜澤,凜花
711,28.0,中村知花,中村,知花
712,26.0,宇田川かをり,宇田川,かをり
713,28.0,小森はるか,小森,はるか
714,28.0,三浦優奈,三浦,優奈
715,27.0,上杉莉子,上杉,莉子
716,28.0,山下聖良,山下,聖良
717,23.0,ダニエラ,ダ,ニエラ
718,28.0,山川優海,山川,優海
719,22.0,吉川日菜子,吉川,日菜子
720,29.0,佐藤裕夏,佐藤,裕夏
721,29.0,久野美咲,久野,美咲
722,23.0,中井千聖,中井,千聖
723,25.0,矢作穂香,矢,作穂香
724,21.0,菅井さくら,菅井,さくら
725,27.0,山地まり,山地,まり
726,29.0,大久保瑛美,大久保,瑛美
727,27.0,藤原令子,藤原,令子
728,26.0,柚りし菓,柚,りし菓
729,25.0,瀬口美乃,瀬口,美乃
730,22.0,吉川愛,吉川,愛
731,24.0,田中日奈子,田中,日奈子
732,23.0,日比美思,日比,美思
733,24.0,星野ありす,星野,ありす
734,26.0,今井理緒,今井,理緒
736,29.0,松林うらら(業務提携),松林,うらら(業務提携)
737,29.0,石志望,石,志望
738,28.0,山川優海,山川,優海
739,21.0,井頭愛海,井頭,愛海
740,24.0,真崎かれん,真崎,かれん
741,29.0,佐藤玲,佐藤,玲
742,28.0,久野みずき,久野,みずき
743,24.0,吉永アユリ,吉永,アユリ
744,28.0,古澤華,古澤,華
745,28.0,光宗薫,光,宗薫
746,24.0,日辻南海,日辻,南海
747,28.0,池松亜美,池松,亜美
748,29.0,真木ちはる,真木,ちはる
749,28.0,木村美月,木村,美月
750,28.0,鈴木一加,鈴木,一加
751,22.0,森田想,森田,想
752,27.0,鶴田有里菜,鶴田,有里菜
753,23.0,松岡佑実,松岡,佑実
754,26.0,中根末雅,中根,末雅
755,26.0,坂ノ上茜,坂ノ上,茜
757,27.0,清水富美加,清水,富美加
758,26.0,織田梨沙,織田,梨沙
759,28.0,仲鉢沙耶,仲鉢,沙耶
760,29.0,ジェイミー夏樹,ジェイミー,夏樹
761,28.0,畦田ひとみ,畦田,ひとみ
762,21.0,福本莉子,福本,莉子
763,21.0,佐久間乃愛,佐久間,乃愛
764,27.0,鶴田有里菜,鶴田,有里菜
765,20.0,森七菜,森,七菜
766,22.0,森田想,森田,想
767,26.0,織田梨沙,織田,梨沙
768,24.0,伊藤歌歩,伊藤,歌歩
769,28.0,畦田ひとみ,畦田,ひとみ
770,26.0,斎藤亜美,斎藤,亜美
771,21.0,鉄戸美桜,鉄戸,美桜
772,22.0,久保田紗友,久保田,紗友
773,25.0,小林万里子,小林,万里子
774,29.0,川口莉奈,川口,莉奈
776,21.0,北川美穂,北川,美穂
777,22.0,三上真生,三上,真生
778,22.0,高倉理子,高倉,理子
779,20.0,白石優愛,白石,優愛
780,29.0,特蕾沙,特,蕾沙
781,21.0,佐野あやめ,佐野,あやめ
782,21.0,平塚日菜,平塚,日菜
784,24.0,杉原亜実,杉原,亜実
785,25.0,榮林桃伽,榮林,桃伽
786,28.0,高野祐衣,高野,祐衣
787,24.0,伊島青,伊島,青
788,25.0,黒島結菜,黒島,結菜
789,28.0,小篠恵奈,小篠,恵奈
790,27.0,土田真里恵,土田,真里恵
791,25.0,吉田圭織,吉田,圭織
792,23.0,小田安珠,小田,安珠
793,21.0,喜多乃愛,喜多,乃愛
794,25.0,須藤叶希,須藤,叶希
795,27.0,清水くるみ,清水,くるみ
796,21.0,山田杏奈,山田,杏奈
797,23.0,木下晴香,木下,晴香
798,23.0,植野瑚子,植野,瑚子
799,29.0,東恵利奈,東,恵利奈
800,27.0,西野七瀬,西野,七瀬
801,23.0,白石聖,白石,聖
802,28.0,永瀬千裕,永瀬,千裕
803,24.0,宇野愛海,宇野,愛海
804,27.0,君島光輝,君島,光輝
805,26.0,吉岡茉祐,吉岡,茉祐
806,26.0,相馬毬花,相馬,毬花
807,21.0,喜多乃愛,喜多,乃愛
808,28.0,江見ひかる,江見,ひかる
809,28.0,池田琴弥,池田,琴弥
810,28.0,松田リマ,松田,リマ
811,21.0,八木優羽亜,八木,優羽亜
812,23.0,植野瑚子,植野,瑚子
813,28.0,西田彩香,西田,彩香
814,27.0,片桐美穂,片桐,美穂
815,23.0,根本凪,根本,凪
816,21.0,ついひじ杏奈,ついひじ,杏奈
817,29.0,栗原未来亜,栗原,未来亜
818,20.0,仲美海,仲,美海
819,23.0,影井ひな,影井,ひな
820,29.0,中林美桜,中林,美桜
821,28.0,トミタ栞,ト,ミタ栞
822,28.0,菅野莉央,菅野,莉央
823,28.0,池田琴弥,池田,琴弥
824,25.0,山崎あみ,山崎,あみ
825,22.0,斎藤アリーナ,斎藤,アリーナ
826,29.0,加村真美,加村,真美
827,20.0,仲美海,仲,美海
828,23.0,根本凪,根本,凪
829,25.0,松川星,松川,星
830,29.0,紀真耶,紀,真耶
831,27.0,佐藤誠純,佐藤,誠純
832,25.0,唯月ふうか,唯月,ふうか
833,24.0,北香那,北,香那
834,27.0,横山遥奈,横山,遥奈
835,29.0,木谷夢穂,木谷,夢穂
836,21.0,内藤那月,内藤,那月
837,27.0,結城モエ,結城,モエ
838,20.0,澄川サラ,澄川,サラ
839,28.0,栗咲寛子,栗咲,寛子
840,26.0,花岡みづほ,花岡,みづほ
841,22.0,水嶋凜,水嶋,凜
842,26.0,小泉萌香,小泉,萌香
843,28.0,星嶺美,星嶺,美
844,23.0,葉月智子,葉月,智子
845,29.0,木谷夢穂,木谷,夢穂
846,25.0,沢井遥,沢井,遥
847,26.0,久留島璃生,久留島,璃生
848,25.0,森田真由,森田,真由
849,25.0,小川紗良,小川,紗良
850,24.0,眞木めい,眞木,めい
851,21.0,祷キララ,祷,キララ
852,29.0,山下リオ,山下,リオ
853,27.0,内藤蓮美,内藤,蓮美
854,28.0,野村涼乃,野村,涼乃
855,26.0,平山沙絵,平山,沙絵
857,29.0,野澤史果,野澤,史果
858,28.0,古小路唯加,古小路,唯加
859,23.0,牧野真鈴,牧野,真鈴
860,28.0,岩間恵,岩間,恵
861,25.0,長谷川愛悠,長谷川,愛悠
862,27.0,寺下怜見,寺下,怜見
863,25.0,三村朱里,三村,朱里
864,22.0,水嶋夢,水嶋,夢
865,23.0,小田ひかり,小田,ひかり
866,21.0,箭内夢菜,箭内,夢菜
867,27.0,山本有美,山本,有美
868,29.0,辰巳シーナ,辰巳,シーナ
869,23.0,大幡しえり,大幡,しえり
870,25.0,古川琴音,古川,琴音
871,26.0,福吉真璃奈,福吉,真璃奈
872,27.0,永峰奈々,永峰,奈々
873,28.0,明香里,明,香里
874,25.0,豊原江理佳,豊原,江理佳
875,25.0,中西悠綺,中西,悠綺
876,24.0,古賀遥菜,古賀,遥菜
877,23.0,鳴海唯,鳴海,唯
879,24.0,桜井美南,桜井,美南
880,28.0,土許麻衣,土許,麻衣
881,29.0,藤山由依,藤山,由依
882,25.0,小澤直美,小澤,直美
883,27.0,山本有美,山本,有美
884,26.0,森友理沙,森,友理沙
885,29.0,辰巳シーナ,辰巳,シーナ
886,20.0,矢崎希菜,矢崎,希菜
887,26.0,上農雪菜,上農,雪菜
888,29.0,楓朋美,楓,朋美
889,27.0,磯部莉菜子,磯部,莉菜子
890,22.0,能勢うらら,能勢,うらら
891,21.0,鈴木美羽,鈴木,美羽
892,28.0,美濃部彩夏,美濃部,彩夏
893,25.0,豊泉志織,豊泉,志織
894,20.0,小島一華,小島,一華
895,21.0,榎本実優,榎本,実優
896,24.0,今若玲奈,今若,玲奈
897,21.0,栃尾海佑,栃尾,海佑
898,28.0,田原可南子,田原,可南子
899,21.0,長瀬美津木,長瀬,美津木
900,21.0,菊地桃子,菊地,桃子
901,26.0,栗原沙也加,栗原,沙也加
902,22.0,北向珠夕,北向,珠夕
903,25.0,矢作穂香,矢,作穂香
904,29.0,水木桜子,水木,桜子
905,24.0,小日向雪,小日向,雪
906,27.0,立野沙紀,立野,沙紀
907,21.0,菊地桃子,菊地,桃子
908,29.0,生越千晴,生越,千晴
909,24.0,清水聖波,清水,聖波
910,23.0,日比美思,日比,美思
911,26.0,MIO,M,IO
912,26.0,今井理緒,今井,理緒
913,29.0,今井ひかる,今井,ひかる
914,23.0,本西彩希帆,本西,彩希帆
915,26.0,坂田遥香,坂田,遥香
916,25.0,小太刀瑞姫,小太刀,瑞姫
917,25.0,喜井琴美,喜井,琴美
918,24.0,伊藤瑠南,伊藤,瑠南
919,24.0,福地桃子,福地,桃子
920,28.0,佐々木茜,佐々木,茜
921,27.0,田中真琴,田中,真琴
922,22.0,佐藤美咲,佐藤,美咲
923,24.0,江原舞,江原,舞
924,29.0,出口亜梨沙,出口,亜梨沙
925,29.0,寺川里奈,寺川,里奈
926,27.0,石倉直実,石倉,直実
927,20.0,松城凜,松城,凜
928,26.0,市來玲奈,市來,玲奈
929,27.0,藤間爽子,藤間,爽子
930,29.0,遠藤三貴,遠藤,三貴
931,21.0,佐々木七海,佐々木,七海
932,28.0,七尾カンナ,七尾,カンナ
933,24.0,田中日奈子,田中,日奈子
934,20.0,蒼波純,蒼波,純
935,27.0,山崎夢子,山崎,夢子
936,28.0,小田島渚,小田島,渚
937,22.0,鵜澤凜花,鵜澤,凜花
938,20.0,其原有沙,其原,有沙
939,25.0,前田瀬奈,前田瀬,奈
940,22.0,志田彩良,志田,彩良
941,26.0,原望奈美,原,望奈美
942,22.0,大島有優海,大島,有優海
943,21.0,出津玲奈,出津,玲奈
944,28.0,山下聖良,山下,聖良
945,27.0,山本紗也,山本,紗也
946,29.0,佐藤裕夏,佐藤,裕夏
947,25.0,喜井琴美,喜井,琴美
948,24.0,伊藤瑠南,伊藤,瑠南
949,28.0,佐々木茜,佐々木,茜
950,28.0,小宮有紗,小宮,有紗
951,24.0,小松美月,小松,美月
952,28.0,椎名琴音,椎名,琴音
953,29.0,宮下実季,宮下,実季
954,29.0,中西彩加,中西,彩加
955,26.0,中根末雅,中根,末雅
956,22.0,南乃彩希,南,乃彩希
957,20.0,熊倉結菜,熊倉,結菜
958,26.0,渡辺聖花,渡辺,聖花
959,21.0,小西はる,小西,はる
960,21.0,我妻桃実,我妻,桃実
961,22.0,佐藤美咲,佐藤,美咲
962,25.0,東李苑,東,李苑
963,29.0,眞柄美里,眞柄,美里
964,21.0,佐久間乃愛,佐久間,乃愛
965,26.0,佐藤奈織美,佐藤,奈織美
966,28.0,鈴木一加,鈴木,一加
967,26.0,永島あゆみ,永島,あゆみ
968,26.0,藤原さくら,藤原,さくら
970,28.0,松本さえ子,松本,さえ子
971,25.0,香乃ゆうみ,香乃,ゆうみ
972,28.0,秋乃ゆに,秋乃,ゆに
973,22.0,久保田紗友,久保田,紗友
974,23.0,安保彩世,安保,彩世
975,22.0,高倉理子,高倉,理子
976,23.0,平井玲朱,平井,玲朱
977,29.0,特蕾沙,特,蕾沙
978,25.0,小柳まいか,小柳,まいか
979,26.0,太田唯,太田,唯
980,28.0,島居香奈,島居,香奈
981,28.0,松井りな,松井,りな
982,22.0,水野由結,水野,由結
983,21.0,天野菜月,天野,菜月
984,28.0,長井短,長井,短
985,20.0,小出紗加,小出,紗加
986,29.0,マリアユリコ,マ,リアユリコ
987,22.0,近藤里沙,近藤,里沙
988,29.0,石塚かえで,石塚,かえで
989,27.0,村崎真彩,村崎,真彩
990,25.0,坂口茉琴,坂口,茉琴
991,21.0,斉藤春貴,斉藤,春貴
992,27.0,藤井武美,藤井,武美
994,24.0,平野萌香,平野,萌香
995,25.0,倉持聖菜,倉持,聖菜
996,22.0,札内萌花,札内,萌花
997,28.0,酒井朝子,酒井,朝子
998,28.0,松本さえ子,松本,さえ子
999,22.0,富田望生,富田,望生
1000,25.0,平岡夢菜,平岡,夢菜
1001,25.0,榮林桃伽,榮林,桃伽
1002,24.0,伊島青,伊島,青
1003,23.0,丸りおな,丸,りおな
1004,29.0,小倉史織,小倉,史織
1005,27.0,中村綾乃,中村,綾乃
1006,23.0,葵わかな,葵,わかな
1007,28.0,西山ハイサ,西山,ハイサ
1008,29.0,仁科咲姫,仁科,咲姫
1009,20.0,赤崎月香,赤崎,月香
1010,27.0,青山美郷,青山,美郷
1011,25.0,矢野妃菜喜,矢野,妃菜喜
1012,23.0,岩田華怜,岩田,華怜
1013,22.0,葵叶望,葵叶,望
1014,23.0,高瀬岬,高瀬,岬
1015,26.0,塚越悠佳,塚越,悠佳
1016,28.0,加藤亜実,加藤,亜実
1017,21.0,山田杏奈,山田,杏奈
1018,24.0,宇野愛海,宇野,愛海
1019,22.0,崎本詩織,崎本,詩織
1020,25.0,榎木さりな,榎木,さりな
1021,21.0,望月美結,望月,美結
1022,27.0,君島光輝,君島,光輝
1023,25.0,河﨑莉奈,河﨑,莉奈
1024,26.0,吉岡茉祐,吉岡,茉祐
1025,29.0,安藤輪子,安藤輪,子
1026,22.0,安倍乙,安,倍乙
1027,28.0,池田琴弥,池田,琴弥
1028,21.0,井沢早希,井沢,早希
1029,26.0,岩田陽葵,岩田,陽葵
1030,26.0,江益凛,江,益凛
1031,27.0,君島光輝,君島,光輝
1032,27.0,影山ミク,影山,ミク
1033,21.0,ついひじ杏奈,ついひじ,杏奈
1034,24.0,眞木めい,眞木,めい
1036,29.0,小松美咲,小松,美咲
1037,26.0,田代明,田代,明
1038,28.0,栗咲寛子,栗咲,寛子
1039,29.0,木谷夢穂,木谷,夢穂
1040,28.0,野村涼乃,野村,涼乃
1041,25.0,宮田祐奈,宮田,祐奈
1042,29.0,里美黎,里,美黎
1043,20.0,平川結月,平川,結月
1044,24.0,眞木めい,眞木,めい
1045,22.0,斎藤アリーナ,斎藤,アリーナ
1046,27.0,内藤蓮美,内藤,蓮美
1047,27.0,水谷優希,水谷,優希
1048,26.0,久留島璃生,久留島,璃生
1049,27.0,神崎れな,神崎,れな
1050,28.0,米盛有彩,米盛,有彩
1051,29.0,杉浦琴乃,杉浦,琴乃
1052,26.0,松浦雅,松浦,雅
1053,21.0,あのん,あ,のん
1055,26.0,平山沙絵,平山,沙絵
1056,24.0,尾上瑞季,尾上,瑞季
1057,28.0,岩間恵,岩間,恵
1058,28.0,磯野未来,磯野,未来
1059,25.0,長谷川愛悠,長谷川,愛悠
1060,27.0,寺下怜見,寺下,怜見
1061,22.0,大谷凜香,大谷,凜香
1062,29.0,廣岡沙恵,廣岡,沙恵
1063,25.0,井越有彩,井越,有彩
1064,20.0,池田朱那,池田,朱那
1065,24.0,栗原シュナ,栗原,シュナ
1066,29.0,杉浦琴乃,杉浦,琴乃
1068,29.0,佐藤玖美,佐藤,玖美
1069,27.0,溝口恵,溝口,恵
1070,29.0,清水真生,清水,真生
1071,23.0,堀口紗奈,堀口,紗奈
1072,20.0,綾原舞妃,綾原,舞妃
1073,24.0,渡辺恵伶奈,渡辺,恵伶奈
1074,24.0,大坂美優,大坂,美優
1075,20.0,植木紗羅良,植木,紗羅良
1076,21.0,箭内夢菜,箭内,夢菜
1077,29.0,池山智瑛,池山,智瑛
1078,25.0,今川怜奈,今川,怜奈
1079,26.0,白石晴香,白石,晴香
1080,29.0,青野楓,青野,楓
1081,25.0,野本ほたる,野本,ほたる
1082,29.0,山田亜椰,山田,亜椰
1083,27.0,千北雅楽,千北,雅楽
1084,25.0,安田聖愛,安田,聖愛
1085,26.0,逢沢凛,逢沢,凛
1086,29.0,藤山由依,藤山,由依
1087,23.0,古橋舞悠,古橋,舞悠
1088,24.0,矢野優花,矢野,優花
1089,25.0,眞田望華,眞田,望華
1090,27.0,山田詩織,山田,詩織
1091,28.0,石川恋,石川,恋
1092,23.0,早乙女ゆう,早乙女,ゆう
1093,28.0,萩原一葉,萩原,一葉
1094,26.0,長戸梨乃,長戸,梨乃
1095,22.0,永瀬未留,永瀬,未留
1096,26.0,森友理沙,森,友理沙
1097,21.0,マーシュ彩,マーシ,ュ彩
1098,20.0,矢崎希菜,矢崎,希菜
1099,26.0,阿蘇小百合,阿蘇,小百合
1100,22.0,國森桜,國森,桜
1101,23.0,鳴海唯,鳴海,唯
1102,24.0,梅村結衣,梅村,結衣
1103,21.0,山本麻鈴,山本,麻鈴
1104,25.0,青山吉能,青山,吉能
1105,26.0,山口真帆,山口,真帆
1106,23.0,矢内美麻里,矢内,美麻里
1107,25.0,浅倉唯,浅倉,唯
1108,33.0,新垣結衣,新垣,結衣
1109,35.0,石原さとみ,石原,さとみ
1110,39.0,深田恭子,深田,恭子
1111,34.0,木村文乃,木村,文乃
1112,30.0,高畑充希,高畑,充希
1113,32.0,桐谷美玲,桐谷,美玲
1114,34.0,佐々木希,佐々木,希
1115,35.0,北川景子,北川,景子
1116,34.0,長澤まさみ,長澤,まさみ
1117,37.0,平愛梨,平,愛梨
1118,39.0,真木よう子,真木,よう子
1119,35.0,井上真央,井上,真央
1120,34.0,榮倉奈々,榮倉,奈々
1121,33.0,堀北真希,堀北,真希
1122,36.0,綾瀬はるか,綾瀬,はるか
1123,36.0,上戸彩,上戸,彩
1124,33.0,吉高由里子,吉高,由里子
1125,36.0,満島ひかり,満島,ひかり
1126,35.0,沢尻エリカ,沢尻,エリカ
1127,33.0,中村静香,中村,静香
1128,34.0,倉科カナ,倉科,カナ
1129,30.0,内田理央,内田,理央
1130,31.0,エマ・ワトソン,エ,マ・ワトソン
1131,36.0,宮崎あおい,宮崎,あおい
1132,33.0,多部未華子,多部,未華子
1134,33.0,戸田恵梨香,戸田,恵梨香
1135,36.0,相武紗季,相武,紗季
1136,37.0,栗山千明,栗山,千明
1137,36.0,木南晴夏,木南,晴夏
1138,31.0,蓮佛美沙子,蓮佛,美沙子
1139,35.0,上野樹里,上野,樹里
1140,37.0,松下奈緒,松下,奈緒
1141,32.0,黒木華,黒木,華
1142,30.0,岸明日香,岸,明日香
1144,39.0,吹石一恵,吹石,一恵
1145,38.0,香里奈,香,里奈
1146,31.0,北乃きい,北乃,きい
1147,36.0,蒼井優,蒼井,優
1149,35.0,比嘉愛未,比嘉,愛未
1151,33.0,高梨臨,高,梨臨
1152,32.0,仲里依紗,仲,里依紗
1153,36.0,安藤サクラ,安藤,サクラ
1154,30.0,瀧本美織,瀧本,美織
1155,33.0,黒木メイサ,黒木,メイサ
1156,33.0,ホラン千秋,ホラン,千秋
1157,36.0,西山茉希,西山,茉希
1158,31.0,大政絢,大,政絢
1159,36.0,貫地谷しほり,貫地谷,しほり
1160,31.0,丸高愛実,丸高,愛実
1161,36.0,市川由衣,市川,由衣
1162,37.0,misono,m,isono
1163,35.0,高橋愛,高橋,愛
1164,34.0,原幹恵,原,幹恵
1165,31.0,マーゴット・ロビー,マ,ーゴット・ロビー
1166,30.0,武田梨奈,武田,梨奈
1167,34.0,本仮屋ユイカ,本仮屋,ユイカ
1168,30.0,飛鳥凛,飛鳥,凛
1169,31.0,南沢奈央,南沢,奈央
1170,31.0,谷村美月,谷村,美月
1171,37.0,臼田あさ美,臼田,あさ美
1172,39.0,加藤あい,加藤,あい
1173,38.0,後藤理沙,後藤,理沙
1174,30.0,逢沢りな,逢沢,りな
1175,37.0,三津谷葉子,三津谷,葉子
1176,38.0,土屋アンナ,土屋,アンナ
1177,30.0,岸井ゆきの,岸井,ゆきの
1178,38.0,水川あさみ,水川,あさみ
1179,32.0,杉本有美,杉本,有美
1180,36.0,加藤夏希,加藤,夏希
1181,33.0,藤井美菜,藤井,美菜
1182,34.0,鈴木杏,鈴木,杏
1183,36.0,前田亜季,前田,亜季
1184,38.0,宮地真緒,宮地,真緒
1185,39.0,菊池亜希子,菊池,亜希子
1186,33.0,佐津川愛美,佐津川,愛美
1187,35.0,香椎由宇,香椎,由宇
1188,31.0,福田沙紀,福田,沙紀
1190,37.0,原田夏希,原田,夏希
1191,34.0,黒川芽以,黒川,芽以
1192,32.0,黒川智花,黒川,智花
1193,38.0,平山あや,平山,あや
1194,38.0,今井絵理子,今井,絵理子
1195,35.0,岩佐真悠子,岩佐,真悠子
1196,34.0,芳賀優里亜,芳賀,優里亜
1197,39.0,中村愛美,中村,愛美
1198,32.0,小林涼子,小林,涼子
1199,38.0,長澤奈央,長澤,奈央
1200,37.0,矢吹春奈,矢吹,春奈
1201,38.0,松本若菜,松本,若菜
1202,30.0,福原かれん,福原,かれん
1203,38.0,宮崎瑠依,宮崎,瑠依
1204,31.0,夏目鈴,夏目,鈴
1205,32.0,野崎萌香,野崎,萌香
1206,31.0,岩田さゆり,岩田,さゆり
1207,38.0,大和田美帆,大和田,美帆
1208,36.0,酒井彩名,酒井,彩名
1209,31.0,樋井明日香,樋井,明日香
1210,39.0,ちすん,ち,すん
1211,39.0,高山都,高山,都
1212,38.0,野村佑香,野村,佑香
1213,33.0,徳永えり,徳永,えり
1215,39.0,藤澤恵麻,藤澤,恵麻
1216,30.0,しほの涼,し,ほの涼
1217,39.0,宮下ともみ,宮下,ともみ
1218,36.0,笹本玲奈,笹本,玲奈
1219,34.0,辰巳奈都子,辰巳,奈都子
1220,35.0,Erina,E,rina
1221,30.0,池澤あやか,池澤,あやか
1222,33.0,泉里香,泉,里香
1223,33.0,近野成美,近野,成美
1224,33.0,渡辺舞,渡辺,舞
1225,32.0,鉢嶺杏奈,鉢嶺,杏奈
1226,35.0,末永遥,末永,遥
1227,36.0,入山法子,入山,法子
1228,32.0,垣内彩未,垣内,彩未
1229,39.0,椎名法子,椎名,法子
1230,32.0,入来茉里,入来,茉里
1231,37.0,笹野鈴々音,笹野,鈴々音
1232,35.0,井上安世,井上,安世
1233,31.0,柳英里紗,柳,英里紗
1234,39.0,吉野紗香,吉野,紗香
1235,30.0,吉谷彩子,吉谷,彩子
1236,36.0,長谷部優,長谷部,優
1237,34.0,沢井美優,沢井,美優
1238,38.0,柴本幸,柴本,幸
1239,37.0,渡辺奈緒子,渡辺,奈緒子
1240,37.0,松木里菜,松木,里菜
1241,34.0,西原亜希,西原,亜希
1242,35.0,田中萌,田中,萌
1243,34.0,佃井皆美,佃井,皆美
1244,37.0,吉田仁美,吉田,仁美
1245,34.0,滝裕可里,滝,裕可里
1246,31.0,柳生みゆ,柳生,みゆ
1247,33.0,齊藤夢愛,齊藤,夢愛
1248,30.0,小林さり,小林,さり
1249,35.0,青山玲子,青山,玲子
1250,30.0,松山メアリ,松山,メアリ
1251,32.0,赤松悠実,赤松,悠実
1252,39.0,大貫杏里,大貫,杏里
1253,30.0,愛希れいか,愛希,れいか
1254,33.0,清水ゆう子,清水,ゆう子
1255,30.0,西平風香,西平,風香
1256,36.0,うえむらちか,う,えむらちか
1258,36.0,上野なつひ,上野,なつひ
1259,35.0,浦えりか,浦,えりか
1260,32.0,永岡真実,永岡,真実
1261,32.0,林丹丹,林丹,丹
1262,35.0,朝倉えりか,朝倉,えりか
1263,32.0,長谷川愛,長谷川,愛
1264,33.0,志田光,志田,光
1265,31.0,木下美咲,木下,美咲
1266,39.0,内田慈,内田,慈
1267,38.0,南里侑香,南里,侑香
1268,39.0,金子さやか,金子,さやか
1269,30.0,山口ひかり,山口,ひかり
1270,39.0,白田久子,白田,久子
1271,39.0,安藤希,安藤,希
1272,39.0,乙黒えり,乙黒,えり
1273,39.0,初音映莉子,初音,映莉子
1274,36.0,中村果生莉,中村,果生莉
1275,38.0,守田菜生,守田,菜生
1276,38.0,須藤温子,須藤,温子
1277,38.0,岡あゆみ,岡,あゆみ
1278,39.0,三井智映子,三井,智映子
1279,37.0,岡村麻純,岡村,麻純
1280,31.0,韓英恵,韓,英恵
1281,36.0,長谷部瞳,長谷部,瞳
1283,34.0,阿井莉沙,阿井,莉沙
1284,34.0,村田綾,村田,綾
1285,36.0,永池南津子,永池,南津子
1286,30.0,緑友利恵,緑,友利恵
1287,35.0,秋山桃子,秋山,桃子
1288,37.0,大村彩子,大村,彩子
1289,36.0,宮嶋麻衣,宮嶋,麻衣
1290,34.0,井端珠里,井端,珠里
1291,32.0,はねゆり,は,ねゆり
1292,31.0,寺島咲,寺島,咲
1293,36.0,米澤史織,米澤,史織
1294,36.0,加藤理恵,加藤,理恵
1295,39.0,関口まい,関口,まい
1296,34.0,右手愛美,右手,愛美
1297,39.0,小野麻亜矢,小野,麻亜矢
1298,37.0,尾身美詞,尾身,美詞
1299,31.0,松山愛里,松山,愛里
1300,38.0,中丸シオン,中丸,シオン
1301,32.0,奈津子,奈津,子
1302,36.0,海老瀬はな,海老瀬,はな
1303,37.0,篠原真衣,篠原,真衣
1304,37.0,桂亜沙美,桂,亜沙美
1305,35.0,水谷妃里,水谷,妃里
1306,34.0,高瀬友規奈,高瀬,友規奈
1307,36.0,派谷恵美,派谷,恵美
1308,35.0,安川結花,安川,結花
1309,35.0,田中えみ,田中,えみ
1310,39.0,重泉充香,重泉,充香
1311,38.0,尾崎由衣,尾崎,由衣
1312,36.0,新井みずか,新井,みずか
1313,39.0,石川紗彩,石川,紗彩
1314,37.0,松岡恵望子,松岡,恵望子
1315,34.0,松田まどか,松田,まどか
1316,39.0,荻野友里,荻野,友里
1317,39.0,松下萌子,松下,萌子
1318,31.0,尾高杏奈,尾高,杏奈
1320,38.0,豊島由佳梨,豊島,由佳梨
1321,31.0,本間理紗,本間,理紗
1322,38.0,吉岡奈都美,吉岡,奈都美
1323,37.0,大塚加奈子,大塚,加奈子
1324,31.0,松岡未紗,松岡,未紗
1325,39.0,栗山絵美,栗山,絵美
1326,31.0,三村ゆうな,三村,ゆうな
1327,37.0,松岡璃奈子,松岡,璃奈子
1328,30.0,藤村聖子,藤村,聖子
1329,38.0,小深山菜美,小深山,菜美
1330,39.0,村井麻友美,村井,麻友美
1331,36.0,義達祐未,義達,祐未
1332,37.0,菅由彩子,菅由,彩子
1333,32.0,伊藤未希,伊藤,未希
1334,33.0,大山貴世,大山,貴世
1335,38.0,尾崎亜衣,尾崎,亜衣
1336,35.0,小野まりえ,小野,まりえ
1337,37.0,金澤ゆかり,金澤,ゆかり
1338,32.0,高平成美,高平,成美
1339,36.0,藤澤志帆,藤澤,志帆
1340,36.0,関根香菜,関根,香菜
1341,38.0,清水沙映,清水,沙映
1342,31.0,高畠華澄,高畠,華澄
1343,30.0,宮原理子,宮原,理子
1344,36.0,戸田比呂子,戸田,比呂子
1345,37.0,兵頭祐香,兵頭,祐香
1346,39.0,長尾奈奈,長尾,奈奈
1347,37.0,北浦実千枝,北浦,実千枝
1348,38.0,吉岡あや,吉岡,あや
1349,30.0,松尾寧夏,松尾,寧夏
1350,39.0,安部智凛,安部,智凛
1351,33.0,石丸奈菜美,石丸,奈菜美
1352,35.0,平井愛子,平井,愛子
1353,39.0,麻見奈央,麻見,奈央
1354,32.0,蓮菜貴子,蓮,菜貴子
1355,37.0,山下結穂,山下,結穂
1356,35.0,菅崎あみ,菅崎,あみ
1357,37.0,芝井美香,芝井,美香
1358,37.0,貫井りらん,貫井,りらん
1359,34.0,廣田朋菜,廣田,朋菜
1360,30.0,大倉梓,大倉,梓
1361,38.0,片桐はづき,片桐,はづき
1362,36.0,坂本真衣,坂本,真衣
1363,36.0,大蔵淳子,大蔵,淳子
1364,39.0,田辺愛美,田辺,愛美
1365,38.0,坂崎愛,坂崎,愛
1366,33.0,菅原雪,菅原,雪
1367,33.0,中浜奈美子,中浜,奈美子
1368,31.0,山本ひかる,山本,ひかる
1369,30.0,和田安佳莉,和田,安佳莉
1370,37.0,橋本マナミ,橋本,マナミ
1371,34.0,松尾幸実,松尾,幸実
1372,37.0,美村里江（ミムラ）,美村里江,（ミムラ）
1373,36.0,シャーロット・ケイト・フォックス,シ,ャーロット・ケイト・フォックス
1374,31.0,東亜優,東,亜優
1375,30.0,松井玲奈,松井,玲奈
1376,30.0,岡本玲,岡本,玲
1377,38.0,嶋﨑亜美,嶋﨑,亜美
1378,35.0,桜井ユキ,桜井,ユキ
1379,33.0,小泉麻耶,小泉,麻耶
1380,36.0,天乃舞衣子,天乃,舞衣子
1381,31.0,片山萌美,片山,萌美
1382,32.0,若松春奈,若松,春奈
1383,39.0,田中美保,田中,美保
1384,31.0,野村麻純,野村,麻純
1385,36.0,大塚千弘,大塚,千弘
1386,36.0,秋山莉奈,秋山,莉奈
1387,37.0,斉藤彩,斉藤,彩
1388,35.0,歌原奈緒,歌原,奈緒
1389,39.0,松山愛佳,松山,愛佳
1390,30.0,藤原希,藤原,希
1391,30.0,岩田ゆい,岩田,ゆい
1392,36.0,木田ゆきの,木田,ゆきの
1393,33.0,小田あさ美,小田,あさ美
1394,37.0,鈴木茜,鈴木,茜
1395,38.0,桜まゆみ,桜,まゆみ
1396,32.0,寉岡瑞希,寉岡,瑞希
1397,34.0,赤松唯,赤松,唯
1398,38.0,桜川博子,桜川,博子
1399,34.0,桝木亜子,桝木,亜子
1400,35.0,金田爽,金田,爽
1401,32.0,岩田麻衣,岩田,麻衣
1402,35.0,高橋真子,高橋,真子
1403,39.0,市川佳代子,市川,佳代子
1404,37.0,水嶋友香,水嶋,友香
1405,30.0,半田杏,半田,杏
1406,35.0,田中良子,田中,良子
1407,37.0,渡邊安理,渡邊,安理
1408,34.0,小崎愛美理,小崎,愛美理
1409,34.0,横田恵美,横田,恵美
1410,33.0,水野夏美,水野,夏美
1411,35.0,植田ゆう希,植田,ゆう希
1412,36.0,斎藤ナツ子,斎藤,ナツ子
1413,38.0,小暮智美,小暮,智美
1414,38.0,加藤裕月,加藤,裕月
1415,37.0,花田亜由美,花田,亜由美
1416,37.0,鎌田麻里名,鎌田,麻里名
1417,37.0,壬生狼朖,壬生,狼朖
1418,39.0,五月涼子,五月,涼子
1419,37.0,本間理恵,本間,理恵
1420,38.0,中井綾子,中井,綾子
1421,38.0,川原多美子,川原,多美子
1422,39.0,東原亜希,東原,亜希
1423,38.0,磯山さやか,磯山,さやか
1424,33.0,森絵梨佳,森,絵梨佳
1425,36.0,川村ゆきえ,川村,ゆきえ
1426,39.0,熊田曜子,熊田,曜子
1427,38.0,天野久美子,天野,久美子
1428,39.0,小林真梨子,小林,真梨子
1429,38.0,池田和,池田,和
1430,34.0,栗田裕里,栗田,裕里
1431,36.0,木口亜矢,木口,亜矢
1432,33.0,新垣里沙,新垣,里沙
1433,38.0,前田愛,前田,愛
1434,37.0,島袋寛子,島袋,寛子
1435,37.0,マイコ,マ,イコ
1436,39.0,小林恵美,小林,恵美
1437,30.0,麻亜里,麻,亜里
1438,36.0,田代さやか,田代,さやか
1439,36.0,三倉茉奈,三倉,茉奈
1440,36.0,三倉佳奈,三倉,佳奈
1441,37.0,仁科仁美,仁科,仁美
1442,32.0,石川由依,石川,由依
1443,36.0,松本さゆき,松本,さゆき
1444,39.0,福島和可菜,福島,和可菜
1445,39.0,英玲奈,英,玲奈
1446,37.0,國立幸,國立,幸
1447,31.0,稲富菜穂,稲富,菜穂
1448,35.0,中川杏奈,中川,杏奈
1449,39.0,大谷みつほ,大谷,みつほ
1450,39.0,稲村優奈,稲村,優奈
1451,31.0,南結衣,南,結衣
1452,39.0,太田在,太田,在
1453,34.0,富田麻帆,富田,麻帆
1454,39.0,池田加世子,池田,加世子
1456,38.0,高木あずさ,高木,あずさ
1457,30.0,小林万桜,小林,万桜
1458,34.0,立花彩野,立花,彩野
1459,34.0,池田愛,池田,愛
1460,33.0,斉藤麻衣,斉藤,麻衣
1461,31.0,佐野光来,佐野,光来
1462,36.0,佐倉真衣,佐倉,真衣
1463,30.0,大平夏美,大平,夏美
1464,37.0,花村怜美,花村,怜美
1465,31.0,仲村瑠璃亜,仲村,瑠璃亜
1466,39.0,吉田薫,吉田,薫
1467,34.0,吉川綾乃,吉川,綾乃
1468,39.0,高野愛,高野,愛
1469,35.0,椎葉えり,椎葉,えり
1470,38.0,田川可奈美,田川,可奈美
1471,38.0,中村美貴,中村,美貴
1472,39.0,渡部彩,渡部,彩
1473,31.0,笹丘明里,笹丘,明里
1474,39.0,田中いちえ,田中,いちえ
1475,35.0,千野裕子,千野,裕子
1476,36.0,西村直子,西村,直子
1477,35.0,小此木まり,小此木,まり
1478,38.0,廣谷友紀子,廣谷,友紀子
1479,38.0,さくら,さ,くら
1480,38.0,市井紗耶香,市井,紗耶香
1481,36.0,サヘル・ローズ,サ,ヘル・ローズ
1482,35.0,高畑こと美,高畑,こと美
1483,36.0,南まりか,南,まりか
1484,36.0,川村りか,川村,りか
1485,30.0,外岡えりか,外岡,えりか
1486,33.0,戸島花,戸島,花
1487,32.0,横田美紀,横田,美紀
1489,30.0,マナミ,マ,ナミ
1491,39.0,和泉佑三子,和泉,佑三子
1492,36.0,若木萌,若木,萌
1493,31.0,黒瀧まりあ,黒瀧,まりあ
1494,36.0,ハマカワフミエ,ハ,マカワフミエ
1496,32.0,石橋穂乃香,石橋,穂乃香
1497,39.0,東加奈子,東,加奈子
1498,36.0,石原あつ美,石原,あつ美
1499,37.0,山下若菜,山下,若菜
1500,33.0,黒澤ゆりか,黒澤,ゆりか
1501,34.0,サントスアンナ,サ,ントスアンナ
1502,30.0,田上真里奈,田上,真里奈
1503,37.0,MINJI,M,INJI
1504,38.0,加藤明日美,加藤,明日美
1505,37.0,星野涼子,星野,涼子
1506,36.0,小泉みゆき,小泉,みゆき
1507,39.0,鈴木彩子,鈴木,彩子
1508,38.0,たかはしゆい,た,かはしゆい
1509,38.0,永田依子,永田,依子
1510,36.0,加藤千尋,加藤,千尋
1511,31.0,湯川舞,湯川,舞
1512,37.0,佐藤みゆき,佐藤,みゆき
1513,35.0,阪田瑞穂,阪田,瑞穂
1515,33.0,松本理沙,松本,理沙
1516,35.0,鈴木彩,鈴木,彩
1517,31.0,石井美絵子,石井,美絵子
1518,32.0,湯本美咲,湯本,美咲
1519,33.0,森由佳,森,由佳
1520,35.0,永峰絵里加,永峰,絵里加
1521,39.0,鈴木亜希子,鈴木,亜希子
1522,34.0,梅舟惟永,梅,舟惟永
1523,34.0,栄木明日香,栄木,明日香
1524,36.0,まりゑ,ま,りゑ
1525,39.0,岡本有紀,岡本,有紀
1526,35.0,渡辺えりか,渡辺,えりか
1527,39.0,内田亜希子,内田,亜希子
1528,31.0,澤田由希,澤田,由希
1529,32.0,竹下明希,竹下,明希
1530,33.0,森林永理奈,森林,永理奈
1531,33.0,高田衿奈,高田,衿奈
1532,33.0,堀有里,堀,有里
1533,36.0,江原由夏,江原,由夏
1534,35.0,沢井彩華,沢井,彩華
1535,38.0,太田順子,太田,順子
1536,33.0,畠山智妃,畠山,智妃
1537,36.0,留奥麻依子,留奥,麻依子
1538,38.0,荘田由紀,荘田,由紀
1539,35.0,三宅真衣,三宅,真衣
1540,37.0,佐々木ちあき,佐々木,ちあき
1541,36.0,北川裕子,北川,裕子
1542,38.0,神津千恵,神津,千恵
1543,37.0,山口奈緒子,山口,奈緒子
1544,36.0,鯉迫ちほ,鯉迫,ちほ
1545,35.0,東松史子,東松,史子
1546,39.0,斉藤千夏,斉藤,千夏
1547,39.0,瀬戸夏実,瀬戸,夏実
1548,38.0,深谷美歩,深谷,美歩
1549,37.0,山田ゆり,山田,ゆり
1550,34.0,竹原久美子,竹原,久美子
1551,37.0,菊池真弓,菊池,真弓
1552,36.0,小出薫,小出,薫
1553,38.0,臼井志保,臼井,志保
1554,35.0,今井宏美,今井,宏美
1555,30.0,うえきみゆ,う,えきみゆ
1556,34.0,黒田めぐみ,黒田,めぐみ
1557,34.0,宮沢なお,宮沢,なお
1558,30.0,徳田公華,徳田,公華
1559,39.0,中野麻衣,中野,麻衣
1560,31.0,遠谷比芽子,遠谷,比芽子
1561,37.0,筒井奏,筒井,奏
1562,34.0,金子祐子,金子,祐子
1563,38.0,本多加奈,本多,加奈
1564,39.0,池野浩子,池野,浩子
1565,33.0,神谷美花,神谷,美花
1566,32.0,桃井杏里,桃井,杏里
1567,32.0,飯田千尋,飯田,千尋
1568,37.0,櫂作真帆,櫂作,真帆
1569,39.0,秋山千夏,秋山,千夏
1570,35.0,武川基,武川,基
1571,38.0,小西かいり,小西,かいり
1572,35.0,船越ミユキ,船越,ミユキ
1573,38.0,和田瑠璃葉,和田,瑠璃葉
1574,34.0,橘あんり,橘,あんり
1575,32.0,塩尻綾香,塩尻,綾香
1576,37.0,水谷圭見,水谷,圭見
1577,37.0,中村真綾,中村,真綾
1578,34.0,山内理沙,山内,理沙
1579,39.0,中村なおみ,中村,なおみ
1580,35.0,中里仁美,中里,仁美
1581,36.0,倉田悠貴,倉田,悠貴
1582,36.0,江口真帆,江口,真帆
1583,38.0,竹倉愛,竹倉,愛
1584,38.0,坂口アミ,坂口,アミ
1585,37.0,藤井咲有里,藤井,咲有里
1586,38.0,田村知佳,田村,知佳
1587,39.0,中家佐奈,中家,佐奈
1588,36.0,中里文音,中里,文音
1589,38.0,泉希衣子,泉,希衣子
1590,30.0,土方くるみ,土方,くるみ
1591,35.0,平田さくら,平田,さくら
1592,37.0,千田美智子,千田,美智子
1593,37.0,岩井千明,岩井,千明
1594,38.0,勝島乙江,勝島,乙江
1595,38.0,大堀恵,大堀,恵
1597,32.0,にわみきほ,に,わみきほ
1598,35.0,ハン・ヒョジュ,ハ,ン・ヒョジュ
1599,33.0,信江勇,信江,勇
1600,35.0,野々すみ花,野々,すみ花
1601,39.0,知花くらら,知花,くらら
1604,34.0,渡辺早織,渡辺,早織
1605,31.0,横井めぐみ,横井,めぐみ
1608,39.0,中島亜梨沙,中島,亜梨沙
1609,34.0,高橋まりえ,高橋,まりえ
1610,35.0,清水楓,清水,楓
1611,33.0,藤岡沙也香,藤岡,沙也香
1612,31.0,片山陽加,片山,陽加
1613,36.0,愛原実花,愛原,実花
1614,37.0,鈴木美穂,鈴木,美穂
1615,30.0,昆夏美,昆,夏美
1616,35.0,杜野まこ,杜野,まこ
1617,33.0,吉田香織,吉田,香織
1618,34.0,山本紗也加,山本,紗也加
1619,34.0,今村美乃,今村,美乃
1620,33.0,駒谷仁美,駒谷,仁美
1621,33.0,ダーブロウ有紗,ダーブロウ,有紗
1622,32.0,大浦育子,大浦,育子
1623,30.0,小林ひろみ,小林,ひろみ
1624,31.0,大西礼芳,大西,礼芳
1625,31.0,桜木梨奈,桜木,梨奈
1626,32.0,中山由香,中山,由香
1627,36.0,松本さやか,松本,さやか
1628,30.0,世羅りさ,世羅,りさ
1629,36.0,馬渕史香,馬渕,史香
1630,38.0,桜乃彩音,桜,乃彩音
1631,31.0,宮田愛子,宮田,愛子
1632,30.0,桜野みお,桜野,みお
1633,30.0,大蔵愛,大蔵,愛
1634,35.0,工藤真由,工藤,真由
1635,32.0,長谷川るみ,長谷川,るみ
1636,38.0,下園愛弓,下園,愛弓
1637,30.0,納富有沙,納富,有沙
1638,36.0,林裕子,林,裕子
1639,33.0,中村友香,中村,友香
1640,30.0,鮎川桃果,鮎川,桃果
1641,33.0,山本志保,山本,志保
1642,37.0,若井久美子,若井,久美子
1643,33.0,森優子,森,優子
1644,35.0,伊藤花菜,伊藤,花菜
1645,31.0,土井玲奈,土井,玲奈
1646,37.0,山本真由美,山本,真由美
1647,33.0,清水彩花,清水,彩花
1648,31.0,松島志歩,松島,志歩
1649,31.0,田中愛実,田中,愛実
1650,37.0,高田あゆみ,高田,あゆみ
1651,37.0,コトリッチ,コ,トリッチ
1652,32.0,児玉絹世,児玉,絹世
1653,36.0,山田真以,山田,真以
1654,34.0,斎藤美穂,斎藤,美穂
1655,35.0,相馬絵美,相馬,絵美
1656,32.0,本山由乃,本山,由乃
1657,30.0,石丸佐知,石丸,佐知
1658,37.0,白須慶子,白須,慶子
1659,30.0,小林風花,小林,風花
1660,30.0,吉田怜菜,吉田,怜菜
1661,37.0,可知寛子,可知,寛子
1662,33.0,東美樹,東,美樹
1663,33.0,中園彩香,中園,彩香
1664,30.0,菊池真琴,菊池,真琴
1665,35.0,野田久美子,野田,久美子
1666,31.0,大塚千尋,大塚,千尋
1667,30.0,山本麻貴,山本,麻貴
1668,35.0,山下知子,山下,知子
1669,32.0,仁科あい,仁科,あい
1670,36.0,小澤真利奈,小澤,真利奈
1671,35.0,角島美緒,角島,美緒
1672,30.0,市山京香,市山,京香
1673,35.0,小宮一葉,小宮,一葉
1674,32.0,芝崎めぐ,芝崎,めぐ
1675,33.0,佐々木歩夢,佐々木,歩夢
1676,31.0,小田原れみ,小田原,れみ
1677,36.0,川村絵梨,川村,絵梨
1679,39.0,佐々木綾香,佐々木,綾香
1680,38.0,山本博子,山本,博子
1681,30.0,中村円香,中村,円香
1682,34.0,原田美穂,原田,美穂
1683,32.0,山本奈美,山本,奈美
1684,35.0,Kiyoka,K,iyoka
1685,30.0,海老澤佳奈,海老澤,佳奈
1686,30.0,柴奏花,柴,奏花
1687,37.0,浅野千鶴,浅野,千鶴
1688,37.0,永井美香,永井,美香
1689,38.0,菊池明明,菊池,明明
1690,34.0,高橋渚,高橋,渚
1691,36.0,村井容子,村井,容子
1692,36.0,齋藤綾乃,齋藤,綾乃
1693,37.0,民本しょうこ,民本,しょうこ
1694,37.0,小倉百代,小倉,百代
1695,33.0,小林可奈,小林,可奈
1696,34.0,藤谷明日香,藤谷,明日香
1697,33.0,川面千晶,川面,千晶
1698,34.0,小川ひかる,小川,ひかる
1699,38.0,関谷春子,関谷,春子
1701,31.0,山本美紀子,山本,美紀子
1702,32.0,菊川史織,菊川,史織
1703,33.0,伊藤安那,伊藤,安那
1704,33.0,立川ユカ子,立川,ユカ子
1705,34.0,岸田エリ子,岸田,エリ子
1706,37.0,寺田浩子,寺田,浩子
1707,39.0,上杉美浩,上杉,美浩
1708,36.0,船越理恵,船越,理恵
1709,33.0,西みき,西,みき
1710,36.0,梅村綾子,梅村,綾子
1711,32.0,黒米千春,黒米,千春
1712,30.0,紫水杏奈,紫水,杏奈
1713,34.0,大浦千佳,大浦,千佳
1714,34.0,服部容子,服部,容子
1715,37.0,宮本奈津美,宮本,奈津美
1716,35.0,徳永梓,徳永,梓
1717,38.0,佐藤都輝子,佐藤,都輝子
1718,36.0,隅倉啓美,隅倉,啓美
1719,33.0,上村直子,上村,直子
1720,35.0,田口千尋,田口,千尋
1721,33.0,大内慶子,大内,慶子
1722,35.0,神庭美帆,神庭,美帆
1723,36.0,藤井桂,藤井,桂
1724,31.0,広瀬美晴,広瀬,美晴
1725,31.0,酒井波湖,酒井,波湖
1726,32.0,友城ちひろ,友城,ちひろ
1727,31.0,鈴木里彩,鈴木,里彩
1728,30.0,澤田栞,澤田,栞
1729,33.0,片桐由貴,片桐,由貴
1730,39.0,荒木理恵,荒木,理恵
1731,37.0,岩田麻衣子,岩田,麻衣子
1732,33.0,坂上嘉世,坂上,嘉世
1733,34.0,久木元かおり,久木元,かおり
1734,34.0,牧野綾花,牧野,綾花
1735,35.0,高橋エマ,高橋,エマ
1736,37.0,前村久美子,前村,久美子
1737,37.0,土橋陽子,土橋,陽子
1738,37.0,保田美帆,保田,美帆
1739,36.0,福田絵里,福田,絵里
1740,32.0,池田あやこ,池田,あやこ
1741,36.0,白井美貴,白井,美貴
1742,35.0,鹿野真央,鹿野,真央
1743,34.0,麻生唯,麻生,唯
1744,31.0,吉田優華,吉田,優華
1745,31.0,青山桜,青山,桜
1746,35.0,人見はる菜,人見,はる菜
1747,33.0,黒谷寛子,黒谷,寛子
1748,37.0,伊織有希,伊織,有希
1749,36.0,増岡裕子,増岡,裕子
1750,38.0,安野遥,安野,遥
1751,34.0,小園茉奈,小園,茉奈
1752,33.0,沢釈円,沢釈,円
1753,30.0,島津恵梨花,島津,恵梨花
1754,38.0,千葉ありさ,千葉,ありさ
1755,37.0,田中美甫,田中,美甫
1756,36.0,尾畑美依奈,尾畑,美依奈
1757,39.0,神田祥子,神田,祥子
1758,32.0,須藤智美,須藤,智美
1759,35.0,清水友貴,清水,友貴
1760,31.0,飯田彩,飯田,彩
1761,32.0,中山由紀,中山,由紀
1762,32.0,鈴木美弥子,鈴木,美弥子
1763,33.0,ひおき彩乃,ひおき,彩乃
1764,33.0,河辺奈緒,河辺,奈緒
1765,35.0,三森麻美,三森,麻美
1766,31.0,太田輝,太田,輝
1767,35.0,高橋優,高橋,優
1768,33.0,Sophie,S,ophie
1769,34.0,太田莉菜,太田,莉菜
1770,34.0,舞羽美海,舞羽,美海
1771,37.0,Chomo,C,homo
1772,34.0,松野井雅,松野井,雅
1773,31.0,奥野香耶,奥野,香耶
1774,34.0,美智子,美,智子
1775,31.0,青山あみ,青山,あみ
1776,30.0,三根梓,三根,梓
1778,33.0,七瀬りりこ,七瀬,りりこ
1779,35.0,竹内渉,竹内,渉
1780,30.0,小塚桃子,小塚,桃子
1781,31.0,谷川りさこ,谷川,りさこ
1782,34.0,阿部桃子,阿部,桃子
1783,38.0,和音美桜,和音,美桜
1784,34.0,大関英里,大関,英里
1785,34.0,山咲まりな,山咲,まりな
1787,34.0,国友愛佳,国友,愛佳
1788,30.0,椎名メグミ,椎名,メグミ
1789,31.0,畑山亜梨紗,畑山,亜梨紗
1790,31.0,島村舞花,島村,舞花
1791,32.0,たかはしあいこ,た,かはしあいこ
1792,34.0,榎あづさ,榎,あづさ
1793,33.0,粕谷奈美,粕谷,奈美
1794,34.0,田中裕美,田中,裕美
1795,37.0,森めぐみ,森,めぐみ
1796,35.0,國武綾,國,武綾
1797,32.0,甲斐千尋,甲斐,千尋
1798,30.0,岩崎舞,岩崎,舞
1799,32.0,富士子,富士,子
1800,35.0,安田カナ,安田,カナ
1801,32.0,桧山藍,桧山,藍
1802,33.0,えりす,え,りす
1803,38.0,後藤ユウミ,後藤,ユウミ
1804,31.0,英智佳,英,智佳
1805,30.0,吉田桃華,吉田,桃華
1806,30.0,陽菜えみる,陽菜,えみる
1807,30.0,白川悠衣,白川,悠衣
1808,32.0,福田愛美,福田,愛美
1809,34.0,上地由真,上地,由真
1810,30.0,高井智加,高井,智加
1811,38.0,香音有希,香音,有希
1812,31.0,潮美華,潮,美華
1813,33.0,本間愛花,本間,愛花
1814,34.0,板木彩香,板木,彩香
1815,33.0,原田樹里,原田,樹里
1816,34.0,吉田玲菜,吉田,玲菜
1817,34.0,池田朋子,池田,朋子
1818,34.0,竹内恵美,竹内,恵美
1819,35.0,木乃江祐希,木乃江,祐希
1820,30.0,加藤夏子,加藤,夏子
1821,35.0,吉野有美,吉野,有美
1822,37.0,丹羽麻由美,丹羽,麻由美
1823,33.0,小川綾,小川,綾
1824,32.0,落合萌,落合,萌
1825,35.0,天野朋子,天野,朋子
1826,34.0,尾藤亜衣,尾藤,亜衣
1827,33.0,上野みどり,上野,みどり
1828,33.0,内田靖子,内田,靖子
1829,33.0,関根愛,関根,愛
1830,32.0,吉田真由,吉田,真由
1831,35.0,西郷みゆき,西郷,みゆき
1832,34.0,湯浅香織,湯浅,香織
1833,32.0,辻本瑞貴,辻本,瑞貴
1834,38.0,遠藤瑠美子,遠藤,瑠美子
1835,38.0,橋本知佳,橋本,知佳
1836,38.0,高田和加子,高田,和加子
1837,33.0,大野香織,大野,香織
1838,33.0,亀田梨紗,亀田,梨紗
1839,32.0,藤田葵,藤田,葵
1840,36.0,高橋亜衣,高橋,亜衣
1841,32.0,藤田カロリーナ,藤田,カロリーナ
1842,36.0,大谷美貴,大谷,美貴
1843,32.0,日向紗代,日向,紗代
1844,30.0,伊藤沙弥香,伊藤,沙弥香
1845,36.0,堀畑杏奈,堀畑,杏奈
1846,36.0,松本有紀,松本,有紀
1847,39.0,相馬あこ,相馬,あこ
1848,34.0,渡部真由美,渡部,真由美
1849,34.0,江口愛,江口,愛
1850,38.0,延原舞,延原,舞
1851,35.0,村田志織,村田,志織
1852,34.0,大村仁望,大村,仁望
1853,34.0,前田詩織,前田,詩織
1854,31.0,松原由希子,松原,由希子
1855,31.0,ダンドイ舞莉花,ダンドイ,舞莉花
1856,31.0,中村沙樹,中村,沙樹
1857,32.0,永井菜摘,永井,菜摘
1858,39.0,白石景子,白石,景子
1859,32.0,伊東美和,伊東,美和
1860,30.0,橋元レイ,橋元,レイ
1861,34.0,中谷真由香,中谷,真由香
1862,33.0,床田菜摘,床田,菜摘
1863,34.0,由梨乃,由,梨乃
1864,33.0,サイモンズエリカ,サ,イモンズエリカ
1865,36.0,堀井綾香,堀井,綾香
1866,39.0,中林舞,中林,舞
1867,33.0,石井亜早実,石井,亜早実
1868,36.0,岩村菜々美,岩村,菜々美
1869,32.0,清田直美,清田,直美
1870,32.0,葉山美侑,葉山,美侑
1871,35.0,新井希望,新井,希望
1872,36.0,吉田恵理子,吉田,恵理子
1873,33.0,久保田真弓,久保田,真弓
1874,32.0,祐真キキ,祐真,キキ
1876,30.0,生田佳那,生田,佳那
1877,30.0,窪真理,窪,真理
1878,31.0,かなり,か,なり
1879,39.0,高橋ヒロ,高橋,ヒロ
1880,30.0,則松亜海,則松,亜海
1881,33.0,田中セシル,田中,セシル
1882,36.0,西川カナコ,西川,カナコ
1883,39.0,吉村紗耶香,吉村,紗耶香
1884,31.0,梛木美佳,梛木,美佳
1885,31.0,工藤采佳,工藤,采佳
1886,32.0,田代絵麻,田代,絵麻
1887,32.0,中根百合香,中根,百合香
1888,31.0,大内唯,大内,唯
1889,37.0,松本なお,松本,なお
1890,30.0,広瀬さや,広瀬,さや
1891,30.0,阿部ひかり,阿部,ひかり
1892,39.0,木村夏子,木村,夏子
1893,30.0,星美咲,星,美咲
1894,32.0,増田亜沙,増田,亜沙
1895,35.0,堀田祥子,堀田,祥子
1896,30.0,二見香帆,二見,香帆
1897,31.0,福間美里,福間,美里
1898,34.0,髙橋尚子,髙橋,尚子
1899,31.0,谷川智美,谷川,智美
1900,39.0,うえのやまさおり,う,えのやまさおり
1901,31.0,小野瀬舞,小野瀬,舞
1902,37.0,加茂杏子,加茂,杏子
1903,38.0,福原まゆみ,福原,まゆみ
1904,33.0,金松彩夏,金松,彩夏
1905,36.0,中尾真弓,中尾,真弓
1906,35.0,小林まり枝,小林,まり枝
1907,35.0,保可南,保,可南
1908,39.0,墨井鯨子,墨井,鯨子
1909,38.0,熊坂理恵子,熊坂,理恵子
1910,34.0,石川裕梨,石川,裕梨
1911,32.0,成田朱里,成田,朱里
1912,34.0,柏尾志保,柏尾,志保
1913,32.0,小野ゆり子,小野,ゆり子
1914,35.0,坂口沙由理,坂口,沙由理
1915,33.0,倉崎由衣,倉崎,由衣
1916,39.0,水田珠美,水田,珠美
1917,39.0,宮田和美,宮田,和美
1918,34.0,細谷奈央,細谷,奈央
1919,34.0,吉野由香,吉野,由香
1920,34.0,元川浩子,元川,浩子
1921,33.0,福元茜,福元,茜
1922,37.0,網師野純,網師野,純
1923,37.0,あいざわみほ,あ,いざわみほ
1924,37.0,香月彩里,香月,彩里
1925,37.0,穂積由香,穂積,由香
1926,35.0,三森すずこ,三森,すずこ
1927,34.0,祭美和,祭,美和
1928,35.0,羽賀奈美,羽賀,奈美
1929,36.0,西岡未央,西岡,未央
1930,30.0,後藤希望,後藤,希望
1931,36.0,山本ナオミ,山本,ナオミ
1932,33.0,椿弓里奈,椿,弓里奈
1933,31.0,藤嶋美伶,藤嶋,美伶
1934,30.0,深川麻衣,深川,麻衣
1935,38.0,今吉祥子,今吉,祥子
1936,38.0,住吉美希,住吉,美希
1937,37.0,保田麻衣,保田,麻衣
1938,35.0,近藤悠里,近藤,悠里
1939,39.0,岡野真那美,岡野,真那美
1940,35.0,近江麻衣子,近江,麻衣子
1941,37.0,朝比奈かおる,朝比奈,かおる
1942,37.0,下村侑子,下村,侑子
1943,35.0,エミリア・クラーク,エ,ミリア・クラーク
1944,39.0,片倉智子,片倉,智子
1945,39.0,林恵里佳,林,恵里佳
1946,31.0,三田悠希,三田,悠希
1947,36.0,酒本冴,酒本,冴
1948,34.0,丸山加代子,丸山,加代子
1949,38.0,黒川千明,黒川,千明
1950,38.0,寺島ゆうか,寺島,ゆうか
1951,37.0,田嶋真弓,田嶋,真弓
1952,34.0,野田恵理子,野田,恵理子
1953,32.0,木原梨里子,木原,梨里子
1954,37.0,辻村優子,辻村,優子
1955,38.0,フェリシティ・ジョーンズ,フ,ェリシティ・ジョーンズ
1956,39.0,コビー・スマルダース,コ,ビー・スマルダース
1957,37.0,アリソン・スドル,ア,リソン・スドル
1958,39.0,エミリー・ブラント,エ,ミリー・ブラント
1959,38.0,レベッカ・ファーガソン,レ,ベッカ・ファーガソン
1960,35.0,ヘイリー・ベネット,ヘ,イリー・ベネット
1961,31.0,ヤオ・アイニン（ピピ）,ヤ,オ・アイニン（ピピ）
1962,30.0,高橋みなみ,高橋,みなみ
1963,38.0,和希沙也,和,希沙也
1964,32.0,瀧内公美,瀧内,公美
1965,32.0,IMALU,I,MALU
1966,30.0,朝倉あき,朝倉,あき
1967,31.0,土村芳,土村,芳
1968,30.0,市道真央,市道,真央
1969,31.0,我妻三輪子,我妻,三輪子
1970,38.0,杉野希妃,杉野,希妃
1971,33.0,佐藤かよ,佐藤,かよ
1972,38.0,エイドリアンヌ・パリッキ,エ,イドリアンヌ・パリッキ
1974,31.0,坂本麻子,坂本,麻子
1975,39.0,藤巻るも,藤巻,るも
1976,36.0,富永多映,富永,多映
1977,39.0,髙橋幸子,髙橋,幸子
1978,38.0,舘形祐子,舘形,祐子
1979,38.0,浅見れいな,浅見,れいな
1980,33.0,中村映里子,中村,映里子
1981,30.0,下垣真香,下垣,真香
1982,31.0,南花実,南花,実
1983,33.0,前田ゆき恵,前田,ゆき恵
1984,32.0,末広ゆい(業務提携),末広,ゆい(業務提携)
1985,31.0,春季ひろみ,春季,ひろみ
1986,36.0,MIU(立花美優),MIU(,立花美優)
1987,39.0,阿部ゆり亜,阿部,ゆり亜
1988,39.0,佐々木維子,佐々木,維子
1989,34.0,小坂優舞,小坂,優舞
1990,39.0,冨田亜紗子,冨田,亜紗子
1991,35.0,五味由貴歩,五味,由貴歩
1992,39.0,勝村愛,勝村,愛
1993,39.0,尾崎ナナ,尾崎,ナナ
1994,39.0,藤﨑あかね,藤﨑,あかね
1995,39.0,髙田郁恵,髙田,郁恵
1996,39.0,日和佐美香,日和佐,美香
1997,39.0,カー・ウェン,カ,ー・ウェン
1998,34.0,村川絵梨,村川,絵梨
1999,35.0,小松彩夏,小松,彩夏
2000,32.0,田島ゆみか,田島,ゆみか
2001,39.0,石川ユリコ,石川,ユリコ
2002,39.0,白樺真澄,白樺,真澄
2003,38.0,富田エル,富田,エル
2004,39.0,藁科みき,藁科,みき
2005,39.0,大月ひろ美,大月,ひろ美
2006,36.0,水城麻矢,水城,麻矢
2007,39.0,岡田梨那,岡田,梨那
2008,37.0,倉重みゆき,倉重,みゆき
2009,39.0,藤堂えり,藤堂,えり
2010,36.0,渡辺瞳,渡辺,瞳
2011,39.0,西尾美鈴,西尾,美鈴
2012,32.0,中上サツキ,中上,サツキ
2013,39.0,下間志都香,下間,志都香
2014,38.0,嶋﨑亜美,嶋﨑,亜美
2015,31.0,桜木唯,桜木,唯
2016,36.0,染谷佳奈,染谷,佳奈
2017,36.0,小峯さなえ,小峯,さなえ
2018,38.0,加來知恵,加來,知恵
2019,34.0,藤村千恵美,藤村,千恵美
2020,33.0,大橋由起子,大橋,由起子
2021,39.0,西田留美,西田,留美
2022,36.0,今西奈央,今西,奈央
2023,31.0,鎌田弥穂,鎌田,弥穂
2024,38.0,牧野紗也子,牧野,紗也子
2025,39.0,栗原早弥香,栗原,早弥香
2026,36.0,溝口華央,溝口,華央
2027,36.0,新野アコヤ,新野,アコヤ
2028,39.0,山口芙未子,山口,芙未子
2029,39.0,服部紗弥,服部,紗弥
2030,38.0,大沢名里,大沢,名里
2031,37.0,中村紗耶,中村,紗耶
2032,35.0,齊藤麻利,齊藤,麻利
2033,37.0,八代名菜子,八代,名菜子
2034,36.0,吉葉結花,吉葉,結花
2035,35.0,赤坂茉莉華,赤坂,茉莉華
2036,39.0,保苅美沙,保苅,美沙
2037,35.0,秋山タアナ,秋山,タアナ
2038,36.0,白木妃奈子,白木,妃奈子
2039,39.0,永川友里,永川,友里
2040,37.0,下池沙知,下池,沙知
2041,38.0,井上阿弥,井上,阿弥
2042,34.0,三村瑞穂,三村,瑞穂
2043,36.0,唐加思,唐,加思
2044,33.0,北川華栄,北川,華栄
2045,34.0,田井中美佳,田井中,美佳
2046,39.0,早稲田真樹,早稲田,真樹
2047,37.0,増田くみ,増田,くみ
2048,35.0,前田奈三,前田,奈三
2049,37.0,川辺純子,川辺,純子
2050,34.0,守美樹,守,美樹
2051,35.0,斎藤希美,斎藤,希美
2052,38.0,こづかみと,こ,づかみと
2053,38.0,田尾匠子,田尾,匠子
2055,34.0,末吉慶子,末吉,慶子
2056,37.0,三浦聡美,三浦,聡美
2057,39.0,福田圭貴,福田,圭貴
2058,39.0,石垣悠子,石垣,悠子
2059,34.0,小野原舞子,小野原,舞子
2060,38.0,槌谷絵図芽,槌谷,絵図芽
2061,37.0,渡邉とかげ,渡邉,とかげ
2062,37.0,岸野聡子,岸野,聡子
2063,36.0,上篠かすみ,上篠,かすみ
2064,39.0,宇佐見未奈,宇佐見,未奈
2065,39.0,石田佳名子,石田,佳名子
2066,32.0,三宮ユリカ,三宮,ユリカ
2067,34.0,菅原輝波子,菅原,輝波子
2068,35.0,南波美沙,南波,美沙
2069,31.0,川名夏生,川名,夏生
2070,30.0,押田歩美,押田,歩美
2071,31.0,枝愛美,枝,愛美
2072,34.0,河本茉莉花,河本,茉莉花
2073,32.0,佐藤八雲,佐藤,八雲
2074,35.0,稲垣美雨,稲垣,美雨
2075,32.0,銭元玉香,銭元,玉香
2076,31.0,岩﨑優希,岩﨑,優希
2077,34.0,荒井奈緒美,荒井,奈緒美
2078,39.0,胡内美貴子,胡内,美貴子
2079,37.0,しもでまりこ,し,もでまりこ
2080,36.0,橘舞子,橘,舞子
2081,39.0,近藤聖恵,近藤,聖恵
2082,34.0,山田せいら,山田,せいら
2083,34.0,神永晴香,神永,晴香
2084,33.0,浅間香織,浅間,香織
2085,38.0,並木美帆,並木,美帆
2086,34.0,関根七瀬,関根,七瀬
2087,38.0,凪ともこ,凪,ともこ
2088,36.0,三枝玲奈,三枝,玲奈
2089,35.0,藤田優衣,藤田,優衣
2090,33.0,武捨祐里,武捨,祐里
2091,34.0,岸田愛未,岸田,愛未
2092,36.0,福元沙希,福元,沙希
2093,35.0,小椋麗華,小椋,麗華
2094,33.0,岡田果林,岡田,果林
2095,31.0,丹羽咲絵,丹羽,咲絵
2096,39.0,上野宝子,上野,宝子
2097,37.0,平出仁美,平出,仁美
2098,32.0,野中寿乃,野中,寿乃
2099,32.0,野中嘉乃,野中,嘉乃
2100,38.0,鉾久奈緒美,鉾久,奈緒美
2101,33.0,金田美穂子,金田,美穂子
2102,31.0,中村未華,中村,未華
2103,33.0,元文麻理亜,元文,麻理亜
2104,35.0,上嶋彩記子,上嶋,彩記子
2105,32.0,大峰渓,大峰,渓
2106,36.0,中嶋さとみ,中嶋,さとみ
2107,32.0,倉科美加,倉科,美加
2108,35.0,外園ゆう,外園,ゆう
2109,39.0,くらまたゆか,く,らまたゆか
2110,37.0,小鳥遊エリ,小鳥遊,エリ
2111,35.0,与古田千晃,与古田,千晃
2112,37.0,中原聖恵,中原,聖恵
2113,39.0,有坂きなり,有坂,きなり
2114,32.0,香椎凜,香椎,凜
2116,34.0,中津原知恵,中津原,知恵
2117,36.0,石井真梨枝,石井,真梨枝
2118,35.0,鈴城純,鈴城,純
2119,38.0,林侑香,林,侑香
2120,33.0,小野佳菜恵,小野,佳菜恵
2121,33.0,赤山恵美,赤山,恵美
2122,33.0,松尾摩智子,松尾,摩智子
2123,32.0,稲森みき,稲森,みき
2124,32.0,高橋あさ美,高橋,あさ美
2125,35.0,持田加奈子,持田,加奈子
2126,32.0,木内文香,木内,文香
2127,35.0,柿崎裕美,柿崎,裕美
2128,34.0,美星愛,美星,愛
2129,38.0,山本公美,山本,公美
2130,35.0,野秋裕香,野秋,裕香
2131,32.0,千里内麻衣,千里内,麻衣
2132,38.0,久津佳奈,久津,佳奈
2133,38.0,橋本致里,橋本,致里
2134,35.0,鈴森ゆき,鈴森,ゆき
2135,31.0,髙橋里菜,髙橋,里菜
2136,37.0,尾島江利子,尾島,江利子
2137,37.0,洲﨑優,洲﨑,優
2138,31.0,金田瀬奈,金田瀬,奈
2139,31.0,尾道愛,尾,道愛
2140,33.0,生江美香穂,生江,美香穂
2141,34.0,梶原香乃,梶原,香乃
2142,36.0,岩下紘子,岩下,紘子
2143,33.0,桃井由布,桃井,由布
2144,39.0,浦島真理,浦島,真理
2145,37.0,市川友,市川,友
2146,31.0,髙橋東風,髙橋,東風
2147,31.0,長島静香,長島,静香
2148,31.0,小堀佳恵,小堀,佳恵
2149,31.0,崎谷耀子,崎谷,耀子
2150,33.0,野村千晶,野村,千晶
2151,36.0,たまき優,た,まき優
2152,36.0,近藤波美,近藤,波美
2153,32.0,提坂笑加,提坂,笑加
2154,36.0,石瀬みづほ,石瀬,みづほ
2155,31.0,増田三恵子,増田,三恵子
2156,35.0,島津萌由,島津,萌由
2157,34.0,工藤頌子,工藤,頌子
2158,36.0,大町沙矢佳,大町,沙矢佳
2159,34.0,月岡鈴,月岡,鈴
2160,32.0,桂川結衣,桂川,結衣
2161,34.0,東ヶ崎恵美,東ヶ崎,恵美
2162,37.0,増岡恵美,増岡,恵美
2163,31.0,森島縁,森島,縁
2164,33.0,郷間楓子,郷間,楓子
2165,32.0,松本美菜子,松本,美菜子
2166,35.0,村野ひなた,村野,ひなた
2167,32.0,八木橋敏慧,八木橋,敏慧
2168,34.0,比嘉奈津子,比嘉,奈津子
2169,39.0,相川葵,相川,葵
2170,34.0,岸田リナ,岸田,リナ
2171,33.0,前東美菜子,前東,美菜子
2172,33.0,髙柳絢子,髙柳,絢子
2173,34.0,にしいひろみ,に,しいひろみ
2174,34.0,下あすみ,下,あすみ
2175,30.0,田加井愛穂,田加井,愛穂
2176,32.0,加藤日香留,加藤,日香留
2177,34.0,三澤絢香,三澤,絢香
2178,32.0,愛内璃穂,愛内,璃穂
2179,34.0,藤田えりこ,藤田,えりこ
2180,36.0,小池真名実,小池,真名実
2181,36.0,佐藤友佳子,佐藤,友佳子
2182,33.0,鈴林みてき,鈴林,みてき
2183,33.0,米盛淳子,米盛,淳子
2184,30.0,泉佑里奈,泉,佑里奈
2185,39.0,島侑子,島,侑子
2186,37.0,堀麗子,堀,麗子
2187,32.0,藤田芸如,藤田,芸如
2188,30.0,櫻井亜衣,櫻井,亜衣
2189,30.0,香坂真以,香坂,真以
2190,35.0,飯島史子,飯島,史子
2191,34.0,谷口夏央梨,谷口,夏央梨
2192,32.0,染谷香衣,染谷,香衣
2193,31.0,薗田砂枝,薗田,砂枝
2194,36.0,白石悠佳,白石,悠佳
2195,32.0,岡本五月,岡本,五月
2196,30.0,綾紗ニコール,綾紗,ニコール
2197,37.0,由起さやか,由起,さやか
2198,30.0,円谷祐奈,円谷,祐奈
2199,32.0,廣井ゆう,廣井,ゆう
2200,39.0,長谷川深幸,長谷川,深幸
2201,30.0,香坂美月,香坂,美月
2202,34.0,大川雅世,大川,雅世
2203,37.0,山村麻由美,山村,麻由美
2204,34.0,石井萌水,石井,萌水
2205,32.0,雨宮良子,雨宮,良子
2206,34.0,橘愛実,橘,愛実
2207,33.0,泉鮎子,泉,鮎子
2208,33.0,新井あゆ美,新井,あゆ美
2209,31.0,沼尻里美,沼尻,里美
2210,36.0,ちゃき,ち,ゃき
2212,33.0,記井沙也佳,記井,沙也佳
2213,39.0,徳竹未夏,徳竹,未夏
2214,38.0,中谷昌代,中谷,昌代
2215,36.0,白川璃沙,白川,璃沙
2216,34.0,中井恵美,中井,恵美
2217,31.0,中島沙里菜,中島,沙里菜
2218,37.0,内山絢貴,内山,絢貴
2219,39.0,折原りん,折原,りん
2220,31.0,枯木彩那,枯木,彩那
2221,32.0,小泉美果,小泉,美果
2222,32.0,藤代梓,藤代,梓
2223,31.0,岩﨑風花,岩﨑,風花
2224,35.0,肥沼ゆうみ,肥沼,ゆうみ
2225,37.0,嶋村美春,嶋村,美春
2226,38.0,松元水紀,松元水,紀
2227,31.0,西野亜弥,西野,亜弥
2228,38.0,上原智明,上原,智明
2229,31.0,矢藤悠歩,矢藤,悠歩
2230,34.0,渡邉絵里香,渡邉,絵里香
2231,30.0,河村美里,河村,美里
2232,33.0,石堂友香,石堂,友香
2233,33.0,伊藤瑠利,伊藤,瑠利
2234,31.0,上駄萌夏,上駄,萌夏
2235,36.0,島之原樞,島之原,樞
2236,34.0,森下まぐ,森下,まぐ
2237,35.0,岩槻葵,岩槻,葵
2238,34.0,北原彩夏,北原,彩夏
2239,32.0,出海ちひろ,出海,ちひろ
2240,35.0,小島亜莉沙,小島,亜莉沙
2241,31.0,横地尚子,横地,尚子
2242,31.0,高橋ユウ,高橋,ユウ
2243,37.0,佐藤乃莉,佐藤,乃莉
2244,30.0,月原祐美,月原,祐美
2245,30.0,大川原莉穂,大川原,莉穂
2246,36.0,仲道美穂,仲,道美穂
2247,31.0,柚月かな,柚月,かな
2248,33.0,水奈瀬あゆみ,水奈瀬,あゆみ
2250,39.0,眞野沙耶花,眞野,沙耶花
2251,31.0,嘉菜多,嘉,菜多
2252,34.0,大木実奈,大木,実奈
2253,35.0,西畑まどか,西畑,まどか
2255,37.0,らりるRIE,ら,りるRIE
2256,33.0,岩田恵利奈,岩田,恵利奈
2257,36.0,長野真歩,長野,真歩
2258,31.0,中本えり,中本,えり
2259,32.0,土屋涼子,土屋,涼子
2260,38.0,古庄未來,古庄,未來
2261,39.0,清水園美,清水,園美
2262,34.0,小関愛,小関,愛
2263,33.0,朝香由麻,朝,香由麻
2264,31.0,大内沙那恵,大内,沙那恵
2265,34.0,雁田理未,雁田,理未
2266,33.0,樫村まゆこ,樫村,まゆこ
2267,30.0,桑原藍,桑原,藍
2268,36.0,宮城果居,宮城,果居
2269,32.0,河村茜,河村,茜
2270,30.0,桃井絵理香,桃井,絵理香
2271,30.0,板津美穂子,板津,美穂子
2272,30.0,坂井くるみ,坂井,くるみ
2273,32.0,山脇明日香,山脇,明日香
2274,36.0,小谷沙奈恵,小谷,沙奈恵
2275,30.0,吉川璃紗,吉川,璃紗
2276,32.0,結崎あゆ花,結崎,あゆ花
2277,39.0,真辺唯,真辺,唯
2278,39.0,水月涼子,水月,涼子
2279,37.0,有馬夕貴,有馬,夕貴
2280,33.0,坂寄奈津伎,坂寄,奈津伎
2281,36.0,宇佐美ゆり,宇佐美,ゆり
2282,33.0,溝口真衣,溝口,真衣
2283,35.0,志村彩佳,志村,彩佳
2284,30.0,中曽根知左,中曽根,知左
2285,30.0,林希乃花,林,希乃花
2286,30.0,美山あい,美山,あい
2287,31.0,百瀬実来,百瀬,実来
2288,35.0,秋本恭子,秋本,恭子
2290,39.0,遊貴まひろ,遊貴,まひろ
2291,35.0,日野加奈愛,日野,加奈愛
2292,33.0,亀石侑里,亀石,侑里
2293,32.0,なかまどか,な,かまどか
2294,31.0,岩下依未,岩下,依未
2295,33.0,芝本智美,芝本,智美
2296,33.0,涼風真帆,涼風,真帆
2297,36.0,小野島由惟,小野島,由惟
2298,31.0,こちえ,こ,ちえ
2299,32.0,楠元啓子,楠元,啓子
2300,32.0,千賀多佳乃,千賀,多佳乃
2301,34.0,茂田みなみ,茂田,みなみ
2302,34.0,埜本佳菜美,埜本,佳菜美
2303,34.0,若松宏枝,若松,宏枝
2305,34.0,河北茉子,河北,茉子
2306,38.0,川村悠記,川村,悠記
2307,35.0,橋本朋江,橋本,朋江
2308,30.0,石原寛子,石原,寛子
2309,30.0,七美あずさ,七美,あずさ
2310,34.0,睡蓮みどり,睡蓮,みどり
2311,34.0,菅原夕,菅原,夕
2312,37.0,松本まりか,松本,まりか
2313,34.0,徳橋みのり,徳橋,みのり
2314,33.0,本山歩,本山,歩
2315,36.0,斎藤加奈子,斎藤,加奈子
2316,34.0,岩瀬奈央,岩瀬,奈央
2317,35.0,亀岡涼子,亀岡,涼子
2318,30.0,四元理菜,四元,理菜
2319,31.0,竹内朋子,竹内,朋子
2320,31.0,尾崎冴子,尾崎,冴子
2321,35.0,藤井祥子,藤井,祥子
2322,30.0,桜木さら,桜木,さら
2323,30.0,葦川菜月,葦川,菜月
2324,38.0,水樹南,水,樹南
2325,30.0,眞木美咲パメラ,眞木美咲,パメラ
2326,30.0,水木彩也子,水木,彩也子
2327,30.0,望月京奈,望月,京奈
2328,33.0,鳴神綾香,鳴神,綾香
2329,35.0,龍野りな,龍野,りな
2330,30.0,柚木美咲,柚木,美咲
2331,30.0,水沢汐里,水沢,汐里
2332,32.0,アベトモミ,ア,ベトモミ
2333,36.0,児玉磨利,児玉,磨利
2334,34.0,杉山菜摘,杉山,菜摘
2335,33.0,野田江里子,野田,江里子
2336,35.0,廣澤佐和,廣澤,佐和
2337,30.0,高岡純,高岡,純
2338,37.0,天野里香,天野,里香
2339,39.0,長嶋真由,長嶋,真由
2340,31.0,三好心,三,好心
2341,31.0,兼田麻美,兼田,麻美
2342,39.0,西村有加,西村,有加
2343,36.0,鈴木敦子,鈴木,敦子
2344,31.0,稲葉真悠実,稲葉,真悠実
2345,35.0,古桜ミキ,古桜,ミキ
2346,30.0,赤塚実奈子,赤塚,実奈子
2347,36.0,澤原莉,澤原,莉
2348,37.0,飛田由紀,飛田,由紀
2349,31.0,山﨑詩織,山﨑,詩織
2350,32.0,小久保恵梨奈,小久保,恵梨奈
2351,33.0,小野里桃子,小野,里桃子
2352,33.0,縄田かのん,縄田,かのん
2353,31.0,大森英里佳,大森,英里佳
2354,32.0,神納愛子,神納,愛子
2355,36.0,加藤ローサ,加藤,ローサ
2356,32.0,うらじぬの,う,らじぬの
2358,33.0,宮澤エマ,宮澤,エマ
2359,37.0,大久保麻梨子,大久保,麻梨子
2360,30.0,天野麻菜,天野,麻菜
2361,36.0,三村恭代,三村,恭代
2362,32.0,壇世理奈,壇世,理奈
2363,31.0,笹木かおり,笹木,かおり
2364,35.0,田畑亜弥,田畑,亜弥
2365,32.0,金田彩奈,金田,彩奈
2366,36.0,伴アンリ,伴,アンリ
2367,31.0,尾形歩南,尾形,歩南
2368,30.0,平田りえ,平田,りえ
2369,33.0,土井ケイト,土井,ケイト
2370,34.0,愛加あゆ,愛加,あゆ
2371,32.0,さとうほなみ,さ,とうほなみ
2372,37.0,佐藤めぐみ,佐藤,めぐみ
2373,30.0,宇垣美里,宇垣,美里
2374,30.0,本仮屋リイナ,本仮屋,リイナ
2375,33.0,森郁月,森,郁月
2376,38.0,蒼乃夕妃,蒼,乃夕妃
2377,37.0,朝夏まなと,朝夏,まなと
2378,30.0,今野晶乃,今野,晶乃
2379,33.0,白勢未生,白勢,未生
2380,33.0,島田彩,島田,彩
2381,38.0,塚本直,塚本,直
2382,32.0,実咲凜音,実,咲凜音
2383,30.0,山田桃子,山田,桃子
2384,37.0,渡辺海弓,渡辺,海弓
2385,39.0,藤岡麻美,藤岡,麻美
2386,32.0,秦瑞穂,秦,瑞穂
2387,36.0,明日海りお,明日海,りお
2388,30.0,水田萌木,水田,萌木
2389,36.0,梨澤慧以子,梨澤,慧以子
2390,33.0,濱田准,濱田,准
2391,33.0,松田実里,松田,実里
2392,34.0,梅田悠,梅田,悠
2393,35.0,森口彩乃,森口,彩乃
2394,31.0,護あさな,護,あさな
2395,31.0,清水葉月,清水,葉月
2396,31.0,杉岡詩織,杉岡,詩織
2397,32.0,引間文佳,引間,文佳
2398,32.0,船越真美子,船越,真美子
2399,30.0,真衣ひなの,真衣,ひなの
2400,38.0,石走理子,石走,理子
2401,37.0,小川恵夢,小川,恵夢
2402,37.0,川崎亜沙美,川崎,亜沙美
2403,39.0,鈴木那奈,鈴木,那奈
2404,32.0,TSUMIKI☆YANKE,T,SUMIKI☆YANKE
2406,33.0,花里サチホ,花里,サチホ
2407,38.0,別府あゆみ,別府,あゆみ
2408,32.0,道さわこ,道,さわこ
2409,37.0,南志保,南,志保
2411,31.0,玉木璃子,玉木,璃子
2412,34.0,泉春花,泉,春花
2413,37.0,逢坂由委子,逢坂,由委子
2414,36.0,伊東愛,伊東,愛
2415,30.0,山下由奈,山下,由奈
2416,37.0,麻尋えりか,麻尋,えりか
2417,39.0,楊原京子,楊原,京子
2418,30.0,秋里由佳,秋里,由佳
2419,38.0,横内亜弓,横内,亜弓
2420,35.0,森レイ子,森,レイ子
2421,36.0,朝見心,朝見,心
2422,34.0,月那春陽,月那,春陽
2423,32.0,上脇結友,上脇,結友
2424,38.0,和田光沙,和田,光沙
2425,36.0,三瓶由布子,三瓶,由布子
2426,34.0,平野綾,平野,綾
2427,33.0,相羽あいな,相羽,あいな
2428,30.0,青谷優衣,青谷,優衣
2429,36.0,Agatha,A,gatha
2430,35.0,阿久澤菜々,阿久澤,菜々
2431,48.0,篠原涼子,篠原,涼子
2432,48.0,吉田羊,吉田,羊
2433,43.0,田丸麻紀,田丸,麻紀
2434,46.0,米倉涼子,米倉,涼子
2435,43.0,釈由美子,釈,由美子
2436,44.0,菅野美穂,菅野,美穂
2437,48.0,宮沢りえ,宮沢,りえ
2438,49.0,高岡早紀,高岡,早紀
2439,41.0,新山千春,新山,千春
2440,40.0,安達祐実,安達,祐実
2441,45.0,木村佳乃,木村,佳乃
2442,40.0,及川奈央,及川,奈央
2443,41.0,竹内結子,竹内,結子
2444,46.0,中谷美紀,中谷,美紀
2445,43.0,白石美帆,白石,美帆
2446,40.0,尾野真千子,尾野,真千子
2447,45.0,井川遥,井川,遥
2448,48.0,松嶋菜々子,松嶋,菜々子
2449,41.0,広末涼子,広末,涼子
2450,43.0,麻生久美子,麻生,久美子
2451,46.0,内田有紀,内田,有紀
2452,47.0,水野美紀,水野,美紀
2453,45.0,ほしのあき,ほ,しのあき
2454,45.0,辺見えみり,辺見,えみり
2455,42.0,ともさかりえ,と,もさかりえ
2456,42.0,仲間由紀恵,仲間,由紀恵
2457,42.0,高垣麗子,高垣,麗子
2458,49.0,鈴木砂羽,鈴木,砂羽
2459,45.0,観月ありさ,観月,ありさ
2460,41.0,坂本真綾,坂本,真綾
2462,43.0,長谷川京子,長谷川,京子
2463,44.0,菊川怜,菊川,怜
2464,47.0,吉瀬美智子,吉瀬,美智子
2465,44.0,松たか子,松,たか子
2466,42.0,笛木優子,笛木,優子
2467,49.0,常盤貴子,常盤,貴子
2468,40.0,安めぐみ,安,めぐみ
2469,40.0,神楽坂恵,神楽坂,恵
2470,49.0,深津絵里,深津,絵里
2471,41.0,伊藤歩,伊藤,歩
2472,42.0,国仲涼子,国仲,涼子
2473,43.0,矢田亜希子,矢田,亜希子
2474,41.0,酒井若菜,酒井,若菜
2475,49.0,寺島しのぶ,寺島,しのぶ
2476,45.0,瀬戸朝香,瀬戸,朝香
2477,44.0,雛形あきこ,雛形,あきこ
2478,41.0,井上和香,井上,和香
2479,40.0,鈴木亜美,鈴木,亜美
2480,42.0,奥菜恵,奥,菜恵
2481,48.0,三浦理恵子,三浦,理恵子
2482,41.0,田中麗奈,田中,麗奈
2483,49.0,松雪泰子,松,雪泰子
2484,40.0,佐藤江梨子,佐藤,江梨子
2485,42.0,佐藤仁美,佐藤,仁美
2486,44.0,伊東美咲,伊東,美咲
2487,42.0,篠原ともえ,篠原,ともえ
2488,46.0,板谷由夏,板谷,由夏
2489,42.0,山口紗弥加,山口,紗弥加
2490,43.0,白羽ゆり,白羽,ゆり
2491,42.0,遠野なぎこ,遠野,なぎこ
2492,41.0,菊地凛子,菊地,凛子
2493,41.0,田畑智子,田畑,智子
2494,42.0,中越典子,中越,典子
2495,40.0,池脇千鶴,池脇,千鶴
2496,44.0,鈴木紗理奈,鈴木,紗理奈
2497,46.0,黒谷友香,黒谷,友香
2498,48.0,大沢さやか,大沢,さやか
2499,41.0,小野真弓,小野,真弓
2500,40.0,飯田圭織,飯田,圭織
2501,43.0,遠藤久美子,遠藤,久美子
2502,49.0,椿鬼奴,椿鬼,奴
2503,41.0,江口のりこ,江口,のりこ
2504,40.0,星野真里,星野,真里
2505,48.0,中澤裕子,中澤,裕子
2506,40.0,内山理名,内山,理名
2507,41.0,野波麻帆,野波,麻帆
2508,42.0,村井美樹,村井,美樹
2509,47.0,原千晶,原,千晶
2510,44.0,一色紗英,一色,紗英
2511,40.0,山本梓,山本,梓
2512,47.0,細川直美,細川,直美
2513,40.0,吉井怜,吉井,怜
2514,41.0,矢沢心,矢沢,心
2515,44.0,佐田真由美,佐田,真由美
2516,49.0,石田ひかり,石田,ひかり
2518,47.0,千葉麗子,千葉,麗子
2519,48.0,戸田菜穂,戸田,菜穂
2520,43.0,中山エミリ,中山,エミリ
2521,43.0,高樹マリア,高樹,マリア
2522,44.0,矢部美穂,矢部,美穂
2523,46.0,遠山景織子,遠山,景織子
2524,42.0,平岩紙,平岩,紙
2525,44.0,宮本真希,宮本,真希
2526,47.0,井上晴美,井上,晴美
2527,41.0,北川弘美,北川,弘美
2528,43.0,市川実日子,市川,実日子
2529,46.0,本上まなみ,本上,まなみ
2530,45.0,遊井亮子,遊井,亮子
2531,47.0,伊藤裕子,伊藤,裕子
2532,47.0,水谷ケイ,水谷,ケイ
2533,42.0,吉岡美穂,吉岡,美穂
2534,45.0,小沢真珠,小沢,真珠
2535,41.0,小嶺麗奈,小嶺,麗奈
2536,43.0,黒沢かずこ,黒沢,かずこ
2537,44.0,紺野まひる,紺野,まひる
2538,49.0,喜多嶋舞,喜多嶋,舞
2539,45.0,秋本祐希,秋本,祐希
2540,47.0,中村優子,中村,優子
2541,44.0,大河内奈々子,大河内,奈々子
2542,44.0,佐藤藍子,佐藤,藍子
2543,41.0,宮内こずえ,宮内,こずえ
2544,43.0,三輪ひとみ,三輪,ひとみ
2545,43.0,原沙知絵,原,沙知絵
2546,42.0,大島美幸,大島,美幸
2547,49.0,櫻井淳子,櫻井,淳子
2548,48.0,藤谷美紀,藤谷,美紀
2549,40.0,河井青葉,河井,青葉
2550,45.0,岩崎ひろみ,岩崎,ひろみ
2551,45.0,安藤玉恵,安藤,玉恵
2552,45.0,佐伯日菜子,佐伯,日菜子
2553,42.0,小橋めぐみ,小橋,めぐみ
2554,43.0,小田茜,小田,茜
2555,40.0,原田佳奈,原田,佳奈
2556,40.0,山田真歩,山田,真歩
2557,45.0,彩乃かなみ,彩乃,かなみ
2558,49.0,久保田磨希,久保田,磨希
2559,49.0,濱田めぐみ,濱田,めぐみ
2560,43.0,遠野あすか,遠野,あすか
2561,42.0,東風万智子,東風,万智子
2562,46.0,大原かおり,大原,かおり
2563,49.0,小林綾子,小林,綾子
2564,49.0,春野寿美礼,春野,寿美礼
2565,48.0,川合千春,川合,千春
2566,44.0,石川亜沙美,石川,亜沙美
2567,45.0,飯塚雅弓,飯塚,雅弓
2568,47.0,坂上香織,坂上,香織
2569,46.0,月船さらら,月船,さらら
2570,47.0,真瀬樹里,真瀬,樹里
2571,46.0,瀬戸カトリーヌ,瀬戸,カトリーヌ
2572,41.0,甲斐まり恵,甲斐,まり恵
2573,43.0,馬渕英里何,馬渕,英里何
2574,49.0,霧島れいか,霧島,れいか
2575,49.0,水夏希,水,夏希
2576,49.0,小高恵美,小高,恵美
2577,40.0,山田麻衣子,山田,麻衣子
2578,44.0,西山繭子,西山,繭子
2579,44.0,来栖あつこ,来栖,あつこ
2580,47.0,西尾まり,西尾,まり
2581,42.0,有坂来瞳,有坂,来瞳
2582,43.0,黒坂真美,黒坂,真美
2583,45.0,林美穂,林,美穂
2584,42.0,黒田美樹,黒田,美樹
2585,49.0,小林千晴,小林,千晴
2586,47.0,山本未來,山本,未來
2587,49.0,藤貴子,藤,貴子
2588,48.0,岡元あつこ,岡元,あつこ
2589,46.0,宮下今日子,宮下,今日子
2590,42.0,柴田かよこ,柴田,かよこ
2591,43.0,春馬ゆかり,春馬,ゆかり
2592,41.0,川村亜紀,川村,亜紀
2593,43.0,藤真美穂,藤,真美穂
2594,48.0,今村恵子,今村,恵子
2595,45.0,早川亜希,早川,亜希
2596,43.0,吉村涼,吉村,涼
2597,44.0,梅宮万紗子,梅宮,万紗子
2598,41.0,坂本三佳,坂本,三佳
2599,44.0,笹峯愛,笹峯,愛
2600,45.0,野口かおる,野口,かおる
2601,40.0,栗原瞳,栗原,瞳
2602,47.0,水町レイコ,水町,レイコ
2603,41.0,勝村美香,勝村,美香
2604,43.0,藤田瞳子,藤田,瞳子
2605,41.0,松下恵,松下,恵
2606,41.0,近衛はな,近衛,はな
2607,41.0,最所美咲,最所,美咲
2608,43.0,松尾れい子,松尾,れい子
2609,41.0,中山恵,中山,恵
2610,43.0,藤崎ルキノ,藤崎,ルキノ
2611,40.0,小出真保,小出,真保
2612,48.0,真由子,真,由子
2613,48.0,遠野舞子,遠野,舞子
2614,47.0,山口香緒里,山口,香緒里
2615,45.0,松田千奈,松田,千奈
2616,40.0,小川奈那,小川,奈那
2617,46.0,渋谷琴乃,渋谷,琴乃
2618,49.0,猫背椿,猫,背椿
2619,42.0,仙堂花歩,仙堂,花歩
2620,44.0,小西美帆,小西,美帆
2621,47.0,粟田麗,粟田,麗
2622,48.0,田村たがめ,田村,たがめ
2623,46.0,小山田サユリ,小山田,サユリ
2624,41.0,西丸優子,西丸,優子
2625,45.0,舞坂ゆき子,舞坂,ゆき子
2626,40.0,山口あゆみ,山口,あゆみ
2627,49.0,小林麻子,小林,麻子
2628,40.0,安藤瞳,安藤,瞳
2629,47.0,濱田万葉,濱田,万葉
2630,42.0,町田マリー,町田,マリー
2631,48.0,朱門みず穂,朱門,みず穂
2632,49.0,寺田千穂,寺田,千穂
2633,43.0,赤澤ムック,赤澤,ムック
2634,48.0,久我陽子,久我,陽子
2635,45.0,渋谷亜希,渋谷,亜希
2636,44.0,小林きな子,小林,きな子
2637,40.0,三輪明日美,三輪,明日美
2638,43.0,川島令美,川島,令美
2639,43.0,河村和奈,河村,和奈
2640,47.0,春木みさよ,春木,みさよ
2641,40.0,宮本りえ,宮本,りえ
2642,41.0,信川清順,信川,清順
2643,41.0,橘実里,橘,実里
2644,49.0,魏涼子,魏,涼子
2645,42.0,高尾祥子,高尾,祥子
2646,42.0,松岡依都美,松岡,依都美
2647,41.0,菅原禄弥,菅原,禄弥
2648,40.0,山田キヌヲ,山田,キヌヲ
2649,41.0,小笠原亜里沙,小笠原,亜里沙
2650,45.0,桃生亜希子,桃生,亜希子
2651,47.0,逸見愛,逸見,愛
2652,44.0,玄覺悠子,玄覺,悠子
2653,41.0,伊藤めぐみ,伊藤,めぐみ
2654,47.0,佐藤あかり,佐藤,あかり
2655,41.0,飯野めぐみ,飯野,めぐみ
2656,42.0,今村雅美,今村,雅美
2657,44.0,西慶子,西,慶子
2658,48.0,辻香緒里,辻,香緒里
2659,48.0,鈴木美恵,鈴木,美恵
2660,42.0,えもとりえ,え,もとりえ
2661,45.0,竹本聡子,竹本,聡子
2662,47.0,尾上紫,尾上,紫
2663,48.0,石堂夏央,石堂,夏央
2664,44.0,良田麻美,良田,麻美
2665,40.0,堀まゆみ,堀,まゆみ
2666,41.0,伊藤麻実子,伊藤,麻実子
2667,46.0,たくませいこ,た,くませいこ
2668,43.0,佐藤夕美子,佐藤,夕美子
2669,41.0,浅井江理名,浅井,江理名
2670,44.0,佐古真弓,佐古,真弓
2671,46.0,中谷さとみ,中谷,さとみ
2672,47.0,村田秋乃,村田,秋乃
2673,44.0,本橋由香,本橋,由香
2674,43.0,渡辺由紀,渡辺,由紀
2675,44.0,占部房子,占部,房子
2676,48.0,おおたにまいこ,お,おたにまいこ
2677,42.0,荒木恵,荒木,恵
2678,47.0,瑠川あつこ,瑠川,あつこ
2679,49.0,あらいすみれ,あ,らいすみれ
2680,49.0,山本雅子,山本,雅子
2681,49.0,目黒真希,目黒,真希
2682,43.0,清水あすか,清水,あすか
2683,44.0,こばやしあきこ,こ,ばやしあきこ
2684,46.0,森谷ふみ,森谷,ふみ
2685,45.0,中野公美子,中野,公美子
2686,42.0,飯沼千恵子,飯沼,千恵子
2687,47.0,安田美香,安田,美香
2688,46.0,亀谷さやか,亀谷,さやか
2689,47.0,時任亜弓,時任,亜弓
2690,40.0,木村智早,木村,智早
2691,47.0,朝澄けい,朝澄,けい
2692,49.0,原扶貴子,原扶,貴子
2693,45.0,桑原裕子,桑原,裕子
2694,43.0,鵜飼真帆,鵜飼,真帆
2695,46.0,押元奈緒子,押元,奈緒子
2696,40.0,神農幸,神農,幸
2697,41.0,松井茜,松井,茜
2698,48.0,藤田記子,藤田,記子
2699,47.0,長谷川かずき,長谷川,かずき
2700,44.0,谷内愛,谷内,愛
2701,46.0,笠木泉,笠木,泉
2702,48.0,松田佳子,松田,佳子
2703,41.0,今村有希,今村,有希
2704,49.0,中込佐知子,中込,佐知子
2705,42.0,横山真弓,横山,真弓
2706,42.0,澤山薫,澤山,薫
2707,46.0,芽夢ちさと,芽夢,ちさと
2708,48.0,澤田育子,澤田,育子
2709,48.0,市丸和代,市丸,和代
2710,47.0,ぼくもとさきこ,ぼ,くもとさきこ
2711,40.0,紺谷みえこ,紺谷,みえこ
2712,47.0,岡崎百合子,岡崎,百合子
2713,48.0,美栞了,美,栞了
2714,44.0,中江友紀,中江,友紀
2715,44.0,鈴木里沙,鈴木,里沙
2716,49.0,日和佐裕子,日和佐,裕子
2717,45.0,二村愛,二村,愛
2718,45.0,小原加奈子,小原,加奈子
2719,41.0,山岸彩子,山岸,彩子
2720,42.0,斉藤ゆり,斉藤,ゆり
2721,41.0,鈴木美妃,鈴木,美妃
2722,43.0,森実友紀,森実,友紀
2723,48.0,やまぐちあきこ,や,まぐちあきこ
2724,41.0,中島愛子,中島,愛子
2725,44.0,英由佳,英,由佳
2726,43.0,太田美恵,太田,美恵
2727,46.0,中村英香,中村,英香
2728,44.0,小飯塚貴世江,小飯塚,貴世江
2729,45.0,吉井由紀,吉井,由紀
2730,43.0,浅川稚広,浅川,稚広
2731,40.0,民部良子,民部,良子
2732,41.0,荻野恵理,荻野,恵理
2733,40.0,吉居亜希子,吉居,亜希子
2734,40.0,花岡玲,花岡,玲
2735,49.0,高木珠里,高木,珠里
2736,44.0,友田安紀,友田,安紀
2737,46.0,吉村玉緒,吉村,玉緒
2738,40.0,水野小論,水野,小論
2739,46.0,小山萌子,小山,萌子
2740,44.0,天野里咲,天野,里咲
2741,41.0,野口聖古,野口,聖古
2742,43.0,平野麻樹子,平野,麻樹子
2743,48.0,三野友華子,三野,友華子
2744,41.0,彩音凛,彩,音凛
2745,46.0,竹内えり,竹内,えり
2746,49.0,松山美雪,松山,美雪
2747,41.0,大森華恵,大森,華恵
2748,43.0,船津未帆,船津,未帆
2749,46.0,岡村多加江,岡村,多加江
2750,45.0,津村朱実,津村,朱実
2751,43.0,黒田よし子,黒田,よし子
2752,44.0,まつおか晶,まつお,か晶
2753,40.0,中村ゆり,中村,ゆり
2754,41.0,上地春奈,上地,春奈
2755,42.0,いせゆみこ,い,せゆみこ
2756,42.0,ERIKA,E,RIKA
2758,46.0,野中りえ,野中,りえ
2759,43.0,北村香織,北村,香織
2760,41.0,久下恵美,久下,恵美
2761,41.0,小澤英恵,小澤,英恵
2762,40.0,庄子知美,庄子,知美
2763,48.0,斎藤あんり,斎藤,あんり
2764,42.0,Michiru,M,ichiru
2765,40.0,山脇唯,山脇,唯
2766,42.0,秋野ひとみ,秋野,ひとみ
2767,42.0,赤松恵,赤松,恵
2768,47.0,中島淳子,中島,淳子
2769,41.0,木下智恵,木下,智恵
2770,41.0,塩崎綾,塩崎,綾
2771,48.0,加藤直美,加藤,直美
2772,44.0,ともさと衣,ともさ,と衣
2773,42.0,三宅梢子,三宅,梢子
2774,44.0,渋谷宏美,渋谷,宏美
2775,44.0,小林千佳,小林,千佳
2776,42.0,浮田ひさえ,浮田,ひさえ
2777,49.0,柴山智加,柴山,智加
2778,47.0,吉田ひかる,吉田,ひかる
2779,48.0,武藤晃子,武藤,晃子
2780,41.0,奥田恵,奥田,恵
2781,40.0,吉岡麻由子,吉岡,麻由子
2782,47.0,福山亜弥,福山,亜弥
2783,40.0,作間ゆい,作間,ゆい
2784,47.0,藤田恵美子,藤田,恵美子
2785,47.0,高橋ユミ,高橋,ユミ
2786,43.0,三上ゆうこ,三上,ゆうこ
2787,45.0,枝元萌,枝元,萌
2788,47.0,前田綾,前田,綾
2789,43.0,高以亜希子,高以,亜希子
2790,47.0,イチキ游子,イチキ,游子
2791,45.0,永田杏子,永田,杏子
2792,41.0,石原絵理,石原,絵理
2793,43.0,樋口綾,樋口,綾
2794,48.0,藤澤オリエ,藤澤,オリエ
2795,47.0,中山さおり,中山,さおり
2796,43.0,木村晶子,木村,晶子
2797,41.0,後藤藍,後藤,藍
2798,44.0,円地晶子,円地,晶子
2799,40.0,西村亜矢子,西村,亜矢子
2800,45.0,樋口泰子,樋口,泰子
2801,44.0,中西悠,中西,悠
2802,45.0,上田奈々,上田,奈々
2803,47.0,椎名あきら,椎名,あきら
2804,43.0,平田由季,平田,由季
2805,46.0,石川ちひろ,石川,ちひろ
2806,45.0,榎本愛,榎本,愛
2807,42.0,樋口葵,樋口,葵
2808,46.0,永井敦子,永井,敦子
2809,45.0,端田新菜,端田,新菜
2810,48.0,小山亜由子,小山,亜由子
2811,42.0,村上寿子,村上,寿子
2812,45.0,天正彩,天,正彩
2813,42.0,永津真奈,永津,真奈
2814,43.0,平井智美,平井,智美
2815,41.0,松田沙希,松田,沙希
2816,48.0,小牧芽美,小牧,芽美
2817,48.0,斎藤静香,斎藤,静香
2818,45.0,福田加奈子,福田,加奈子
2819,46.0,坂井香奈美,坂井,香奈美
2820,41.0,上村愛香,上村,愛香
2821,45.0,佐野みかげ,佐野,みかげ
2822,45.0,大希幸子,大,希幸子
2823,42.0,水稀未那,水稀,未那
2824,49.0,藤井志穂,藤井,志穂
2825,42.0,郷原慧,郷原,慧
2826,47.0,坂本文子,坂本,文子
2827,41.0,小柳ふよう,小柳,ふよう
2828,41.0,福田真夕,福田,真夕
2829,46.0,江間直子,江間,直子
2830,45.0,奥田ワレタ,奥田,ワレタ
2831,41.0,桂ゆめ,桂,ゆめ
2832,48.0,石村みか,石村,みか
2833,41.0,國元なつき,國元,なつき
2834,45.0,岡ひとみ,岡,ひとみ
2835,41.0,岡崎あかね,岡崎,あかね
2836,47.0,野口麻衣子,野口,麻衣子
2837,46.0,滝沢恵,滝沢,恵
2838,49.0,平野直美,平野,直美
2839,45.0,加茂美穂子,加茂,美穂子
2840,41.0,中山圭,中山,圭
2841,48.0,森本恵美,森本,恵美
2842,41.0,宮本郁子,宮本,郁子
2843,46.0,五十嵐暁子,五十嵐,暁子
2844,47.0,森脇由紀,森脇,由紀
2845,47.0,横山千春,横山,千春
2846,40.0,羽里早紀子,羽里,早紀子
2847,42.0,万善香織,万,善香織
2848,44.0,上田晴美,上田,晴美
2849,43.0,河合春香,河合,春香
2850,47.0,山崎倫子,山崎,倫子
2851,43.0,黒田弥生,黒田,弥生
2852,43.0,温井摩耶,温井,摩耶
2853,45.0,前野恵,前野,恵
2854,40.0,神崎茜,神崎,茜
2855,45.0,三谷恭子,三谷,恭子
2856,45.0,山谷典子,山谷,典子
2857,45.0,小松田あこ,小松田,あこ
2858,48.0,南口奈々絵,南口,奈々絵
2859,47.0,夢咲みのり,夢咲,みのり
2860,47.0,西村いづみ,西村,いづみ
2861,42.0,せきぐちきみこ,せ,きぐちきみこ
2862,47.0,菊地晶子,菊地,晶子
2863,46.0,相元晴名,相元,晴名
2864,42.0,押田佐代子,押田,佐代子
2865,41.0,町田沙織,町田,沙織
2866,45.0,大川真澄,大川,真澄
2867,42.0,和泉ゆか,和泉,ゆか
2868,46.0,インリン・オブ・ジョイトイ,イ,ンリン・オブ・ジョイトイ
2869,45.0,坂下千里子,坂下,千里子
2870,40.0,森下千里,森下,千里
2871,44.0,緒方絵理,緒方,絵理
2872,41.0,知念里奈,知念,里奈
2873,41.0,上田桃子,上田,桃子
2874,46.0,ユンソナ,ユ,ンソナ
2875,42.0,山田まりや,山田,まりや
2876,41.0,夏川純,夏川,純
2877,41.0,池辺愛,池辺,愛
2879,41.0,清水美里,清水,美里
2880,46.0,阿部美穂子,阿部,美穂子
2881,45.0,伊藤修子,伊藤,修子
2882,48.0,栗田桃子,栗田,桃子
2883,48.0,小林愛,小林,愛
2884,42.0,佐藤陽子,佐藤,陽子
2885,41.0,磯部さちよ,磯部,さちよ
2886,41.0,藤田陽子,藤田,陽子
2887,43.0,頼経明子,頼経,明子
2888,49.0,佐藤智美,佐藤,智美
2889,49.0,緒方かな子,緒方,かな子
2890,46.0,田中久美,田中,久美
2891,42.0,広澤草,広澤,草
2892,42.0,下川友子,下川,友子
2893,47.0,山本裕子,山本,裕子
2894,49.0,高橋美穂,高橋,美穂
2895,45.0,田中ひろみ,田中,ひろみ
2896,41.0,佐藤麻衣子,佐藤,麻衣子
2897,40.0,大澤恵,大澤,恵
2898,47.0,山本香織,山本,香織
2899,49.0,桜井ちひろ,桜井,ちひろ
2900,42.0,住吉ちほ,住吉,ちほ
2901,42.0,清水あいみ,清水,あいみ
2902,44.0,小林洋子,小林,洋子
2903,49.0,林家まる子,林家,まる子
2904,47.0,森田亜紀,森田,亜紀
2905,48.0,橋本あゆみ,橋本,あゆみ
2906,44.0,多田明日香,多田,明日香
2907,45.0,あだち理絵子,あだち,理絵子
2908,47.0,正木佐和,正木,佐和
2909,44.0,山田里奈,山田,里奈
2910,45.0,松田珠里,松田,珠里
2911,47.0,中村栄美子,中村,栄美子
2912,44.0,水津亜子,水津,亜子
2913,45.0,岡内美喜子,岡内,美喜子
2914,43.0,樋口明日香,樋口,明日香
2915,43.0,片瀬まひろ,片瀬,まひろ
2917,43.0,結城集,結城,集
2918,48.0,一倉千夏,一倉,千夏
2919,45.0,安奈ゆかり,安奈,ゆかり
2920,40.0,山口麻衣加,山口,麻衣加
2921,48.0,南波有沙,南波,有沙
2922,45.0,塩谷恵子,塩谷,恵子
2923,48.0,吉川亜州香,吉川,亜州香
2924,43.0,皆川あゆみ,皆川,あゆみ
2925,49.0,内山由美子,内山,由美子
2926,42.0,小島ちはる,小島,ちはる
2927,48.0,今泉あまね,今泉,あまね
2928,44.0,大川美里,大川,美里
2929,48.0,歌納有里,歌納,有里
2930,44.0,小森郁子,小森,郁子
2931,42.0,柳下季里,柳下,季里
2932,42.0,神田彩華,神田,彩華
2933,47.0,後藤久美子,後藤,久美子
2934,49.0,りょう,り,ょう
2935,40.0,小泉真希,小泉,真希
2936,47.0,シルビア・グラブ,シ,ルビア・グラブ
2937,40.0,遠藤留奈,遠藤,留奈
2938,40.0,長谷川恵美,長谷川,恵美
2939,48.0,岡千絵,岡,千絵
2940,41.0,大塚麻恵,大塚,麻恵
2941,41.0,きむらゆき,き,むらゆき
2942,42.0,高橋陽子,高橋,陽子
2943,41.0,樋口智恵子,樋口,智恵子
2944,40.0,渋谷はるか,渋谷,はるか
2945,43.0,小島幸子,小島,幸子
2946,42.0,中山眞美,中山,眞美
2947,49.0,成嶋瞳子,成嶋,瞳子
2948,41.0,加藤真理子,加藤,真理子
2949,43.0,MayaHazen,M,ayaHazen
2950,46.0,しいなえいひ,し,いなえいひ
2951,47.0,太田詩音,太田,詩音
2952,44.0,宮前希依,宮前,希依
2953,42.0,北林明日香,北林,明日香
2954,41.0,浜崎茜,浜崎,茜
2955,46.0,我妻恵美子,我妻,恵美子
2956,44.0,おののいも,お,ののいも
2957,48.0,池崎美盤,池崎,美盤
2958,41.0,橋本美和,橋本,美和
2959,42.0,松本舞,松本,舞
2960,45.0,渋谷めぐみ,渋谷,めぐみ
2961,47.0,大和田礼子,大和田,礼子
2962,43.0,三枝奈都紀,三枝,奈都紀
2963,43.0,高瀬媛子,高瀬,媛子
2964,44.0,黒木陽子,黒木,陽子
2965,44.0,今野早苗,今野,早苗
2966,47.0,松本雅子,松本,雅子
2967,45.0,木村愛子,木村,愛子
2968,49.0,保坂エマ,保坂,エマ
2969,40.0,那須野恵,那須野,恵
2970,43.0,福田敦子,福田,敦子
2971,44.0,山口祐子,山口,祐子
2972,42.0,三浦綾乃,三浦,綾乃
2973,42.0,矢松亜由美,矢松,亜由美
2974,40.0,天野弘愛,天野,弘愛
2975,42.0,伊藤亜沙美,伊藤,亜沙美
2976,45.0,奏谷ひろみ,奏谷,ひろみ
2977,48.0,めぐ留,め,ぐ留
2978,49.0,横山美智代,横山,美智代
2979,41.0,齋藤晴香,齋藤,晴香
2980,46.0,むかいさとこ,む,かいさとこ
2981,48.0,広瀬彩,広瀬,彩
2982,40.0,津留崎夏子,津留崎,夏子
2983,40.0,内田亜紗子,内田,亜紗子
2984,41.0,藤岡杏,藤岡,杏
2985,43.0,常石梨乃,常石,梨乃
2986,44.0,深井順子,深井,順子
2987,41.0,高瀬あゆみ,高瀬,あゆみ
2988,42.0,公文裕子,公,文裕子
2989,41.0,中島芙美枝,中島,芙美枝
2990,47.0,松井佳子,松井,佳子
2991,44.0,長浜満里子,長浜,満里子
2992,48.0,工藤清美,工藤,清美
2993,45.0,五十嵐ミナ,五十嵐,ミナ
2994,43.0,平間美貴,平間,美貴
2995,43.0,望月寛子,望月,寛子
2996,45.0,松島紫代,松島,紫代
2997,42.0,こだまこずえ,こ,だまこずえ
2998,42.0,おのさなえ,お,のさなえ
2999,45.0,櫻井直美,櫻井,直美
3000,43.0,津田聖子,津田,聖子
3001,40.0,根岸絵美,根岸,絵美
3002,45.0,友倉由美子,友倉,由美子
3003,43.0,高桑晶子,高桑,晶子
3004,42.0,幸地尚子,幸地,尚子
3005,42.0,板垣真由子,板垣,真由子
3006,42.0,泉なお,泉,なお
3007,44.0,内田晴子,内田,晴子
3008,48.0,今井早苗,今井,早苗
3009,45.0,吉牟田眞奈,吉牟田,眞奈
3010,41.0,海野あかり,海野,あかり
3011,44.0,安部沙織,安部,沙織
3012,46.0,遼河はるひ,遼河,はるひ
3013,44.0,藤田麻衣子,藤田,麻衣子
3014,47.0,リン・チーリン,リ,ン・チーリン
3015,49.0,山崎直子,山崎,直子
3016,47.0,瀬奈じゅん,瀬奈,じゅん
3018,41.0,陽月華,陽月,華
3020,47.0,坂木優子,坂木,優子
3021,40.0,伊勢佳世,伊勢,佳世
3022,41.0,細野今日子,細野,今日子
3023,44.0,吉本菜穂子,吉本,菜穂子
3024,43.0,中村恭子,中村,恭子
3025,42.0,こいけけいこ,こ,いけけいこ
3026,47.0,佐藤恭子,佐藤,恭子
3027,48.0,本多真弓,本多,真弓
3028,44.0,佐伯桃子,佐伯,桃子
3029,44.0,伊東知香,伊東,知香
3030,40.0,大橋祐子,大橋,祐子
3031,40.0,原章子,原,章子
3032,43.0,中井理恵,中井,理恵
3033,41.0,宮田真帆,宮田,真帆
3034,40.0,田中里実,田中,里実
3035,47.0,石川ともみ,石川,ともみ
3036,45.0,今野麻美,今野,麻美
3037,42.0,伊佐美紀,伊,佐美紀
3038,40.0,藤本梓,藤本,梓
3039,41.0,岸本尚子,岸本,尚子
3040,41.0,佐藤真澄,佐藤,真澄
3041,42.0,河野仁美,河野,仁美
3042,45.0,田村直子,田村,直子
3043,41.0,佐伯めぐみ,佐伯,めぐみ
3044,42.0,中川えりか,中川,えりか
3045,47.0,岡部尚子,岡部,尚子
3046,41.0,鳳恵弥,鳳,恵弥
3047,41.0,柴やすよ,柴,やすよ
3048,48.0,小澤美和,小澤,美和
3049,48.0,岩本幸子,岩本,幸子
3050,43.0,石澤美和,石澤,美和
3051,41.0,林ひろこ,林,ひろこ
3052,45.0,川口凛,川口,凛
3053,42.0,森美和子,森,美和子
3054,40.0,勝又さゆり,勝又,さゆり
3055,41.0,宮下純,宮下,純
3056,47.0,泉美樹里,泉,美樹里
3057,45.0,田村めぐみ,田村,めぐみ
3058,44.0,阿部瑞穂,阿部,瑞穂
3059,43.0,羽鳥名美子,羽鳥名,美子
3060,41.0,松田真理,松田,真理
3061,48.0,板垣桃子,板垣,桃子
3062,42.0,津乃村真子,津乃村,真子
3063,45.0,杉山美保,杉山,美保
3064,46.0,小山田みずき,小山田,みずき
3065,43.0,押田美和,押田,美和
3066,42.0,大山ルミ,大山,ルミ
3067,40.0,平野茉莉子,平野,茉莉子
3068,40.0,菅由紀子,菅,由紀子
3069,46.0,水希友香,水,希友香
3070,44.0,富永茜,富永,茜
3071,49.0,金子珠美,金子,珠美
3072,41.0,服部華奈,服部,華奈
3073,40.0,吉岡亜美,吉岡,亜美
3074,41.0,桂木悠希,桂木,悠希
3075,44.0,栃原梨乃,栃原,梨乃
3076,47.0,井上カオリ,井上,カオリ
3077,49.0,花總まり,花總,まり
3078,43.0,川上慶子,川上,慶子
3079,43.0,米田弥央,米田,弥央
3080,48.0,日置明子,日置,明子
3082,40.0,美羽あさひ,美羽,あさひ
3083,41.0,桐山マキ,桐山,マキ
3084,43.0,石川香織,石川,香織
3085,41.0,林優子,林,優子
3086,45.0,小林こずえ,小林,こずえ
3087,41.0,川上友里,川上,友里
3088,46.0,斉藤幸恵,斉藤,幸恵
3089,42.0,美鳳あや,美鳳,あや
3090,41.0,坂井恭子,坂井,恭子
3091,41.0,せいのゆみ,せ,いのゆみ
3092,42.0,服部名々子,服部,名々子
3093,40.0,明日香,明日,香
3094,41.0,新妻聖子,新妻,聖子
3095,42.0,夕樹ゆう,夕樹,ゆう
3096,44.0,高橋美津子,高橋,美津子
3097,40.0,蜂谷眞未,蜂谷,眞未
3098,43.0,田山由起,田山,由起
3099,42.0,深瀬美月,深瀬,美月
3100,43.0,室井美香,室井,美香
3101,48.0,千葉綾乃,千葉,綾乃
3102,41.0,伯鞘麗名,伯鞘,麗名
3103,41.0,蓮見のりこ,蓮見,のりこ
3104,49.0,秋山恭子,秋山,恭子
3105,44.0,若井なおみ,若井,なおみ
3106,46.0,浅井ひとみ,浅井,ひとみ
3107,49.0,坂本みか,坂本,みか
3108,45.0,根本優子,根本,優子
3109,42.0,吉田英美,吉田,英美
3110,43.0,関根洋子,関根,洋子
3111,44.0,内田悠子,内田,悠子
3112,40.0,多田圭声,多田,圭声
3113,45.0,金城尚美,金城,尚美
3114,41.0,阿部和,阿部,和
3115,40.0,竹田朋華,竹田,朋華
3116,47.0,吉村晃,吉村,晃
3117,48.0,福田里加,福田,里加
3118,41.0,中野愛弓,中野,愛弓
3119,47.0,金子ゆい,金子,ゆい
3120,45.0,藤川恵梨,藤川,恵梨
3121,44.0,立石由衣,立石,由衣
3122,40.0,黒崎照,黒崎,照
3123,48.0,坂本麻紀子,坂本,麻紀子
3124,43.0,野上マヤ,野上,マヤ
3125,46.0,東條織江,東條,織江
3126,45.0,中井裕美,中井,裕美
3127,43.0,小清水希,小清水,希
3128,40.0,多田実喜,多田,実喜
3129,46.0,関塚まいこ,関塚,まいこ
3130,43.0,坂内愛,坂内,愛
3131,47.0,愛田芽久,愛田,芽久
3132,47.0,樋口真衣,樋口,真衣
3133,44.0,栗本有美子,栗本,有美子
3134,48.0,斉藤和希,斉藤,和希
3135,48.0,平田友子,平田,友子
3136,42.0,石塚奈津美,石塚,奈津美
3137,42.0,岩下貴子,岩下,貴子
3138,43.0,道明寺まり,道明寺,まり
3139,46.0,亀田京子,亀田,京子
3140,46.0,坂本法子,坂本,法子
3141,49.0,穐吉次代,穐,吉次代
3142,42.0,荻野みかん,荻野,みかん
3143,45.0,明日嘉,明日,嘉
3144,43.0,伴沙織,伴,沙織
3145,42.0,飯尾麻耶,飯尾,麻耶
3146,42.0,山口かほり,山口,かほり
3147,41.0,小山マチコ,小山,マチコ
3148,40.0,矢内久美子,矢内,久美子
3149,41.0,河村恵美,河村,恵美
3150,42.0,須田美穂,須田,美穂
3151,43.0,中澤美扇,中澤,美扇
3152,40.0,ナタリー・ドーマー,ナ,タリー・ドーマー
3153,40.0,ジェシカ・ビール,ジ,ェシカ・ビール
3154,42.0,キャサリン・ウォーターストン,キ,ャサリン・ウォーターストン
3155,46.0,ミラ・ジョボビッチ,ミ,ラ・ジョボビッチ
3156,46.0,アリ・ラーター,ア,リ・ラーター
3157,44.0,KIKI,K,IKI
3158,41.0,エバ・グリーン,エ,バ・グリーン
3159,48.0,冨樫真,冨樫,真
3160,46.0,大路恵美,大路,恵美
3161,48.0,明羽美姫,明羽,美姫
3162,47.0,井出栞,井出,栞
3163,48.0,泉田珠華,泉田,珠華
3164,48.0,内八重友賀,内八,重友賀
3165,47.0,遠藤好,遠藤,好
3166,45.0,小川曜子,小川,曜子
3167,44.0,梶敦美,梶,敦美
3168,44.0,加治佐悠,加,治佐悠
3169,49.0,川先宏美,川先,宏美
3170,43.0,小林由梨,小林,由梨
3171,42.0,ザキ☆ユリ,ザ,キ☆ユリ
3172,43.0,佐藤匡美,佐藤,匡美
3173,44.0,白木順子,白木,順子
3174,44.0,髙橋美和子,髙橋,美和子
3175,43.0,西浦八恵子,西浦,八恵子
3176,45.0,西野まり,西野,まり
3177,47.0,茂中瑛子,茂中,瑛子
3178,48.0,山平嘉子,山平,嘉子
3179,46.0,渡辺かな子,渡辺,かな子
3180,49.0,大貫ユキコ,大貫,ユキコ
3181,48.0,武村真弓,武村,真弓
3182,40.0,牛島万智子,牛島,万智子
3183,49.0,平野実笳,平野,実笳
3184,49.0,西尾景子,西尾,景子
3185,45.0,有輝知春,有,輝知春
3186,43.0,大島奈穂美,大島,奈穂美
3187,42.0,松本具子,松本,具子
3188,47.0,藤崎聡子,藤崎,聡子
3189,48.0,明良まみこ,明良,まみこ
3190,48.0,磯脇やそよ,磯脇,やそよ
3191,46.0,金村瞳,金村,瞳
3192,40.0,中村つむぎ,中村,つむぎ
3193,40.0,王子菜摘子,王子,菜摘子
3194,40.0,大浴ちひろ,大浴,ちひろ
3195,45.0,小林音子,小林,音子
3196,44.0,木下実香,木下,実香
3197,43.0,田原江利子,田原,江利子
3198,49.0,岩村春花,岩村,春花
3199,49.0,勇来佳加,勇来,佳加
3200,43.0,恒川愛子,恒川,愛子
3201,47.0,境谷純,境谷,純
3202,41.0,栁澤美由紀,栁澤,美由紀
3203,44.0,大浦理美恵,大浦,理美恵
3204,43.0,高嶋みあり,高嶋,みあり
3205,46.0,宮﨑順子,宮﨑,順子
3206,47.0,得田舞美,得田,舞美
3207,49.0,村瀬香奈,村瀬,香奈
3208,42.0,和田瑠子,和田,瑠子
3209,47.0,しゅはまはるみ,し,ゅはまはるみ
3210,42.0,川西佑佳,川西,佑佳
3211,43.0,梶美由紀,梶,美由紀
3212,44.0,島岡花,島岡,花
3213,48.0,成田好美,成田,好美
3214,42.0,森谷あかり,森谷,あかり
3215,42.0,有里湖,有,里湖
3216,46.0,豊岡りずむ,豊岡,りずむ
3217,49.0,木内亜希子,木内,亜希子
3218,48.0,ほんだりんこ,ほ,んだりんこ
3219,42.0,吉川加代子,吉川,加代子
3220,42.0,冨士かおり,冨士,かおり
3221,40.0,實川貴美子,實川,貴美子
3222,48.0,黒田こらん,黒田,こらん
3223,41.0,楠玲奈,楠,玲奈
3224,43.0,青山倫子,青山,倫子
3225,45.0,徳田真由美,徳田,真由美
3226,47.0,迫真由美,迫,真由美
3227,49.0,細谷里絵,細谷,里絵
3228,43.0,PaceWu,P,aceWu
3229,48.0,布川美生,布川,美生
3230,45.0,岡山祥子,岡山,祥子
3231,43.0,染谷妃波,染谷,妃波
3232,41.0,守屋利香,守屋,利香
3233,47.0,根本貴美子,根本,貴美子
3234,44.0,永井美羽,永井,美羽
3235,43.0,谷坂宜子,谷坂,宜子
3236,48.0,七瀬忍,七瀬,忍
3237,42.0,桜井千寿,桜井,千寿
3238,47.0,まひろ,ま,ひろ
3239,43.0,大見恵子,大見,恵子
3240,42.0,栗林真弓,栗林,真弓
3241,48.0,目黒未奈,目黒,未奈
3242,46.0,太田志津香,太田,志津香
3243,47.0,片渕忍,片渕,忍
3244,49.0,太刀川亞希,太刀川,亞希
3245,47.0,浅海彩子,浅海,彩子
3246,48.0,大野容子,大野,容子
3247,46.0,添田園子,添田,園子
3248,40.0,菱田麻美,菱田,麻美
3249,44.0,中塚みの,中塚,みの
3250,43.0,篠山美咲,篠山,美咲
3251,44.0,奈良﨑まどか,奈良﨑,まどか
3252,49.0,御園生尊子,御園生,尊子
3253,49.0,安岡由記子,安岡,由記子
3254,47.0,植村りんこ,植村,りんこ
3255,40.0,堀部由加里,堀部,由加里
3256,41.0,阿美朝子,阿美,朝子
3257,40.0,木内晶子,木内,晶子
3258,46.0,飯田千賀,飯田,千賀
3259,49.0,長井槇子,長井,槇子
3260,43.0,中本智恵美,中本,智恵美
3261,43.0,重村真智子,重村,真智子
3262,45.0,坂井三恵,坂井,三恵
3263,45.0,桑名しのぶ,桑名,しのぶ
3264,49.0,塩湯真弓,塩湯,真弓
3265,47.0,ババヒロミ,バ,バヒロミ
3266,46.0,松浦羽伽子,松浦,羽伽子
3267,41.0,上村公臣代,上村,公臣代
3268,48.0,朋菜歩,朋,菜歩
3270,48.0,奥山佳恵,奥山,佳恵
3271,45.0,須藤理彩,須藤,理彩
3272,48.0,六車奈々,六車,奈々
3273,49.0,松浦真希,松浦,真希
3274,44.0,堀内里美,堀内,里美
3275,44.0,横田周,横田,周
3276,48.0,白樫由紀子,白樫,由紀子
3277,47.0,関本聖,関本,聖
3278,47.0,間宮知子,間宮,知子
3279,40.0,丹羽奈津子,丹羽,奈津子
3280,46.0,美鈴響子,美,鈴響子
3281,42.0,小舘絵梨,小舘,絵梨
3282,45.0,福寿奈央,福,寿奈央
3283,40.0,谷川未佳,谷川,未佳
3284,47.0,辻良江,辻,良江
3285,43.0,田井弘子,田井,弘子
3286,43.0,井川桜子,井川,桜子
3287,45.0,大木美野,大木,美野
3288,47.0,門田かおり,門田,かおり
3289,41.0,堀川果奈,堀川,果奈
3290,48.0,蟹澤れい子,蟹澤,れい子
3291,45.0,神山真琴,神山,真琴
3292,43.0,遠矢サトル,遠矢,サトル
3293,41.0,草壁晶子,草壁,晶子
3294,49.0,香純恭,香,純恭
3295,46.0,根岸瑞穂,根岸,瑞穂
3296,46.0,おにづかもも,お,にづかもも
3297,48.0,秋山亜紀子,秋山,亜紀子
3298,40.0,江原朱美,江原,朱美
3299,42.0,大山秋,大山,秋
3300,42.0,相楽満子,相楽,満子
3301,49.0,重野恵,重野,恵
3302,43.0,武智香織,武,智香織
3303,42.0,永田江里,永田,江里
3304,48.0,中山万紀,中山,万紀
3305,41.0,蒔田祐子,蒔田,祐子
3306,41.0,伊関由維,伊関,由維
3307,44.0,高山まさみ,高山,まさみ
3308,41.0,矢島美鶴,矢島,美鶴
3309,42.0,手嶋綾乃,手嶋,綾乃
3310,47.0,中津美幸,中津,美幸
3311,42.0,松浦絵里,松浦,絵里
3312,41.0,布施曜子,布施,曜子
3313,40.0,野澤もも,野澤,もも
3314,46.0,奥恭子,奥,恭子
3315,43.0,梅原清美,梅原,清美
3316,41.0,文月一花,文月,一花
3317,41.0,彩みづ希,彩,みづ希
3318,48.0,飯田啓子,飯田,啓子
3319,45.0,大久保なつみ,大久保,なつみ
3320,41.0,香取麻衣子,香取,麻衣子
3321,43.0,國田美和,國田,美和
3322,48.0,浪岡花子,浪岡,花子
3323,49.0,松尾なおこ,松尾,なおこ
3324,46.0,山本珠乃,山本,珠乃
3325,49.0,脇本薫,脇本,薫
3326,41.0,松田沙紀,松田,沙紀
3327,44.0,的野昭子,的野,昭子
3328,41.0,髙安智実,髙安,智実
3329,48.0,大舘幸代,大舘,幸代
3330,41.0,庄司まり,庄司,まり
3331,47.0,黒岩靖恵,黒岩,靖恵
3332,41.0,入口夕布,入口,夕布
3333,43.0,若山栄子,若山,栄子
3334,41.0,石上香里,石上,香里
3335,41.0,山路梨瀬,山路,梨瀬
3336,46.0,吉本亜都子,吉本,亜都子
3337,46.0,嶋田奏子,嶋田,奏子
3338,40.0,朝倉亜実,朝倉,亜実
3339,48.0,小巻(エンジェルこま),小巻,(エンジェルこま)
3340,47.0,織原りえ,織原,りえ
3341,43.0,友田安伊子,友田,安伊子
3342,40.0,酒井理香,酒井,理香
3343,46.0,鯉沼トキ,鯉沼,トキ
3344,47.0,森山静香,森山,静香
3345,43.0,山家悠,山家,悠
3346,46.0,みやきかのん,み,やきかのん
3347,47.0,野々宮かおり,野々宮,かおり
3348,43.0,東海林梨紗,東海林,梨紗
3349,46.0,石原身知子,石原,身知子
3350,40.0,吉野実紗,吉野,実紗
3351,49.0,葉月里香,葉月,里香
3352,47.0,藤水美流,藤水,美流
3353,46.0,渡部桜,渡部,桜
3354,43.0,涼葉紅美,涼葉,紅美
3355,40.0,板野清夏,板野,清夏
3356,44.0,坂井朋子,坂井,朋子
3357,41.0,宮坂あゆみ,宮坂,あゆみ
3358,45.0,栗田愛巳,栗田,愛巳
3359,40.0,渡辺京,渡辺,京
3360,43.0,溝口亜紀,溝口,亜紀
3361,41.0,安田依通子,安田,依通子
3362,42.0,當島未来,當島,未来
3363,49.0,矢野トモ子,矢野,トモ子
3364,48.0,ふるたこうこ,ふ,るたこうこ
3365,46.0,前嶋のの,前嶋,のの
3366,40.0,蒲生麻由,蒲生,麻由
3367,43.0,白山エリナ,白山,エリナ
3368,47.0,沖中千英乃,沖中,千英乃
3369,45.0,碓井由美,碓井,由美
3370,46.0,本間弘美,本間,弘美
3371,43.0,笛木美佳,笛木,美佳
3372,43.0,雨音めぐみ,雨音,めぐみ
3373,45.0,竹光桂子,竹光,桂子
3374,48.0,永田美妙,永田,美妙
3375,42.0,紙本明子,紙本,明子
3376,41.0,井上晴賀,井上,晴賀
3377,42.0,水谷真利子,水谷,真利子
3378,49.0,香椎優花,香椎,優花
3379,42.0,土谷暢子,土谷,暢子
3380,42.0,三浦久枝,三浦,久枝
3381,47.0,田所草子,田所,草子
3382,44.0,荻原明子,荻原,明子
3383,46.0,樺山資子,樺山,資子
3384,48.0,川井桃子,川井,桃子
3385,49.0,佐藤七重,佐藤,七重
3386,46.0,孕石きよ,孕石,きよ
3387,40.0,渡部絵里香,渡部,絵里香
3388,40.0,上野旭,上野,旭
3389,49.0,高木幸美,高木,幸美
3390,46.0,松井理保,松井,理保
3391,47.0,山崎未花,山崎,未花
3392,43.0,ミツハシサエ,ミツハ,シサエ
3393,41.0,龍田知美,龍田,知美
3394,41.0,齋藤友映,齋藤,友映
3395,45.0,みやむらゆみこ,み,やむらゆみこ
3396,41.0,栗原絵理,栗原,絵理
3397,43.0,相沢紗世,相沢,紗世
3398,44.0,藤沢かりん(業務提携),藤沢,かりん(業務提携)
3399,43.0,安河内理恵,安河内,理恵
3400,42.0,原田遥,原田,遥
3401,40.0,須藤沙耶,須藤,沙耶
3402,46.0,茜部真弓,茜部,真弓
3403,43.0,横幕和美,横幕,和美
3404,49.0,多辺田智里,多辺田,智里
3405,40.0,クシダ杏沙,クシダ,杏沙
3406,44.0,金沢涼恵,金沢,涼恵
3407,49.0,福田らん,福田,らん
3408,47.0,夕花里咲,夕花,里咲
3409,41.0,こんどうえみこ,こ,んどうえみこ
3410,40.0,中田由布,中田,由布
3411,47.0,澤谷香織,澤谷,香織
3412,46.0,秋吉京,秋吉,京
3413,48.0,新澤泉,新澤,泉
3414,41.0,飯野遠,飯野,遠
3415,43.0,石橋さなえ,石橋,さなえ
3416,42.0,鈴木崇乃,鈴木,崇乃
3417,40.0,矢田しのぶ,矢田,しのぶ
3418,43.0,朝倉詩,朝倉,詩
3419,46.0,全リンダ,全,リンダ
3420,47.0,鶴岡幸乃,鶴岡,幸乃
3421,49.0,鈴木美生代,鈴木,美生代
3422,48.0,あしまゆぅみ,あ,しまゆぅみ
3423,45.0,岡優美子,岡,優美子
3424,47.0,松山ケメ子,松山,ケメ子
3425,46.0,南加絵,南,加絵
3426,45.0,真木順子,真木,順子
3427,42.0,池谷奏美,池谷,奏美
3428,44.0,岡部雅子,岡部,雅子
3429,45.0,藤臣香乃,藤,臣香乃
3430,45.0,竹村千穂,竹村,千穂
3431,46.0,此弥あろ,此弥,あろ
3432,47.0,YOSHI,Y,OSHI
3433,41.0,神川真里,神川,真里
3434,45.0,紀村梨夏,紀村,梨夏
3435,41.0,柳澤由佳,柳澤,由佳
3436,46.0,石澤幸子,石澤,幸子
3437,45.0,宮坂ゆき,宮坂,ゆき
3438,49.0,下石知美,下石,知美
3439,43.0,よっこ,よ,っこ
3440,49.0,やなしまみほ,や,なしまみほ
3441,48.0,今科子,今科,子
3442,47.0,岡本易代,岡本,易代
3443,47.0,牧田未央,牧田,未央
3444,46.0,相原美奈子,相原,美奈子
3445,41.0,衣咲真音,衣咲,真音
3446,43.0,花田瞳,花田,瞳
3447,42.0,枝村明子,枝村,明子
3448,45.0,駒形美如,駒形,美如
3449,48.0,ザンヨウコ,ザ,ンヨウコ
3450,43.0,林美織,林,美織
3451,43.0,富咲めぐみ,富咲,めぐみ
3452,49.0,武藤りさ,武藤,りさ
3453,44.0,中道有紀,中道,有紀
3454,45.0,礒春陽,礒,春陽
3455,48.0,田中利早子,田中,利早子
3456,42.0,友寄由香利,友寄,由香利
3457,43.0,山本舞衣子,山本,舞衣子
3458,48.0,実生倖夜,実生,倖夜
3459,43.0,高橋瑞佳,高橋,瑞佳
3460,46.0,田中智香子,田中,智香子
3461,40.0,田中麻香,田中,麻香
3462,40.0,小継梨紗,小,継梨紗
3463,49.0,舘智子,舘,智子
3464,43.0,早希なな,早希,なな
3465,44.0,栗原みぃか,栗原,みぃか
3466,45.0,新木祐子,新木,祐子
3467,40.0,斉藤まりえ,斉藤,まりえ
3468,44.0,安野由記子,安野,由記子
3469,41.0,中尾春水,中尾,春水
3470,41.0,濱田真伊,濱田,真伊
3471,41.0,局田奈都子,局田,奈都子
3472,45.0,立花明依,立花,明依
3473,41.0,サリngROCK,サ,リngROCK
3474,45.0,かとう郁子,かとう,郁子
3475,46.0,西澤尚美,西澤,尚美
3476,42.0,石坂いつか,石坂,いつか
3477,40.0,岩﨑亜希子,岩﨑,亜希子
3478,40.0,杉吉結,杉吉,結
3479,41.0,吉澤実里,吉澤,実里
3480,47.0,かわづ恵,か,わづ恵
3481,49.0,並ナミコ,並,ナミコ
3482,47.0,徳竹由起,徳竹,由起
3483,49.0,上森ひろみ,上森,ひろみ
3484,41.0,岩佐希利子,岩佐,希利子
3485,47.0,藤川央子,藤川,央子
3486,43.0,池渕厚子,池渕,厚子
3487,46.0,相澤美穂,相澤,美穂
3488,49.0,斉藤範子,斉藤,範子
3489,40.0,羽衣堂愛彩,羽衣堂,愛彩
3490,44.0,三留奈奈,三,留奈奈
3491,45.0,川野桂子,川野,桂子
3492,43.0,茂川みちる,茂川,みちる
3493,42.0,内山真希,内山,真希
3494,46.0,手塚美南子,手塚,美南子
3495,40.0,アンナ・ミヤ,ア,ンナ・ミヤ
3496,45.0,庄美穂子,庄,美穂子
3497,40.0,里於奈,里,於奈
3498,42.0,大藤健史,大藤,健史
3499,44.0,桑本直美,桑本,直美
3500,47.0,北条ナオ,北条,ナオ
3501,42.0,柚希礼音,柚,希礼音
3502,44.0,森下ひさえ,森下,ひさえ
3503,45.0,橘真由,橘,真由
3504,47.0,小島法子,小島,法子
3505,40.0,やくわけいこ,や,くわけいこ
3506,49.0,さとう珠緒(業務提携),さとう,珠緒(業務提携)
3507,48.0,岡田理江(業務提携),岡田,理江(業務提携)
3508,44.0,笹峯愛(業務提携),笹峯,愛(業務提携)
3509,47.0,IKU,I,KU
3510,42.0,荒井志乃,荒井,志乃
3511,40.0,なしお成,な,しお成
3512,42.0,岡村亜紀,岡村,亜紀
3513,42.0,海徳桃代,海徳,桃代
3514,45.0,原口志保,原口,志保
3515,42.0,田村さやか,田村,さやか
3516,43.0,真尾根光里,真尾根,光里
3517,43.0,京野ことみ,京野,ことみ
3518,46.0,鈴木蘭々,鈴木,蘭々
3519,46.0,宝積有香,宝積,有香
3520,46.0,川田希,川田,希
3521,40.0,田中千絵,田中,千絵
3522,42.0,田崎那奈,田崎,那奈
3523,47.0,持田真樹,持田,真樹
3524,48.0,唯野未歩子,唯野,未歩子
3525,43.0,小西真奈美,小西,真奈美
3526,44.0,真田麻垂美,真田,麻垂美
3527,45.0,丸岡真由子,丸岡,真由子
3528,40.0,大山恵理乃,大山,恵理乃
3529,45.0,上泉弘美,上泉,弘美
3530,40.0,川嵜めぐみ,川嵜,めぐみ
3531,46.0,鈴井優,鈴井,優
3532,41.0,田坂理絵,田坂,理絵
3533,40.0,宮之脇佳織,宮之脇,佳織
3534,52.0,石田ゆり子,石田,ゆり子
3535,57.0,高島礼子,高島,礼子
3536,54.0,天海祐希,天海,祐希
3537,55.0,斉藤由貴,斉藤,由貴
3538,57.0,山口智子,山口,智子
3539,54.0,原田知世,原田,知世
3540,51.0,永作博美,永作,博美
3541,53.0,武田久美子,武田,久美子
3542,50.0,檀れい,檀,れい
3543,51.0,酒井法子,酒井,法子
3544,56.0,沢口靖子,沢口,靖子
3545,51.0,木村多江,木村,多江
3546,53.0,菊池桃子,菊池,桃子
3547,58.0,真矢ミキ,真矢,ミキ
3548,53.0,鈴木京香,鈴木,京香
3549,53.0,松下由樹,松下,由樹
3550,55.0,江角マキコ,江角,マキコ
3551,59.0,片桐はいり,片桐,はいり
3552,53.0,杉本彩,杉本,彩
3553,55.0,若村麻由美,若村,麻由美
3554,55.0,若村麻由美,若村,麻由美
3555,55.0,江角マキコ,江角,マキコ
3556,53.0,大塚寧々,大塚,寧々
3557,58.0,南果歩,南,果歩
3558,52.0,西田尚美,西田,尚美
3559,52.0,相田翔子,相田,翔子
3560,51.0,和久井映見,和久井,映見
3561,55.0,堀ちえみ,堀,ちえみ
3562,53.0,紫吹淳,紫吹,淳
3563,55.0,安田成美,安田,成美
3564,50.0,牧瀬里穂,牧瀬,里穂
3565,52.0,浅香唯,浅,香唯
3566,50.0,堀内敬子,堀内,敬子
3567,58.0,麻生祐未,麻生,祐未
3568,53.0,夏川結衣,夏川,結衣
3569,56.0,藤田朋子,藤田,朋子
3570,56.0,柏原芳恵,柏原,芳恵
3571,51.0,工藤夕貴,工藤,夕貴
3572,55.0,森尾由美,森尾,由美
3573,56.0,川上麻衣子,川上,麻衣子
3574,55.0,森尾由美,森尾,由美
3575,54.0,いしのようこ,い,しのようこ
3576,57.0,杉田かおる,杉田,かおる
3577,57.0,エド・はるみ,エ,ド・はるみ
3578,55.0,伊藤かずえ,伊藤,かずえ
3579,56.0,財前直見,財前,直見
3580,57.0,一路真輝,一路,真輝
3581,58.0,未知やすえ,未知,やすえ
3582,59.0,白石まるみ,白石,まるみ
3583,53.0,芳本美代子,芳本,美代子
3584,53.0,鈴木早智子,鈴木,早智子
3585,51.0,奥貫薫,奥貫,薫
3586,57.0,桐島かれん,桐島,かれん
3587,54.0,有森也実,有森,也実
3588,57.0,いとうまい子,いとうま,い子
3589,59.0,秋本奈緒美,秋本,奈緒美
3590,50.0,吉本多香美,吉本,多香美
3591,56.0,草刈民代,草刈,民代
3592,52.0,仙道敦子,仙道,敦子
3593,52.0,葉山レイコ,葉山,レイコ
3594,52.0,横山めぐみ,横山,めぐみ
3595,56.0,草刈民代,草刈,民代
3596,50.0,黒沢あすか,黒沢,あすか
3597,56.0,犬山イヌコ,犬山,イヌコ
3598,53.0,大西結花,大西,結花
3599,59.0,香坂みゆき,香坂,みゆき
3600,50.0,川原亜矢子,川原,亜矢子
3601,51.0,朝岡実嶺,朝岡,実嶺
3602,51.0,清水美沙,清水,美沙
3603,56.0,古村比呂,古村,比呂
3604,50.0,中嶋朋子,中嶋,朋子
3605,58.0,北原佐和子,北原,佐和子
3606,50.0,大竹一重,大竹,一重
3607,55.0,森口瑤子,森口,瑤子
3608,53.0,河合美智子,河合,美智子
3609,54.0,高田聖子,高田,聖子
3610,57.0,洞口依子,洞口,依子
3611,55.0,青山知可子,青山,知可子
3612,56.0,比企理恵,比企,理恵
3613,51.0,中島ひろ子,中島,ひろ子
3614,57.0,洞口依子,洞口,依子
3615,50.0,つみきみほ,つ,みきみほ
3616,56.0,原田貴和子,原田,貴和子
3617,53.0,渡辺真起子,渡辺,真起子
3618,53.0,網浜直子,網浜,直子
3619,55.0,生田智子,生田,智子
3620,54.0,森奈みはる,森奈,みはる
3621,50.0,片岡礼子,片岡,礼子
3622,54.0,相楽晴子,相楽,晴子
3623,50.0,朝海ひかる,朝海,ひかる
3624,50.0,若林志穂,若林,志穂
3625,54.0,高橋靖子,高橋,靖子
3626,55.0,中村あずさ,中村,あずさ
3627,51.0,一青妙,一,青妙
3628,56.0,香寿たつき,香寿,たつき
3629,53.0,渡辺梓,渡辺,梓
3630,51.0,原久美子,原,久美子
3631,50.0,仁藤優子,仁藤,優子
3632,50.0,中村綾,中村,綾
3633,58.0,あめくみちこ,あ,めくみちこ
3634,53.0,渡辺梓,渡辺,梓
3635,50.0,湖月わたる,湖月,わたる
3636,50.0,大家由祐子,大家,由祐子
3637,57.0,鳥居かほり,鳥居,かほり
3638,50.0,中原果南,中原,果南
3639,50.0,池谷のぶえ,池谷,のぶえ
3640,58.0,平田敦子,平田,敦子
3641,50.0,風花舞,風花,舞
3642,52.0,立原麻衣,立原,麻衣
3643,53.0,湯屋敦子,湯屋,敦子
3644,52.0,池津祥子,池津,祥子
3645,51.0,彩輝なお,彩輝,なお
3646,53.0,五十嵐いづみ,五十嵐,いづみ
3647,57.0,峯村リエ,峯村,リエ
3648,54.0,松岡由美,松岡,由美
3649,53.0,藤森夕子,藤森,夕子
3650,56.0,沢海陽子,沢海,陽子
3651,55.0,宮地雅子,宮地,雅子
3652,53.0,舟木幸,舟木,幸
3653,57.0,水島かおり,水島,かおり
3654,56.0,沢海陽子,沢海,陽子
3655,50.0,久保恵子,久保,恵子
3656,51.0,池田有希子,池田,有希子
3657,51.0,阿南敦子,阿南,敦子
3658,58.0,山下裕子,山下,裕子
3659,56.0,宍戸美和公,宍戸,美和公
3660,59.0,未來貴子,未來,貴子
3661,50.0,街田しおん,街田,しおん
3662,51.0,村岡希美,村岡,希美
3663,53.0,渚あき,渚,あき
3665,56.0,長谷部香苗,長谷部,香苗
3666,57.0,紫とも,紫,とも
3667,55.0,斉藤レイ,斉藤,レイ
3668,59.0,宮田早苗,宮田,早苗
3669,51.0,赤間麻里子,赤間,麻里子
3670,53.0,北浦共笑,北浦,共笑
3671,57.0,山崎美貴,山崎,美貴
3672,50.0,川村ティナ,川村,ティナ
3673,50.0,原田里香,原田,里香
3674,58.0,坪井木の実,坪井,木の実
3675,50.0,原田里香,原田,里香
3676,56.0,橘ゆかり,橘,ゆかり
3677,59.0,山像かおり,山像,かおり
3678,53.0,佐藤真弓,佐藤,真弓
3679,53.0,勇直子,勇,直子
3680,57.0,椿鮒子,椿,鮒子
3681,50.0,松梨智子,松梨,智子
3682,52.0,安藤麻吹,安藤,麻吹
3683,55.0,星ようこ,星,ようこ
3684,56.0,広岡由里子,広岡,由里子
3685,51.0,氏家恵,氏家,恵
3686,56.0,吉行由実,吉,行由実
3687,51.0,西牟田恵,西牟田,恵
3688,52.0,岡寛恵,岡,寛恵
3689,54.0,中島陽子,中島,陽子
3690,53.0,岩橋道子,岩橋,道子
3691,53.0,滝沢涼子,滝沢,涼子
3692,56.0,山野海,山野,海
3693,54.0,藤本喜久子,藤本,喜久子
3694,54.0,長田奈麻,長田,奈麻
3695,52.0,かとうあつき,か,とうあつき
3697,53.0,めぐまりこ,め,ぐまりこ
3698,52.0,入絵加奈子,入絵,加奈子
3699,51.0,荒井乃梨子,荒井,乃梨子
3700,57.0,天祭揚子,天,祭揚子
3701,50.0,田野聖子,田野,聖子
3702,57.0,大峯麻友,大峯,麻友
3703,56.0,土屋貴子,土屋,貴子
3704,52.0,山本カナコ,山本,カナコ
3705,56.0,詩乃優花,詩,乃優花
3706,52.0,鈴木智絵,鈴木,智絵
3707,52.0,城山美佳子,城山,美佳子
3708,55.0,坂口理恵,坂口,理恵
3709,58.0,斉藤絵里,斉藤,絵里
3710,55.0,菅原あき,菅原,あき
3711,54.0,日高奈留美,日高,奈留美
3712,51.0,浜菜みやこ,浜菜,みやこ
3713,56.0,那須佐代子,那須,佐代子
3714,55.0,坂口理恵,坂口,理恵
3715,52.0,丸山優子,丸山,優子
3716,53.0,河合亞美,河合,亞美
3717,54.0,内田淳子,内田,淳子
3718,56.0,押谷かおり,押谷,かおり
3719,59.0,愛川裕子,愛川,裕子
3720,53.0,辻しのぶ,辻,しのぶ
3721,50.0,鬼頭典子,鬼頭,典子
3722,50.0,千田訓子,千田,訓子
3723,50.0,山下葉子,山下,葉子
3724,54.0,桜井結花,桜井,結花
3725,53.0,曽木亜古弥,曽木,亜古弥
3726,57.0,酒井由美子,酒井,由美子
3727,51.0,高田景子,高田,景子
3728,57.0,八十川真由野,八十川,真由野
3729,54.0,五条まい,五条,まい
3730,56.0,金沢映子,金沢,映子
3731,53.0,ひがし由貴,ひがし,由貴
3732,52.0,瀬尾智美,瀬尾,智美
3733,52.0,安澤千草,安澤,千草
3734,54.0,星野光代,星野,光代
3735,57.0,吉内里美,吉内,里美
3736,54.0,大島明美,大島,明美
3737,58.0,しのへけい子,しのへけ,い子
3738,52.0,近内仁子,近内,仁子
3739,57.0,堂ノ脇恭子,堂ノ脇,恭子
3740,56.0,真下有紀,真下,有紀
3741,58.0,津田真澄,津田,真澄
3742,52.0,野々村のん,野々村,のん
3743,55.0,松熊つる松,松熊,つる松
3744,59.0,津島令子,津島,令子
3745,58.0,今江冬子,今江,冬子
3746,57.0,小林沙世子,小林,沙世子
3747,57.0,松山尚子,松山,尚子
3748,59.0,露のききょう,露,のききょう
3749,57.0,中島奏,中島,奏
3750,53.0,野中希,野中,希
3751,51.0,倉田恭子,倉田,恭子
3752,54.0,原千果子,原,千果子
3753,51.0,澤口夏奈子,澤口,夏奈子
3754,53.0,麻里万里,麻里,万里
3755,54.0,あさいゆきの,あ,さいゆきの
3756,51.0,澤口夏奈子,澤口,夏奈子
3757,56.0,美輝明希,美,輝明希
3758,52.0,小宮詩乃,小宮,詩乃
3759,54.0,斉藤こず恵,斉藤,こず恵
3760,54.0,栗林綾子,栗林,綾子
3761,58.0,渡辺杉枝,渡辺,杉枝
3762,50.0,関口美保子,関口,美保子
3763,52.0,白神直子,白神,直子
3764,51.0,児玉千春,児玉,千春
3765,54.0,楠見薫,楠見,薫
3766,53.0,嶋田典子,嶋田,典子
3767,54.0,渡辺道子,渡辺,道子
3768,51.0,猪谷洋子,猪谷,洋子
3769,52.0,みそ乃,み,そ乃
3770,52.0,三浦純子,三浦,純子
3771,50.0,田畑菜苗,田畑,菜苗
3772,51.0,北村由里,北村,由里
3773,52.0,白土直子,白土,直子
3774,53.0,濱田マリ,濱田,マリ
3775,53.0,中島史恵,中島,史恵
3776,56.0,はやしだみき,は,やしだみき
3777,50.0,伊藤有希,伊藤,有希
3778,51.0,椿ゆきこ,椿,ゆきこ
3779,54.0,建部和美,建部,和美
3780,57.0,植野葉子,植野,葉子
3781,50.0,中野若葉,中野,若葉
3782,56.0,日高久美子,日高,久美子
3783,51.0,駒田真紀,駒田,真紀
3784,54.0,眞継玉青,眞継玉,青
3785,52.0,伊原みな,伊原,みな
3786,55.0,石黒亜実,石黒,亜実
3787,59.0,七瀬ゆり,七瀬,ゆり
3788,54.0,小森琴世,小森,琴世
3789,50.0,細川ふみえ,細川,ふみえ
3790,56.0,呑山仁奈子,呑山,仁奈子
3791,56.0,神奈美衣,神,奈美衣
3792,57.0,吉田陽子,吉田,陽子
3793,50.0,井手規愛,井手,規愛
3794,57.0,麻生かづこ,麻生,かづこ
3795,59.0,七瀬ゆり,七瀬,ゆり
3796,54.0,藤井千夏,藤井,千夏
3797,54.0,高久律子,高久,律子
3798,57.0,有田志乃,有田,志乃
3799,56.0,城戸美夜,城戸,美夜
3800,57.0,朝麻陽子,朝麻,陽子
3801,52.0,猫田直,猫田,直
3802,59.0,秋津有希,秋津,有希
3803,52.0,児玉ちえ,児玉,ちえ
3804,55.0,谷川裕江,谷川,裕江
3805,58.0,岡尾真理,岡尾,真理
3806,59.0,村松恭子,村松,恭子
3807,52.0,新井友香,新井,友香
3808,54.0,飯島直子,飯島,直子
3809,51.0,三咲順子,三咲,順子
3810,55.0,米谷美穂,米谷,美穂
3811,52.0,白石さおり,白石,さおり
3812,51.0,三鴨絵里子,三鴨,絵里子
3813,51.0,北野祐子,北野,祐子
3814,54.0,藤えりな,藤,えりな
3815,59.0,秋津有希,秋津,有希
3816,58.0,田中美登里,田中,美登里
3817,52.0,杉咲佳穂,杉,咲佳穂
3818,57.0,原サチコ,原,サチコ
3819,50.0,平川瑞穂,平川,瑞穂
3820,50.0,渡辺妙子,渡辺,妙子
3821,52.0,辻葉子,辻葉,子
3822,59.0,西村頼子,西村,頼子
3823,56.0,築山万有美,築山,万有美
3824,51.0,大竹智子,大竹,智子
3825,53.0,田中由美子,田中,由美子
3826,53.0,岡田さつき,岡田,さつき
3827,55.0,大越弥生,大越,弥生
3828,50.0,小島友実,小島,友実
3829,58.0,泉里沙,泉,里沙
3830,51.0,今渕仁音,今渕,仁音
3831,59.0,吉田はるみ,吉田,はるみ
3832,57.0,原尚子,原,尚子
3833,59.0,小野田由紀子,小野田,由紀子
3834,57.0,浦吉ゆか,浦吉,ゆか
3835,54.0,梅崎之梨子,梅崎,之梨子
3837,52.0,詩森水生,詩森水,生
3838,58.0,明石恵子,明石,恵子
3839,54.0,山口尚子,山口,尚子
3840,51.0,菊地裕子,菊地,裕子
3841,57.0,藤咲舞,藤,咲舞
3842,55.0,梶原真弓,梶原,真弓
3843,59.0,伊沢磨紀,伊沢,磨紀
3844,52.0,宮本裕子,宮本,裕子
3845,59.0,須部浩美,須部,浩美
3846,56.0,ひらのようこ,ひ,らのようこ
3847,52.0,桜井明美,桜井,明美
3848,56.0,伊藤嘉奈子,伊藤,嘉奈子
3849,52.0,勝平ともこ,勝平,ともこ
3850,50.0,仁山貴恵,仁山,貴恵
3851,54.0,佐々木かおり,佐々木,かおり
3852,52.0,早川淳子,早川,淳子
3853,50.0,鮎川まゆ美,鮎川,まゆ美
3854,55.0,福原美佳,福原,美佳
3855,55.0,毛利聡子,毛利,聡子
3856,59.0,梅田千絵,梅田,千絵
3857,51.0,ちかまろ,ち,かまろ
3858,59.0,秋山美幸,秋山,美幸
3859,51.0,伊藤留奈,伊藤,留奈
3860,52.0,香月木きよ美,香月木,きよ美
3861,56.0,辻千春,辻,千春
3862,54.0,滝口侑子,滝口,侑子
3863,51.0,西村知美,西村,知美
3864,54.0,麻生かほ里,麻生,かほ里
3865,57.0,横須賀昌美,横須賀,昌美
3866,51.0,水野真紀,水野,真紀
3867,53.0,三浦久未子,三浦,久未子
3868,59.0,大橋由紀子,大橋,由紀子
3869,55.0,二宮未音,二宮,未音
3870,52.0,法月輝美,法月,輝美
3871,50.0,本田育代,本田,育代
3872,55.0,若杉民,若杉,民
3873,51.0,荻野みどり,荻野,みどり
3874,56.0,美輝明希,美,輝明希
3875,54.0,斉藤こず恵,斉藤,こず恵
3876,53.0,藤田るみ,藤田,るみ
3877,55.0,藤田佳子,藤田,佳子
3878,55.0,鈴木保奈美,鈴木,保奈美
3879,57.0,酒井雅代,酒井,雅代
3880,50.0,関口美保子,関口,美保子
3881,55.0,宮内理恵,宮内,理恵
3882,58.0,角南範子,角南,範子
3883,53.0,嶋田典子,嶋田,典子
3884,54.0,渡辺道子,渡辺,道子
3885,52.0,白神直子,白神,直子
3886,51.0,猪谷洋子,猪谷,洋子
3887,52.0,三浦純子,三浦,純子
3888,52.0,樋口明代,樋口,明代
3889,57.0,山本志づ世,山本,志づ世
3890,56.0,西條晴美,西條,晴美
3891,58.0,富田果菜,富田,果菜
3892,52.0,千堂あきほ,千堂,あきほ
3893,58.0,坂尾直子,坂尾,直子
3894,57.0,広田よしみ,広田,よしみ
3895,54.0,渡辺道子,渡辺,道子
3896,53.0,嶋田典子,嶋田,典子
3897,52.0,白神直子,白神,直子
3898,57.0,今佳子,今,佳子
3899,51.0,桜井ひとみ,桜井,ひとみ
3900,52.0,樋口明代,樋口,明代
3901,54.0,新井亜樹,新井,亜樹
3902,58.0,夏沢ゆき,夏沢,ゆき
3903,52.0,あさぎ野瑶子,あさぎ,野瑶子
3904,57.0,山本志づ世,山本,志づ世
3905,52.0,小林美江,小林,美江
3906,58.0,坂尾直子,坂尾,直子
3907,54.0,名越志保,名越,志保
3908,51.0,椿ゆきこ,椿,ゆきこ
3909,51.0,鶴田真由,鶴田,真由
3910,55.0,奥田由美,奥田,由美
3911,50.0,伊藤有希,伊藤,有希
3912,55.0,河野景子,河野,景子
3913,52.0,谷川美登里,谷川,美登里
3914,53.0,荻野目洋子,荻野目,洋子
3915,56.0,萩原萠,萩原,萠
3916,54.0,伊藤弘子,伊藤,弘子
3917,53.0,陽けい子,陽,けい子
3918,56.0,呑山仁奈子,呑山,仁奈子
3919,57.0,吉田陽子,吉田,陽子
3920,50.0,オンスイピン,オ,ンスイピン
3921,59.0,市麻充子,市,麻充子
3922,54.0,石巻美香,石巻,美香
3923,57.0,有田志乃,有田,志乃
3924,52.0,猫田直,猫田,直
3925,51.0,三咲順子,三咲,順子
3926,55.0,奥山美代子,奥山,美代子
3927,51.0,郡山冬果,郡山,冬果
3928,54.0,安田亜矢,安田,亜矢
3929,56.0,秦中智鶴,秦中,智鶴
3930,52.0,小池朋子,小池,朋子
3931,59.0,秋津有希,秋津,有希
3933,57.0,藤吉みか,藤吉,みか
3934,52.0,白石さおり,白石,さおり
3935,51.0,長沢ひろこ,長沢,ひろこ
3936,51.0,郡山冬果,郡山,冬果
3937,55.0,木元ゆうこ,木元,ゆうこ
3938,54.0,藤えりな,藤,えりな
3939,50.0,松野果音,松野,果音
3940,52.0,一乗京子,一乗,京子
3941,51.0,中山玲,中山,玲
3942,52.0,金澤江美,金澤,江美
3943,52.0,白鳥幸恵,白鳥,幸恵
3944,56.0,小川悦子,小川,悦子
3945,50.0,勝部祐子,勝部,祐子
3946,50.0,土井きよ美,土井,きよ美
3947,50.0,小島友実,小島,友実
3948,54.0,前田真里衣,前田,真里衣
3949,53.0,田中由美子,田中,由美子
3950,56.0,樹原ゆり,樹原,ゆり
3951,53.0,滝佳保子,滝,佳保子
3952,50.0,里念美帆子,里念,美帆子
3953,56.0,金澤佳子,金澤,佳子
3954,52.0,杉咲佳穂,杉,咲佳穂
3955,54.0,佐藤まり,佐藤,まり
3956,58.0,林英世,林,英世
3957,52.0,わかばかなめ,わ,かばかなめ
3958,52.0,家納ジュンコ,家納,ジュンコ
3959,50.0,夏川侑子,夏川,侑子
3960,57.0,薬師丸ひろ子,薬師丸,ひろ子
3961,50.0,北野小百合,北野,小百合
3962,58.0,明石恵子,明石,恵子
3963,56.0,杉山美穂子,杉山,美穂子
3964,59.0,須永千重,須永,千重
3965,52.0,金子路代,金子,路代
3966,57.0,門村伊奈子,門村,伊奈子
3967,50.0,仁山貴恵,仁山,貴恵
3968,54.0,元貴雅子,元,貴雅子
3969,58.0,奥野月琴,奥野月,琴
3970,50.0,片岡京子,片岡,京子
3971,58.0,國行しげ美,國行,しげ美
3972,56.0,高井純子,高井,純子
3973,56.0,藤ノ木ゆい,藤ノ木,ゆい
3974,51.0,ちかまろ,ち,かまろ
3975,53.0,森口博子,森口,博子
3976,53.0,藤代三千代,藤代,三千代
3977,52.0,香月木きよ美,香月木,きよ美
3978,56.0,村木よし子,村木,よし子
3979,54.0,滝口侑子,滝口,侑子
3980,50.0,吉田粋美,吉田,粋美
3981,56.0,酒井桃奈,酒井,桃奈
3982,54.0,松坂わかこ,松坂,わかこ
3983,53.0,米山美穂,米山,美穂
3984,51.0,北嶋マミ,北嶋,マミ
3985,57.0,佐藤貴子,佐藤,貴子
3986,55.0,渡邊津弓,渡邊,津弓
3987,53.0,金子ちえ,金子,ちえ
3988,52.0,法月輝美,法月,輝美
3989,55.0,若杉民,若杉,民
3990,55.0,小高麻友美,小高,麻友美
3991,58.0,南風佳子,南風,佳子
3992,57.0,鴻池央子,鴻池,央子
3993,51.0,加藤貴子,加藤,貴子
3994,56.0,征矢かおる,征矢,かおる
3995,52.0,木村万里,木村,万里
3996,59.0,藤崎代志子,藤崎,代志子
3997,53.0,金子ちえ,金子,ちえ
3998,53.0,森口博子,森口,博子
3999,51.0,西村知美,西村,知美
4000,58.0,入江みか,入江,みか
4001,57.0,横須賀昌美,横須賀,昌美
4002,51.0,伊藤留奈,伊藤,留奈
4003,59.0,秋山美幸,秋山,美幸
4004,51.0,大石みう,大石,みう
4005,56.0,辻千春,辻,千春
4006,50.0,吉田粋美,吉田,粋美
4007,52.0,妻鹿有利花,妻鹿,有利花
4008,57.0,吉祥美玲恵,吉祥,美玲恵
4009,51.0,若月里菜,若月,里菜
4010,55.0,渡邊津弓,渡邊,津弓
4011,56.0,山上優(業務提携),山上,優(業務提携)
4012,50.0,稲葉浩美,稲葉,浩美
4013,55.0,藤田佳子,藤田,佳子
4014,52.0,樋口明代,樋口,明代
4015,54.0,望月美緑,望月,美緑
4016,54.0,栗林綾子,栗林,綾子
4017,56.0,桜井淳美,桜井,淳美
4018,57.0,藤井亜紀,藤井,亜紀
4019,53.0,藤田るみ,藤田,るみ
4020,50.0,栗原さなえ,栗原,さなえ
4021,50.0,田畑菜苗,田畑,菜苗
4022,51.0,成田恵,成田,恵
4023,57.0,酒井雅代,酒井,雅代
4024,54.0,渡辺道子,渡辺,道子
4025,53.0,木全晶子,木全,晶子
4026,53.0,児玉陽子,児玉,陽子
4027,52.0,八木さおり,八木,さおり
4028,53.0,中島史恵,中島,史恵
4029,50.0,伊藤有希,伊藤,有希
4030,53.0,濱田マリ,濱田,マリ
4031,54.0,建部和美,建部,和美
4032,51.0,村瀬美紀,村瀬,美紀
4033,50.0,中野若葉,中野,若葉
4034,57.0,吉田陽子,吉田,陽子
4035,56.0,呑山仁奈子,呑山,仁奈子
4036,53.0,陽けい子,陽,けい子
4037,56.0,神奈美衣,神,奈美衣
4038,57.0,久保田ゆず,久保田,ゆず
4039,51.0,長谷川真弓,長谷川,真弓
4040,57.0,有田志乃,有田,志乃
4041,59.0,村松恭子,村松,恭子
4042,51.0,三咲順子,三咲,順子
4043,57.0,速水今日子,速水,今日子
4044,50.0,星野園美,星野,園美
4045,55.0,米谷美穂,米谷,美穂
4046,55.0,奥山美代子,奥山,美代子
4047,52.0,崎山直子,崎山,直子
4048,50.0,水谷怜香,水谷,怜香
4049,52.0,杉本美保,杉本,美保
4050,55.0,鷺美羽,鷺,美羽
4051,59.0,秋津有希,秋津,有希
4052,52.0,白石さおり,白石,さおり
4053,59.0,小川裕子,小川,裕子
4054,57.0,速水今日子,速水,今日子
4055,51.0,長沢ひろこ,長沢,ひろこ
4056,59.0,小川裕子,小川,裕子
4057,51.0,しみず直子,しみず,直子
4058,56.0,秦中智鶴,秦中,智鶴
4059,55.0,木元ゆうこ,木元,ゆうこ
4060,53.0,下村恵里,下村,恵里
4061,51.0,丸山昌子,丸山,昌子
4062,56.0,石川雪乃,石川,雪乃
4063,52.0,杉咲佳穂,杉,咲佳穂
4064,51.0,中山玲,中山,玲
4065,52.0,白鳥幸恵,白鳥,幸恵
4066,50.0,有賀さやか,有賀,さやか
4067,50.0,勝部祐子,勝部,祐子
4068,51.0,大竹智子,大竹,智子
4069,51.0,座喜味直子,座喜味,直子
4070,58.0,泉里沙,泉,里沙
4071,56.0,小川悦子,小川,悦子
4072,53.0,藤井一美,藤井,一美
4073,55.0,松永亜規子,松永,亜規子
4074,50.0,小島友実,小島,友実
4075,55.0,大越弥生,大越,弥生
4076,58.0,泉里沙,泉,里沙
4077,53.0,下村恵里,下村,恵里
4078,51.0,今渕仁音,今渕,仁音
4079,50.0,里念美帆子,里念,美帆子
4080,54.0,田尾きよみ,田尾,きよみ
4081,57.0,野村真美,野村,真美
4082,59.0,吉田はるみ,吉田,はるみ
4083,58.0,田中美登里,田中,美登里
4084,55.0,華かおり,華,かおり
4085,59.0,小野田由紀子,小野田,由紀子
4086,58.0,三矢直生,三矢,直生
4087,57.0,藤咲舞,藤,咲舞
4088,50.0,北野小百合,北野,小百合
4089,51.0,比志島ゆき,比志島,ゆき
4090,56.0,杉山美穂子,杉山,美穂子
4091,59.0,伊沢磨紀,伊沢,磨紀
4092,52.0,金子路代,金子,路代
4093,58.0,勇家寛子,勇家,寛子
4094,53.0,石川康江,石川,康江
4095,50.0,萩原利映,萩原,利映
4096,57.0,原尚子,原,尚子
4097,53.0,中道裕子,中道,裕子
4098,58.0,國行しげ美,國行,しげ美
4099,50.0,鮎川まゆ美,鮎川,まゆ美
4100,50.0,八田麻住,八田,麻住
4101,53.0,林えりか,林,えりか
4102,53.0,数多こよみ,数多,こよみ
4103,50.0,櫻井美代子,櫻井,美代子
4104,51.0,三木麻衣子,三木,麻衣子
4105,50.0,岩﨑恵子,岩﨑,恵子
4106,58.0,一瀬美千世,一瀬,美千世
4107,53.0,椿真由美,椿,真由美
4108,53.0,市川あゆみ,市川,あゆみ
4109,56.0,山本あゆみ,山本,あゆみ
4110,50.0,斉藤菊代,斉藤,菊代
4111,59.0,藤崎代志子,藤崎,代志子
4112,52.0,飯島順子,飯島,順子
4113,50.0,田水かづみ,田水,かづみ
4114,56.0,長島裕子,長島,裕子
4115,51.0,北嶋マミ,北嶋,マミ
4116,52.0,レニー・ゼルウィガー,レ,ニー・ゼルウィガー
4117,52.0,妻鹿有利花,妻鹿,有利花
4118,50.0,本田育代,本田,育代
4119,55.0,渡邊津弓,渡邊,津弓
4120,59.0,中野恵美,中野,恵美
4121,58.0,ななつ萬,な,なつ萬
4122,58.0,五十嵐三南子,五十嵐,三南子
4123,54.0,松坂わかこ,松坂,わかこ
4124,57.0,吉祥美玲恵,吉祥,美玲恵
4125,54.0,青田典子,青田,典子
4127,57.0,藤井亜紀,藤井,亜紀
4128,55.0,鈴木保奈美,鈴木,保奈美
4129,58.0,渡辺杉枝,渡辺,杉枝
4130,52.0,白神直子,白神,直子
4131,54.0,楠見薫,楠見,薫
4132,50.0,栗原さなえ,栗原,さなえ
4133,53.0,嶋田典子,嶋田,典子
4134,54.0,楠見薫,楠見,薫
4135,52.0,樋口明代,樋口,明代
4136,58.0,古閑三惠,古閑,三惠
4137,57.0,なかむらよしこ,な,かむらよしこ
4138,58.0,相沢恵子,相沢,恵子
4139,53.0,飯尾住侑起子,飯尾住,侑起子
4140,52.0,吉野晶,吉野,晶
4141,52.0,白神直子,白神,直子
4142,57.0,今佳子,今,佳子
4143,50.0,山本亜希子,山本,亜希子
4144,58.0,角南範子,角南,範子
4145,50.0,関口美保子,関口,美保子
4146,59.0,恋塚ゆうき,恋塚,ゆうき
4147,55.0,河野景子,河野,景子
4148,57.0,望月ゆかり,望月,ゆかり
4149,52.0,松本貴子,松本,貴子
4150,57.0,万代良重,万代,良重
4151,54.0,坂口可奈,坂口,可奈
4152,53.0,中島史恵,中島,史恵
4153,56.0,都築俊,都築,俊
4154,50.0,中野若葉,中野,若葉
4155,51.0,中谷薫,中谷,薫
4156,58.0,鵜の木梅子,鵜の木,梅子
4157,51.0,大地輪子,大地輪,子
4158,53.0,石井麗子,石井,麗子
4159,50.0,森崎よしえ,森崎,よしえ
4160,59.0,巴里絵,巴,里絵
4161,53.0,大石洋子,大石,洋子
4162,54.0,安田亜矢,安田,亜矢
4164,52.0,はさば幸代,はさば,幸代
4165,52.0,井上麻美,井上,麻美
4166,59.0,森しげひさ子,森,しげひさ子
4167,58.0,門美樹,門,美樹
4168,57.0,速水今日子,速水,今日子
4169,57.0,山内由美子,山内,由美子
4170,57.0,朝麻陽子,朝麻,陽子
4171,52.0,上の平多香,上の平,多香
4172,52.0,弘中麻紀,弘中,麻紀
4173,52.0,崎山直子,崎山,直子
4174,57.0,藤吉みか,藤吉,みか
4175,54.0,黒田智美,黒田,智美
4176,54.0,岡田由紀子,岡田,由紀子
4177,58.0,はやしまりい,は,やしまりい
4178,52.0,西原さおり,西原,さおり
4179,54.0,飯島直子,飯島,直子
4180,50.0,安部知子,安部,知子
4181,50.0,にいみ花帆,にいみ,花帆
4182,51.0,小泉凛,小泉,凛
4183,50.0,小島友実,小島,友実
4184,51.0,座喜味直子,座喜味,直子
4185,51.0,今渕仁音,今渕,仁音
4186,54.0,田尾きよみ,田尾,きよみ
4187,59.0,笹山ゆき乃,笹山,ゆき乃
4188,53.0,下村恵里,下村,恵里
4189,59.0,一木美貴子,一木,美貴子
4190,53.0,今村和代,今村,和代
4191,51.0,丸山昌子,丸山,昌子
4192,59.0,西村頼子,西村,頼子
4193,51.0,大竹智子,大竹,智子
4194,53.0,白井弓子,白井,弓子
4195,55.0,松永亜規子,松永,亜規子
4196,52.0,辻葉子,辻葉,子
4197,50.0,土井きよ美,土井,きよ美
4198,57.0,中島はるみ,中島,はるみ
4199,52.0,勝平ともこ,勝平,ともこ
4200,52.0,倉多七与,倉多,七与
4201,52.0,宮川サキ,宮川,サキ
4202,50.0,日毬夏希,日毬,夏希
4203,56.0,金澤佳子,金澤,佳子
4204,54.0,元貴雅子,元,貴雅子
4205,58.0,明石恵子,明石,恵子
4206,54.0,佐々木かおり,佐々木,かおり
4207,58.0,林英世,林,英世
4208,53.0,石川康江,石川,康江
4209,53.0,吉澤智美,吉澤,智美
4210,53.0,渕野陽子,渕野,陽子
4211,55.0,ららさくら,ら,らさくら
4212,52.0,宮本裕子,宮本,裕子
4213,53.0,北原真樹,北原,真樹
4214,56.0,おぞねせいこ,お,ぞねせいこ
4215,54.0,元貴雅子,元,貴雅子
4216,50.0,仁山貴恵,仁山,貴恵
4217,52.0,勝平ともこ,勝平,ともこ
4218,52.0,桜井明美,桜井,明美
4219,52.0,早川淳子,早川,淳子
4220,56.0,金澤佳子,金澤,佳子
4221,50.0,日毬夏希,日毬,夏希
4222,53.0,中道裕子,中道,裕子
4223,59.0,ふせえり,ふ,せえり
4224,53.0,露﨑朱音,露﨑,朱音
4225,56.0,麻生絵里子,麻生,絵里子
4226,53.0,中村康子,中村,康子
4227,52.0,里見まや,里見,まや
4228,57.0,倉田みゆき,倉田,みゆき
4229,52.0,一乗玲子,一乗,玲子
4230,53.0,真日龍子,真日,龍子
4231,50.0,斉藤菊代,斉藤,菊代
4232,59.0,藤崎代志子,藤崎,代志子
4233,56.0,山本あゆみ,山本,あゆみ
4234,55.0,秋場千鶴子,秋場,千鶴子
4235,55.0,牧ひろ子,牧,ひろ子
4236,57.0,矢治美由紀,矢治,美由紀
4237,53.0,森口博子,森口,博子
4238,51.0,加藤貴子,加藤,貴子
4239,50.0,吉田粋美,吉田,粋美
4240,56.0,山咲カンナ,山咲,カンナ
4241,59.0,原聖子,原,聖子
4242,57.0,吉祥美玲恵,吉祥,美玲恵
4243,51.0,若月里菜,若月,里菜
4244,55.0,小高麻友美,小高,麻友美
4245,52.0,法月輝美,法月,輝美
4246,53.0,小林さゆり,小林,さゆり
4247,58.0,ななつ萬,な,なつ萬
4248,57.0,鴻池央子,鴻池,央子
4249,58.0,南風佳子,南風,佳子
4250,56.0,酒井桃奈,酒井,桃奈
4251,56.0,辻千春,辻,千春
4252,60.0,松田聖子,松田,聖子
4253,61.0,黒木瞳,黒木,瞳
4254,61.0,美保純,美保,純
4255,67.0,高畑淳子,高畑,淳子
4256,64.0,大竹しのぶ,大竹,しのぶ
4257,66.0,田中裕子,田中,裕子
4258,62.0,大場久美子,大場,久美子
4259,61.0,石野真子,石野,真子
4260,69.0,松坂慶子,松坂,慶子
4261,64.0,戸田恵子,戸田,恵子
4262,61.0,浅野温子,浅野,温子
4263,63.0,池上季実子,池上,季実子
4264,63.0,萬田久子,萬田,久子
4265,60.0,藤吉久美子,藤吉,久美子
4266,62.0,片平なぎさ,片平,なぎさ
4267,62.0,榊原郁恵,榊原,郁恵
4268,60.0,賀来千香子,賀来,千香子
4269,64.0,名取裕子,名取,裕子
4270,64.0,かたせ梨乃,かたせ,梨乃
4271,61.0,山村紅葉,山村,紅葉
4272,60.0,高橋ひとみ,高橋,ひとみ
4273,63.0,原田美枝子,原田,美枝子
4274,63.0,宮崎美子,宮崎,美子
4275,62.0,古手川祐子,古手川,祐子
4276,68.0,竹下景子,竹下,景子
4277,65.0,余貴美子,余,貴美子
4278,67.0,水沢アキ,水沢,アキ
4279,66.0,大地真央,大地,真央
4280,64.0,松居一代,松居,一代
4281,63.0,樋口可南子,樋口,可南子
4282,65.0,岡江久美子,岡江,久美子
4283,62.0,田中美佐子,田中,美佐子
4284,61.0,石田えり,石田,えり
4285,64.0,室井滋,室井,滋
4286,66.0,浅田美代子,浅田,美代子
4287,61.0,山田邦子,山田,邦子
4288,69.0,五十嵐淳子,五十嵐,淳子
4289,60.0,手塚理美,手塚,理美
4290,63.0,柴田理恵,柴田,理恵
4291,61.0,東ちづる,東,ちづる
4292,67.0,角替和枝,角替,和枝
4293,62.0,原日出子,原日出,子
4294,65.0,秋野暢子,秋野,暢子
4295,68.0,中田喜子,中田,喜子
4296,62.0,熊谷真実,熊谷,真実
4297,60.0,斉藤慶子,斉藤,慶子
4298,61.0,岸本加世子,岸本,加世子
4299,68.0,高瀬春奈,高瀬,春奈
4300,68.0,岡崎友紀,岡崎,友紀
4301,68.0,風祭ゆき,風祭,ゆき
4302,61.0,青地公美,青地,公美
4303,67.0,烏丸せつこ,烏丸,せつこ
4304,69.0,児島美ゆき,児島美,ゆき
4305,63.0,相本久美子,相本,久美子
4306,66.0,朝加真由美,朝加,真由美
4307,69.0,銀粉蝶,銀,粉蝶
4308,65.0,黒田福美,黒田,福美
4310,63.0,芦川よしみ,芦川,よしみ
4311,65.0,東てる美,東,てる美
4312,65.0,叶和貴子,叶,和貴子
4313,61.0,毬谷友子,毬谷,友子
4314,62.0,高樹澪,高,樹澪
4315,68.0,純アリス,純,アリス
4316,66.0,岡まゆみ,岡,まゆみ
4317,62.0,杜けあき,杜,けあき
4318,69.0,鹿沼絵里,鹿沼,絵里
4319,66.0,藤真利子,藤,真利子
4320,62.0,小野みゆき,小野,みゆき
4321,68.0,池玲子,池,玲子
4322,64.0,山本みどり,山本,みどり
4323,69.0,中島ゆたか,中島,ゆたか
4324,62.0,和由布子,和,由布子
4325,68.0,ジャネット八田,ジャネット,八田
4326,67.0,五十嵐めぐみ,五十嵐,めぐみ
4327,67.0,高橋惠子,高橋,惠子
4328,64.0,かとうかず子,かとうか,ず子
4329,68.0,石井苗子,石井,苗子
4330,68.0,根岸季衣,根岸,季衣
4331,67.0,奈良富士子,奈良,富士子
4332,65.0,土井美加,土井,美加
4333,62.0,大島さと子,大島,さと子
4334,63.0,三浦リカ,三浦,リカ
4335,61.0,斉藤とも子,斉藤,とも子
4336,61.0,神保美喜,神保,美喜
4337,62.0,阿知波悟美,阿知波,悟美
4338,61.0,岡安由美子,岡安,由美子
4339,68.0,結城しのぶ,結城,しのぶ
4340,67.0,あいはら友子,あいはら,友子
4341,67.0,平淑恵,平,淑恵
4342,67.0,大島蓉子,大島,蓉子
4343,68.0,金沢碧,金沢,碧
4344,63.0,土居裕子,土居,裕子
4345,60.0,竹内都子,竹内,都子
4346,64.0,木村理恵,木村,理恵
4347,68.0,田中恵理,田中,恵理
4348,69.0,姿晴香,姿,晴香
4349,63.0,清水よし子,清水,よし子
4350,66.0,森マリア,森,マリア
4351,64.0,中井貴惠,中井,貴惠
4352,63.0,兎本有紀,兎本,有紀
4353,67.0,岡本茉利,岡本,茉利
4354,61.0,栗田よう子,栗田,よう子
4355,62.0,遠藤真理子,遠藤,真理子
4356,61.0,円城寺あや,円城寺,あや
4357,64.0,大塚良重,大塚,良重
4358,68.0,夏川加奈子,夏川,加奈子
4359,60.0,鈴木ひろみ,鈴木,ひろみ
4360,63.0,松本じゅん,松本,じゅん
4361,64.0,重田千穂子,重田,千穂子
4362,61.0,斉藤浩子,斉藤,浩子
4363,69.0,鶴間エリ,鶴間,エリ
4364,66.0,朝香じゅん,朝香,じゅん
4365,65.0,未央一,未,央一
4366,63.0,川俣しのぶ,川俣,しのぶ
4367,65.0,山村美智,山村,美智
4368,65.0,早川絵美,早川,絵美
4369,63.0,かわいのどか,か,わいのどか
4370,60.0,みやなおこ,み,やなおこ
4371,64.0,野沢由香里,野沢,由香里
4372,65.0,千野弘美,千野,弘美
4373,60.0,三輝みきこ,三輝,みきこ
4374,62.0,竹下明子,竹下,明子
4375,69.0,東千晃,東,千晃
4376,62.0,美雪花代,美,雪花代
4377,61.0,高橋彩夏,高橋,彩夏
4378,60.0,塩田朋子,塩田,朋子
4379,65.0,宮寺智子,宮寺,智子
4380,67.0,夏樹レナ,夏樹,レナ
4381,65.0,松井紀美江,松井,紀美江
4382,66.0,駒塚由衣,駒塚,由衣
4383,61.0,棟里佳,棟,里佳
4384,60.0,藤井佳代子,藤井,佳代子
4385,68.0,中村まり子,中村,まり子
4386,60.0,麻生えりか,麻生,えりか
4387,63.0,小柳友貴美,小柳,友貴美
4388,62.0,矢代朝子,矢代,朝子
4389,64.0,東啓子,東,啓子
4390,67.0,大西多摩恵,大西,多摩恵
4391,63.0,今村文美,今村,文美
4392,68.0,澤井孝子,澤井,孝子
4393,64.0,立枝歩,立枝,歩
4394,64.0,徳田尚美,徳田,尚美
4395,62.0,上村依子,上村,依子
4396,67.0,増子倭文江,増子,倭文江
4397,63.0,川島美津子,川島,美津子
4398,60.0,永光基乃,永光,基乃
4399,63.0,唐木ちえみ,唐木,ちえみ
4400,61.0,中帆登美,中帆,登美
4401,62.0,藤本洋子,藤本,洋子
4402,61.0,花山佳子,花山,佳子
4403,62.0,鈴川法子,鈴川,法子
4404,63.0,葦笛るか,葦笛,るか
4405,62.0,金野恵子,金野,恵子
4406,66.0,山口みよ子,山口,みよ子
4407,63.0,葛城ゆい,葛城,ゆい
4408,66.0,北河多香子,北河,多香子
4409,68.0,高柳葉子,高柳,葉子
4410,61.0,福麻むつ美,福麻,むつ美
4411,60.0,廣澤恵,廣澤,恵
4412,64.0,眞乃ゆりあ,眞乃,ゆりあ
4413,67.0,酒井麻吏,酒井,麻吏
4414,62.0,工藤時子,工藤,時子
4415,65.0,高安美子,高安,美子
4416,66.0,高野暢子,高野,暢子
4417,67.0,武田史江,武田,史江
4418,69.0,白石珠江,白石,珠江
4419,62.0,竹岡良子,竹岡,良子
4420,66.0,名川伸子,名川,伸子
4421,61.0,きゃんひとみ,き,ゃんひとみ
4422,68.0,藤木久美子,藤木,久美子
4423,65.0,曽川留三子,曽川,留三子
4424,69.0,なかはら五月,なかはら,五月
4425,63.0,富沢亜古,富沢,亜古
4426,62.0,里吉萌亜,里吉,萌亜
4427,60.0,杉山みどり,杉山,みどり
4428,69.0,にしだまちこ,に,しだまちこ
4429,63.0,丸山瑠真,丸山,瑠真
4430,61.0,滝本ゆに,滝本,ゆに
4431,67.0,橋本千枝子,橋本,千枝子
4432,64.0,末永直美,末永,直美
4433,61.0,金子早樹,金子,早樹
4434,61.0,桜庭春美,桜庭,春美
4435,67.0,鬼塚眞澄,鬼塚,眞澄
4436,62.0,森畑結美子,森畑,結美子
4437,63.0,菊地かおり,菊地,かおり
4438,68.0,水野あや,水野,あや
4439,61.0,桂木朝美,桂木,朝美
4440,65.0,西島敦子,西島,敦子
4441,68.0,塚田若乃,塚田,若乃
4442,63.0,彩世侑希,彩世,侑希
4443,62.0,春日亀千尋,春日亀,千尋
4444,61.0,川口由紀,川口,由紀
4445,67.0,小野洋子,小野,洋子
4446,67.0,辻本厚子,辻本,厚子
4447,63.0,中田優子,中田,優子
4448,64.0,未唯mie,未唯,mie
4449,68.0,横村直子,横村,直子
4450,64.0,増田惠子,増田,惠子
4451,61.0,小林弘美,小林,弘美
4452,60.0,相場奏子,相場,奏子
4453,69.0,内野和枝,内野,和枝
4454,65.0,速名美佐子,速名,美佐子
4455,67.0,中澤優子,中澤,優子
4456,61.0,鴨鈴女,鴨,鈴女
4457,67.0,朝日奈順子,朝日,奈順子
4458,64.0,大沼百合子,大沼,百合子
4459,64.0,毛利まこ,毛利,まこ
4460,62.0,村上玲子,村上,玲子
4461,61.0,北村岳子,北村,岳子
4462,63.0,古坂るみ子,古坂,るみ子
4463,67.0,仙頭美和子,仙頭,美和子
4464,60.0,大森美紀子,大森,美紀子
4465,69.0,もたいまさこ,も,たいまさこ
4466,67.0,渡辺えり,渡辺,えり
4467,62.0,那々實あぐり,那々實,あぐり
4468,63.0,神田陽子,神田,陽子
4469,65.0,旺なつき,旺,なつき
4470,69.0,岡奈緒,岡,奈緒
4471,63.0,外海多伽子,外海,多伽子
4472,61.0,えいり未知,えいり,未知
4473,65.0,諸橋玲子,諸橋,玲子
4474,60.0,おぐちえりこ,お,ぐちえりこ
4475,67.0,直里久保美,直里,久保美
4476,68.0,五十嵐美鈴,五十嵐,美鈴
4477,60.0,原真名美,原,真名美
4478,68.0,花悠子,花,悠子
4479,68.0,紅壱子,紅,壱子
4480,61.0,伊川奈美,伊川,奈美
4481,64.0,草笛雅子,草笛,雅子
4482,62.0,津島瑞穂,津島,瑞穂
4483,64.0,樋口のり子,樋口,のり子
4484,60.0,藍田みちる,藍田,みちる
4485,62.0,杉野なつ美,杉野,なつ美
4486,65.0,長坂しほり,長坂,しほり
4487,63.0,谷村慶子,谷村,慶子
4488,62.0,浅川和恵,浅川,和恵
4489,62.0,小金澤篤子,小金澤,篤子
4490,62.0,神宇知薫,神宇,知薫
4491,61.0,岩崎有花,岩崎,有花
4492,61.0,三浦智子,三浦,智子
4493,68.0,大村眞利枝,大村,眞利枝
4494,61.0,阿部久美子,阿部,久美子
4495,62.0,榎本由希,榎本,由希
4496,65.0,北條文栄,北條,文栄
4497,63.0,三谷悦代,三谷,悦代
4498,60.0,野秋美和,野,秋美和
4499,65.0,マエダユミ,マ,エダユミ
4500,62.0,原えりこ,原,えりこ
4501,67.0,金子早苗,金子,早苗
4502,67.0,司容熱子,司,容熱子
4503,69.0,小川よりこ,小川,よりこ
4504,69.0,斉藤せつ子,斉藤,せつ子
4505,66.0,村野友美,村野,友美
4506,69.0,夏木マリ,夏木,マリ
4507,68.0,八田有加,八田,有加
4508,65.0,林由子,林,由子
4509,63.0,上代粧子,上代,粧子
4510,65.0,城所磨里,城所,磨里
4511,69.0,とみなが真知,とみなが,真知
4512,63.0,山本郁子,山本,郁子
4513,67.0,松乃薫,松,乃薫
4514,62.0,つかもと景子,つかもと,景子
4515,66.0,植田博美,植田,博美
4516,64.0,上楽敦子,上楽,敦子
4517,60.0,松永麻里,松永,麻里
4518,60.0,塚本理佳,塚本,理佳
4519,66.0,佐藤ひづる,佐藤,ひづる
4520,69.0,昆野美和子,昆野,美和子
4521,62.0,山田順子,山田,順子
4522,61.0,多田なほみ,多田,なほみ
4523,60.0,美斉津明子,美斉津,明子
4524,61.0,萩原瞳,萩原,瞳
4525,65.0,有紗ゆり,有紗,ゆり
4526,60.0,朝香雅恵,朝香,雅恵
4527,63.0,小林かおり,小林,かおり
4528,63.0,工藤啓子,工藤,啓子
4529,63.0,杉澤祐子,杉澤,祐子
4530,67.0,三原あや,三原,あや
4531,61.0,佐藤直子,佐藤,直子
4532,65.0,ひとみ,ひ,とみ
4533,67.0,伊藤こうこ,伊藤,こうこ
4534,60.0,にゃん子,に,ゃん子
4535,66.0,大草理乙子,大草,理乙子
4536,61.0,茂木沙月,茂木,沙月
4537,62.0,山崎二美子,山崎,二美子
4538,63.0,谷口友香,谷口,友香
4539,69.0,津村純子,津村,純子
4540,66.0,天衣織女,天,衣織女
4541,65.0,清水菜穂子,清水,菜穂子
4542,61.0,鹿子かの子,鹿子,かの子
4543,61.0,大森照子,大森,照子
4544,68.0,土屋美穂子,土屋,美穂子
4545,61.0,佐藤尚子,佐藤,尚子
4546,66.0,木村小百合,木村,小百合
4547,68.0,塚田美津代,塚田,美津代
4548,63.0,八木順子,八木,順子
4549,68.0,宋湘平,宋,湘平
4550,69.0,麻生瑛子,麻生,瑛子
4551,66.0,金沢きくこ,金沢,きくこ
4552,67.0,瀧マキ,瀧,マキ
4553,60.0,伊藤久仁子,伊藤,久仁子
4554,68.0,菊地由希子,菊地,由希子
4555,68.0,亀岡園子,亀岡,園子
4556,61.0,春風ひとみ,春風,ひとみ
4557,64.0,小宮久美子,小宮,久美子
4558,68.0,竹下江里子,竹下,江里子
4559,68.0,中川雅子,中川,雅子
4560,62.0,橋本晶子,橋本,晶子
4561,62.0,伊東弘美,伊東,弘美
4562,65.0,斎藤深雪,斎藤,深雪
4563,61.0,浅野ゆう子,浅野,ゆう子
4564,62.0,森公美子,森,公美子
4565,62.0,根本亜季絵,根本,亜季絵
4566,68.0,小西早苗,小西,早苗
4567,69.0,あべ敬子,あべ,敬子
4568,65.0,有安多佳子,有安,多佳子
4569,60.0,中原三千代,中原,三千代
4570,68.0,船坂博子,船坂,博子
4571,62.0,佐野珠美,佐野,珠美
4572,64.0,清水めぐみ,清水,めぐみ
4573,66.0,柊紅子,柊,紅子
4574,69.0,伊藤ちゑ,伊藤,ちゑ
4575,61.0,小林節子,小林,節子
4576,61.0,木島多美子,木島,多美子
4577,61.0,沖田泰子,沖田,泰子
4578,68.0,奥山弥生,奥山,弥生
4579,68.0,金井英子,金井,英子
4580,63.0,立花かおり,立花,かおり
4581,66.0,西美子,西,美子
4582,62.0,佳山みな,佳山,みな
4583,61.0,ダンプ松本,ダンプ,松本
4584,62.0,辛島咲子,辛島,咲子
4585,62.0,鞍丈元美,鞍,丈元美
4586,64.0,金子マリ,金子,マリ
4587,62.0,合田ケイ子,合田,ケイ子
4588,63.0,章文栄,章,文栄
4589,66.0,紫城いずみ,紫城,いずみ
4590,67.0,高村由美,高村,由美
4591,63.0,瀬田ひろ美,瀬田,ひろ美
4592,66.0,森澤早苗,森澤,早苗
4593,60.0,河野しずか,河野,しずか
4594,63.0,細川ひさよ,細川,ひさよ
4595,68.0,戸谷友,戸谷,友
4596,69.0,阿部裕見子,阿部,裕見子
4597,61.0,長野しず江,長野,しず江
4598,68.0,林茂子,林,茂子
4599,62.0,松井純子,松井,純子
4601,65.0,伊藤かおる,伊藤,かおる
4602,69.0,風吹ジュン,風吹,ジュン
4603,60.0,西木優子,西木,優子
4604,61.0,林田直美,林田,直美
4605,62.0,清水ミチコ,清水,ミチコ
4606,63.0,増田久美子,増田,久美子
4607,69.0,五味多恵子,五味,多恵子
4608,68.0,高橋洋子,高橋,洋子
4609,69.0,森千紗花,森,千紗花
4610,65.0,平田京子,平田,京子
4611,61.0,山本えいこ,山本,えいこ
4612,65.0,松浦佐知,松浦,佐知
4613,68.0,三崎由記子,三崎,由記子
4614,60.0,安室満樹子,安室,満樹子
4615,63.0,皆川玲子,皆川,玲子
4616,65.0,風間舞子,風間,舞子
4617,69.0,宮沢千恵子,宮沢,千恵子
4618,62.0,大須賀裕子,大須賀,裕子
4619,66.0,宮野杜志子,宮野,杜志子
4620,60.0,高橋かおる,高橋,かおる
4621,62.0,酒井万里子,酒井,万里子
4622,65.0,美山れいみ,美山,れいみ
4623,65.0,吉田哲子,吉田,哲子
4624,61.0,佐久間まち子,佐久間,まち子
4625,68.0,和智惠子,和,智惠子
4626,67.0,林田有果紅,林田,有果紅
4627,61.0,西崎緑,西崎,緑
4628,66.0,宮本久実子,宮本,久実子
4629,62.0,下山田ひろの,下山田,ひろの
4630,63.0,島野仲代,島野,仲代
4631,60.0,桜木ひろ子,桜木,ひろ子
4632,67.0,田中早苗,田中,早苗
4633,60.0,なかじままり,な,かじままり
4634,64.0,川品雅子,川品,雅子
4635,61.0,白木匡子,白木,匡子
4636,60.0,小泉小由理,小泉,小由理
4637,64.0,菅原修子,菅原,修子
4638,77.0,吉永小百合,吉永,小百合
4639,79.0,樹木希林,樹木,希林
4640,71.0,辺見マリ,辺見,マリ
4641,75.0,倍賞美津子,倍賞,美津子
4642,74.0,泉ピン子,泉,ピン子
4643,71.0,由美かおる,由美,かおる
4644,73.0,いしだあゆみ,い,しだあゆみ
4645,71.0,多岐川裕美,多岐川,裕美
4646,79.0,十朱幸代,十,朱幸代
4647,73.0,前田美波里,前田,美波里
4648,71.0,大谷直子,大谷,直子
4649,71.0,中野良子,中野,良子
4650,73.0,沢田亜矢子,沢田,亜矢子
4651,72.0,酒井和歌子,酒井,和歌子
4652,76.0,宮本信子,宮本,信子
4653,77.0,松原智恵子,松原,智恵子
4654,71.0,奈美悦子,奈美,悦子
4655,74.0,藤田紀子,藤田,紀子
4656,76.0,松島トモ子,松島,トモ子
4657,78.0,星由里子,星,由里子
4658,74.0,白川和子,白川,和子
4659,78.0,浜美枝,浜,美枝
4660,71.0,鮎川いずみ,鮎川,いずみ
4661,70.0,阿川泰子,阿川,泰子
4662,71.0,木内みどり,木内,みどり
4663,71.0,榊原るみ,榊原,るみ
4664,72.0,鷲尾真知子,鷲尾,真知子
4665,78.0,吉田日出子,吉田,日出子
4666,72.0,土田早苗,土田,早苗
4667,74.0,木野花,木野,花
4668,72.0,音無美紀子,音無,美紀子
4669,74.0,和泉雅子,和泉,雅子
4670,79.0,江波杏子,江波,杏子
4671,74.0,柏木由紀子,柏木,由紀子
4672,75.0,松岡きっこ,松岡,きっこ
4673,77.0,野川由美子,野川,由美子
4674,70.0,りりィ,り,りィ
4676,73.0,岡田可愛,岡田,可愛
4677,75.0,高田美和,高田,美和
4678,76.0,藤田弓子,藤田,弓子
4679,73.0,田島令子,田島,令子
4680,73.0,新藤恵美,新藤,恵美
4681,73.0,大信田礼子,大信田,礼子
4682,79.0,茅島成美,茅島,成美
4683,72.0,沢田雅美,沢田,雅美
4684,71.0,渥美マリ,渥美,マリ
4685,74.0,丘みつ子,丘,みつ子
4686,72.0,夏純子,夏,純子
4687,70.0,岡本麗,岡本,麗
4688,77.0,緑魔子,緑,魔子
4689,74.0,山口果林,山口,果林
4690,74.0,安奈淳,安,奈淳
4691,79.0,李麗仙,李,麗仙
4692,74.0,中山麻理,中山,麻理
4693,70.0,片桐夕子,片桐,夕子
4694,78.0,佐藤オリエ,佐藤,オリエ
4695,75.0,十勝花子,十,勝花子
4697,76.0,波乃久里子,波乃,久里子
4698,70.0,浅茅陽子,浅茅,陽子
4699,75.0,岸ユキ,岸,ユキ
4700,78.0,赤座美代子,赤座,美代子
4701,75.0,島かおり,島,かおり
4702,74.0,青木和代,青木,和代
4703,75.0,汀夏子,汀,夏子
4704,74.0,生田悦子,生田,悦子
4705,78.0,宮園純子,宮園,純子
4706,70.0,山田スミ子,山田,スミ子
4707,72.0,松金よね子,松金,よね子
4708,77.0,片岡富枝,片岡,富枝
4709,72.0,服部妙子,服部,妙子
4710,74.0,大川栄子,大川,栄子
4711,70.0,山口美也子,山口,美也子
4712,73.0,星光子,星,光子
4713,73.0,松本留美,松本,留美
4714,75.0,長谷川稀世,長谷川,稀世
4715,70.0,三林京子,三林,京子
4716,74.0,倉野章子,倉野,章子
4717,78.0,北林早苗,北林,早苗
4718,79.0,三田和代,三田,和代
4719,78.0,結城美栄子,結城,美栄子
4720,76.0,高林由紀子,高林,由紀子
4721,75.0,伊藤榮子,伊藤,榮子
4722,75.0,田根楽子,田根,楽子
4723,73.0,木村有里,木村,有里
4724,76.0,北川めぐみ,北川,めぐみ
4725,74.0,宮田圭子,宮田,圭子
4726,77.0,千葉裕子,千葉,裕子
4727,77.0,沢井桂子,沢井,桂子
4728,75.0,泉晶子,泉,晶子
4729,75.0,前沢保美,前沢,保美
4730,79.0,寺田路恵,寺田,路恵
4731,72.0,ひろみどり,ひ,ろみどり
4732,71.0,橘ユキコ,橘,ユキコ
4733,78.0,木村翠,木村,翠
4734,71.0,新海百合子,新海,百合子
4735,77.0,新橋耐子,新橋,耐子
4736,74.0,田岡美也子,田岡,美也子
4737,78.0,和田幾子,和田,幾子
4738,72.0,和泉今日子,和泉,今日子
4739,73.0,高橋ひろ子,高橋,ひろ子
4740,73.0,藤堂陽子,藤堂,陽子
4741,76.0,坂井寿美江,坂井,寿美江
4742,70.0,太地琴恵,太地,琴恵
4743,78.0,三好美智子,三好,美智子
4744,74.0,執行佐智子,執行佐,智子
4745,75.0,今本洋子,今本,洋子
4746,79.0,小林トシ江,小林,トシ江
4747,73.0,城月美穂,城月,美穂
4748,71.0,芹川藍,芹川,藍
4749,78.0,戸村美智子,戸村,美智子
4750,74.0,上岡紘子,上岡,紘子
4751,76.0,深谷みさお,深谷,みさお
4752,75.0,島ひろ子,島,ひろ子
4753,72.0,早川文恵,早川,文恵
4754,73.0,王巧雲,王,巧雲
4755,70.0,谷広子,谷,広子
4756,73.0,杉浦悦子,杉浦,悦子
4757,71.0,杉村暁,杉村,暁
4758,71.0,稲川実代子,稲川,実代子
4759,79.0,ジェマ・ジョーンズ,ジ,ェマ・ジョーンズ
4760,71.0,貴詞いち子,貴詞,いち子
4761,73.0,たつづき久美,たつづき,久美
4762,70.0,松寺千恵美,松寺,千恵美
4763,73.0,松田真知子,松田,真知子
4764,74.0,瀬川瑛子,瀬川,瑛子
4765,72.0,中塚和代,中塚,和代
4766,75.0,おぎのきみ子,おぎのき,み子
4767,74.0,小野朝美,小野,朝美
4768,77.0,小熊恭子,小熊,恭子
4769,79.0,吉田幸矢,吉田,幸矢
4770,72.0,メリル・ストリープ,メ,リル・ストリープ
4771,74.0,藤森よし枝,藤森,よし枝
4772,73.0,鷹觜喜洋子,鷹觜,喜洋子
4773,75.0,九重佑三子,九重,佑三子
4774,76.0,松岡みどり,松岡,みどり
4775,77.0,中村由起子,中村,由起子
4776,73.0,天光眞弓,天光,眞弓
4777,70.0,石井豊子,石井,豊子
4778,76.0,羽鳥靖子,羽鳥,靖子
4779,73.0,ふくまつみ,ふ,くまつみ
4780,71.0,真野季節,真野,季節
4781,75.0,野間祥子,野間,祥子
4782,77.0,益田ひろ子,益田,ひろ子
4783,71.0,朝井千景,朝井,千景
4784,72.0,大和なでしこ,大和,なでしこ
4785,78.0,芦沢孝子,芦沢,孝子
4786,74.0,朝比奈潔子,朝比奈,潔子
4787,74.0,麻ミナ,麻,ミナ
4788,77.0,園まり,園,まり
4789,78.0,野口すみえ,野口,すみえ
4790,78.0,井上裕季子,井上,裕季子
4791,75.0,内田尋子,内田,尋子
4792,77.0,成田良枝,成田,良枝
4793,75.0,宮崎裕子,宮崎,裕子
4794,72.0,蓬莱照子,蓬莱,照子
4795,75.0,東山明美,東山,明美
4796,72.0,喜多川嵐子,喜多川,嵐子
4797,74.0,畠山亘世,畠山,亘世
4798,73.0,奈和せつ子,奈和,せつ子
4799,74.0,あき竹城,あき,竹城
4800,76.0,金井克子,金井,克子
4801,70.0,松坂晴恵,松坂,晴恵
4802,74.0,宮島りゅう子,宮島,りゅう子
4803,72.0,後藤緑,後藤,緑
4804,79.0,木村八重子,木村,八重子
4805,71.0,岡本牧子,岡本,牧子
4806,77.0,木村秀子,木村,秀子
4807,74.0,本庄和子,本庄,和子
4808,72.0,大宙舞,大宙,舞
4809,79.0,鈴木八千代,鈴木,八千代
4810,72.0,嶺はるか,嶺,はるか
4811,70.0,未沙のえる,未沙,のえる
4812,77.0,神保共子,神保,共子
4813,73.0,南一恵,南,一恵
4814,71.0,赤司まり子,赤司,まり子
4815,71.0,三田恵子,三田,恵子
4816,71.0,林美土里,林美土,里
4817,77.0,玉井碧,玉井,碧
4818,72.0,東山千恵子,東山,千恵子
4819,74.0,保苅圓子,保,苅圓子
4820,72.0,加藤美智子,加藤,美智子
4821,75.0,峰岸綾子,峰岸,綾子
4822,78.0,香山美子,香山,美子
4823,71.0,北村麻子,北村,麻子
4824,73.0,岩瀬晃,岩瀬,晃
4825,71.0,三谷侑未,三谷,侑未
4826,79.0,南原美紗保,南原,美紗保
4827,79.0,岩瀬絢子,岩瀬,絢子
4828,71.0,篠原とも,篠原,とも
4829,71.0,小田修一,小田,修一
4830,70.0,中嶋洋子,中嶋,洋子
4831,72.0,萩原みどり,萩原,みどり
4832,78.0,加賀まりこ,加賀,まりこ
4833,71.0,上杉二美,上杉,二美
4834,74.0,大山うさぎ,大山,うさぎ
4835,74.0,和泉敬子,和泉,敬子
4836,72.0,柳谷ユカ,柳谷,ユカ
4837,75.0,坂井充子,坂井,充子
4838,77.0,山本与志恵,山本,与志恵
4839,79.0,鹿内寛子,鹿内,寛子
4840,75.0,根岸清子,根岸,清子
4841,75.0,吉本選江,吉本,選江
4842,70.0,山田美也子,山田,美也子
4843,70.0,葛西佐紀,葛西,佐紀
4844,79.0,檜よしえ,檜,よしえ
4845,75.0,荒井洸子,荒井,洸子
4846,72.0,御道由紀子,御道,由紀子
4847,77.0,小林由利,小林,由利
4848,70.0,市川眞知子,市川,眞知子
4849,71.0,人村朱美,人村,朱美
4850,72.0,川本美由紀,川本,美由紀
4851,76.0,夏映子,夏,映子
4852,74.0,藤田千代美,藤田,千代美
4853,70.0,円藤さや,円藤,さや
4854,75.0,嶋岡民栄,嶋岡,民栄
4855,75.0,小牧まり,小牧,まり
4856,77.0,小貫加恵,小貫,加恵
4857,79.0,松原未知,松原,未知
4858,70.0,角田雅子,角田,雅子
4859,70.0,舞小雪,舞,小雪
4860,77.0,仲野元子,仲野,元子
4861,71.0,市毛良枝,市毛,良枝
4862,71.0,田仲洋子,田仲,洋子
4863,75.0,瀬戸内美八,瀬戸内,美八
4864,74.0,内田あかり,内田,あかり
4865,72.0,小西由貴,小西,由貴
4866,71.0,山口計子,山口,計子
4867,71.0,山本道子,山本,道子
4868,75.0,髙橋かすみ,髙橋,かすみ
4869,74.0,美矢かおる,美矢,かおる
4870,74.0,河野うさぎ,河野,うさぎ
4871,76.0,富司純子,富司,純子
4872,72.0,亀井幸代,亀井,幸代
4873,74.0,児玉美智子,児玉,美智子
4874,77.0,金子幸枝,金子,幸枝
4875,71.0,真木ゆかり,真木,ゆかり
4876,73.0,中村万里,中村,万里
4877,71.0,河野清子,河野,清子
4878,88.0,黒柳徹子,黒柳,徹子
4879,85.0,大山のぶ代,大山,のぶ代
4880,80.0,倍賞千恵子,倍賞,千恵子
4881,81.0,野際陽子,野際,陽子
4882,82.0,五月みどり,五月,みどり
4883,86.0,芳村真理,芳村,真理
4884,80.0,三田佳子,三田,佳子
4885,88.0,草笛光子,草笛,光子
4886,80.0,山本陽子,山本,陽子
4887,86.0,吉行和子,吉行,和子
4888,89.0,有馬稲子,有馬,稲子
4889,86.0,春川ますみ,春川,ますみ
4890,83.0,佐久間良子,佐久間,良子
4891,86.0,浜木綿子,浜木,綿子
4892,89.0,岡田茉莉子,岡田,茉莉子
4893,87.0,中村メイコ,中村,メイコ
4894,87.0,司葉子,司葉,子
4895,80.0,佐藤友美,佐藤,友美
4896,85.0,白川由美,白川,由美
4897,85.0,水野久美,水野,久美
4898,81.0,二階堂有希子,二階堂,有希子
4899,80.0,樫山文枝,樫山,文枝
4900,86.0,青山京子,青山,京子
4901,89.0,渡辺美佐子,渡辺,美佐子
4902,82.0,岩本多代,岩本,多代
4903,85.0,中原ひとみ,中原,ひとみ
4904,81.0,三島ゆり子,三島,ゆり子
4905,82.0,谷育子,谷,育子
4906,83.0,長内美那子,長内,美那子
4907,86.0,原知佐子,原,知佐子
4908,87.0,白石奈緒美,白石,奈緒美
4909,80.0,日色ともゑ,日色,ともゑ
4910,89.0,岩崎加根子,岩崎,加根子
4911,83.0,大方斐紗子,大方斐,紗子
4912,86.0,大森暁美,大森,暁美
4913,82.0,大空眞弓,大空,眞弓
4914,87.0,石井トミコ,石井,トミコ
4915,88.0,川口敦子,川口,敦子
4916,87.0,喜多道枝,喜多,道枝
4917,85.0,星野晶子,星野,晶子
4918,84.0,西岡慶子,西岡,慶子
4919,89.0,本山可久子,本山,可久子
4920,89.0,音羽美子,音羽,美子
4921,82.0,藤夏子,藤,夏子
4922,88.0,阿部百合子,阿部,百合子
4923,87.0,横山通乃,横山,通乃
4924,83.0,此島愛子,此島,愛子
4925,89.0,雪代敬子,雪代,敬子
4926,88.0,久松夕子,久松,夕子
4927,81.0,阪上和子,阪上,和子
4928,87.0,三田登喜子,三田,登喜子
4929,80.0,中澤敦子,中澤,敦子
4930,84.0,青木清子,青木,清子
4931,88.0,北川智繪,北川,智繪
4932,85.0,冨田恵子,冨田,恵子
4933,84.0,恩田恵美子,恩田,恵美子
4934,81.0,向江たかこ,向江,たかこ
4935,80.0,上野淑子,上野,淑子
4936,88.0,島村晶子,島村,晶子
4937,84.0,櫻町弘子,櫻町,弘子
4938,80.0,長谷妙子,長谷,妙子
4939,81.0,岡田和子,岡田,和子
4940,86.0,小田島敏子,小田島,敏子
4942,86.0,青山笑美子,青山,笑美子
4943,80.0,野田良子,野田,良子
4944,82.0,北島京子,北島,京子
4945,86.0,吉田妙子,吉田,妙子
4946,86.0,谷本小代子,谷本,小代子
4947,86.0,八百原寿子,八百原,寿子
4948,81.0,浅丘ルリ子,浅丘,ルリ子
4949,83.0,高山真樹,高山,真樹
4950,85.0,高沢みづえ,高沢,みづえ
4951,82.0,田辺衣子,田辺,衣子
4952,87.0,松浪志保,松浪,志保
4953,85.0,中里ひろみ,中里,ひろみ
4954,81.0,藤堂悠紀子,藤堂,悠紀子
4955,80.0,阿久津克子,阿久津,克子
4956,82.0,林美智子,林,美智子
4957,84.0,加藤百合子,加藤,百合子
4958,83.0,竹末ハルミ,竹末,ハルミ
4959,86.0,南條瑞江,南條,瑞江
4960,84.0,井上千恵子,井上,千恵子
4961,80.0,藤井美恵子,藤井,美恵子
4962,87.0,矢野泰子,矢野,泰子
4963,81.0,大橋芳枝,大橋,芳枝
4964,86.0,大原穣子,大原,穣子
4965,82.0,真田登久子,真田,登久子
4966,81.0,田畑ゆり,田畑,ゆり
4967,82.0,伊田悦子,伊田,悦子
4968,87.0,溝口順子,溝口,順子
4969,86.0,浅井忠子,浅井,忠子
4970,80.0,別府康子,別府,康子
4971,84.0,内山ハルエ,内山,ハルエ
4972,86.0,関えつ子,関,えつ子
4973,80.0,緒方じゅん,緒方,じゅん
4974,87.0,五月晴子,五月,晴子
4975,87.0,くぼた洋子,くぼた,洋子
4976,84.0,沢村セイ子,沢村,セイ子
4977,87.0,田嶋和江,田嶋,和江
4978,86.0,幹佐伎子,幹,佐伎子
4979,81.0,岩倉高子,岩倉,高子
4980,83.0,北上奈緒,北上,奈緒
4981,80.0,加藤まさえ,加藤,まさえ
4982,80.0,沢柳廸子,沢柳,廸子
4983,89.0,正司照枝,正司,照枝
4984,82.0,阿部光子,阿部,光子
4985,89.0,塩屋洋子,塩屋,洋子
4986,85.0,正司花江,正司,花江
4987,84.0,上甲まち子,上甲,まち子
4988,94.0,京唄子,京,唄子
4989,96.0,菅井きん,菅井,きん
4990,98.0,赤木春恵,赤木,春恵
4991,90.0,香川京子,香川,京子
4992,92.0,奈良岡朋子,奈良岡,朋子
4993,95.0,野村昭子,野村,昭子
4994,91.0,久我美子,久我,美子
4995,90.0,寿美花代,寿,美花代
4996,93.0,佐々木すみ江,佐々木,すみ江
4997,92.0,森康子,森,康子
4998,94.0,小野敦子,小野,敦子
4999,93.0,山本緑,山本,緑
5000,92.0,市川千恵子,市川,千恵子
5001,95.0,宮内順子,宮内,順子
5002,95.0,星美智子,星,美智子
5003,94.0,花原照子,花原,照子
5004,96.0,河東けい,河東,けい
5005,93.0,中村たつ,中村,たつ
5006,92.0,安田洋子,安田,洋子
5007,94.0,守川くみ子,守川,くみ子
5008,96.0,益田愛子,益田,愛子
5009,95.0,藤山喜子,藤山,喜子
5010,94.0,路井恵美子,路井,恵美子
5011,91.0,大久保光代,大久保,光代
5012,92.0,岡田美津枝,岡田,美津枝
5013,96.0,原美子,原,美子
5014,91.0,小竹伊津子,小竹,伊津子
