,TV,BC_time,BC_date,name,_,rate,watch_rating,recommend_ppl,popularity,taiwan,actors,year,season,BC_weekday
0,TBS,20,2010-01-11,神南署安積班2,,4 / 5                      24 人,11.28,374,40757,,"佐佐木藏之介,中村俊介",2010,1,1
1,CX,21,2010-11-10,●詐欺遊戲2,,4.8 / 5                      493 人,11.00,916,178844,已播,"戶田惠梨香,松田翔太",2010,1,3
2,CX,21,2010-01-26,決定不哭的日子,,4.3 / 5                      190 人,11.36,835,168641,播過,"榮倉奈奈,藤木直人",2010,1,2
3,EX,21,2010-10-14,●相棒Season8,,4.8 / 5                      40 人,17.66,684,61254,播過,"水谷豐,及川光博",2010,1,4
4,TBS,21,2010-01-13,赤蕪檢察官京都篇,,4.9 / 5                      7 人,6.13,281,26777,,"中村梅雀,菊川怜",2010,1,3
5,EX,20,2010-01-14,853,,4.3 / 5                      9 人,10.28,331,45914,,"寺脅康文,富田靖子",2010,1,4
6,EX,21,2010-01-14,轉職代理人,,3.7 / 5                      44 人,6.13,596,103804,播過,"長谷川京子,ウエンツ瑛士",2010,1,4
7,EX,21,2010-01-15,宿命 1969-2010,,4.3 / 5                      12 人,6.88,450,56503,,"北村一輝,小池榮子",2010,1,5
8,TBS,22,2010-01-15,完美小姐進化論,,4.3 / 5                      396 人,8.22,1842,215422,播過,"龜梨和也,大政絢",2010,1,5
9,TBS,20,2010-01-23,天才駭客F 第二季,,4.5 / 5                      291 人,8.08,2043,151395,播過,"三浦春馬,佐藤健",2010,1,6
10,NTV,21,2010-01-23,左目偵探EYE,,4.4 / 5                      152 人,8.31,704,83380,,"山田涼介,橫山裕",2010,1,6
11,NHK G,19,2010-01-09,綻放的花,,3.5 / 5                      8 人,9.41,280,49853,,"成海璃子,平岡祐太",2010,1,6
12,NHK G,08,2010-03-29,鬼太郎之妻,,4.9 / 5                      258 人,18.58,1213,236683,播過,"松下奈緒,向井理",2010,1,1
13,NHK G,08,2010-09-28,●歡迎龜來,,3.3 / 5                      3 人,13.50,307,52983,,"倉科佳奈,石黑賢",2010,1,2
14,TBS,25,2010-01-20,和平捍衛隊新撰組,,3.2 / 5                      11 人,1.87,358,40436,,"須賀健太,柳下大",2010,1,3
15,TX,24,2010-01-08,馬路須加學園,,4.6 / 5                      128 人,3.63,602,95214,,AKB48,2010,1,5
16,WOWOW,24,2010-03-06,SOIL,,5 / 5                      2 人,,187,9475,,"星野真里,田山涼成",2010,1,6
17,WOWOW,22,2010-02-14,再見那時為止,,,,262,47131,,"北村一輝,栗山千明",2010,1,7
18,WOWOW,22,2010-03-14,橫山秀夫懸疑四部作,,4.8 / 5                      87 人,,394,37788,,"仲村徹,岸谷五朗",2010,1,7
19,WOWOW,22,2010-02-07,完美的藍,,,,252,40781,,"加藤羅莎,中村蒼",2010,1,7
20,BeeTV,,2010-01-01,向著光明的未來：初戀,,4.4 / 5                      23 人,,297,18291,,"溝端淳平,蓮佛美沙子",2010,1,5
21,CX,21,2010-04-13,絕對零度,,4.6 / 5                      223 人,14.38,805,199394,播過,"上戶彩,木村了",2010,2,2
22,EX,21,2010-04-07,臨場2,,4.4 / 5                      49 人,17.57,318,61777,,"內野聖陽,松下由樹",2010,2,3
23,EX,21,2010-06-30,新・警視廳搜查一課9係 season2,,4.5 / 5                      20 人,14.70,333,40179,,"渡瀨恒彥,井之原快彥",2010,2,3
24,EX,20,2010-04-15,京都鴨川東署迷宮課(7),,4.3 / 5                      4 人,12.96,258,23719,,"渡瀨恒彥,櫻井淳子",2010,2,4
25,EX,21,2010-04-22,同窗會,,4.4 / 5                      75 人,14.51,538,97036,播過,"黑木瞳,高橋克典",2010,2,4
26,EX,21,2010-04-16,警視廳失蹤人搜查課,,4.4 / 5                      30 人,11.59,419,52289,播過,"澤村一樹,遠藤憲一",2010,2,5
27,TBS,22,2010-04-23,不良仔與眼鏡妹,,4.6 / 5                      391 人,11.27,916,203325,播過,"成宮寬貴,仲里依紗",2010,2,5
28,EX,23,2010-04-09,警部補 矢部謙三,,4.3 / 5                      47 人,10.70,420,42206,,"生瀨勝久,池田鐵洋",2010,2,5
29,TBS,20,2010-04-17,體操男孩,,4.7 / 5                      179 人,7.41,766,114906,,"山本裕典,瀨戶康史",2010,2,6
30,TBS,21,2010-04-18,新參者,,4.6 / 5                      351 人,14.93,936,229994,播過,"阿部寬,黑木美沙",2010,2,7
31,緯來日本,23,2010-06-30,零秒出手,,4.7 / 5                      1283 人,14.35,2330,476166,播過,"山下智久,北川景子",2010,2,3
32,NHK G,22,2010-03-30,●第八日的蟬,,4.3 / 5                      36 人,7.78,476,49389,播過,"檀麗,北乃紀伊",2010,2,2
33,NHK G,19,2010-04-17,鎌倉河岸捕物控,,5 / 5                      7 人,8.73,342,32101,,"橘慶太,中尾明慶",2010,2,6
34,NHK G,08,2010-03-29,●鬼太郎之妻,,4.9 / 5                      258 人,18.58,1213,236683,播過,"松下奈緒,向井理",2010,2,1
35,NTV,24,2010-01-14,●木下部長和我,,,3.59,266,35036,,"板尾創路,池田一真",2010,2,4
36,NTV,24,2010-04-08,職業高爾夫之花,,3.9 / 5                      14 人,4.28,320,39090,,"加藤羅莎,片瀨那奈",2010,2,4
37,CX,24,2010-04-26,東京小戀,,4.3 / 5                      12 人,,292,44532,,"夏宇童,平方元基",2010,2,1
38,CX,24,2010-06-30,東京小戀 第二季,,4 / 5                      2 人,,164,10057,,"林彥君,中江翼",2010,2,3
39,WOWOW,22,2010-04-18,潘朵拉II,,4.1 / 5                      17 人,,354,47806,,"佐藤浩市,鈴木京香",2010,2,7
40,LISMO,00,2010-06-07,人生補時 親子篇,,3.3 / 5                      3 人,,167,8937,,"加藤清史郎,池田鐵洋",2010,2,1
41,CX,13,2010-04-05,娼婦與淑女,,3.8 / 5                      4 人,5.39,336,39575,,"安達祐實,安達祐實",2010,2,1
42,緯來日本,15,2010-06-30,談判尤物,,4.6 / 5                      209 人,13.41,374,143787,播過,"米倉涼子,筧利夫",2010,2,3
43,TBS,20,2010-07-05,神南署安積班3,,3.4 / 5                      16 人,11.42,338,34009,,"佐佐木藏之介,中村俊介",2010,3,1
44,CX,21,2010-05-10,●月之戀人,,3.3 / 5                      316 人,16.76,1649,314840,播過,"木村拓哉,篠原涼子",2010,3,1
45,CX,21,2010-07-13,JOKER私法正義,,4.6 / 5                      282 人,14.16,1266,199244,播過,"堺雅人,錦戶亮",2010,3,2
46,EX,21,2010-06-30,●新・警視廳搜查一課9係 season2,,4.5 / 5                      20 人,14.70,333,40179,,"渡瀨恒彥,井之原快彥",2010,3,3
47,EX,20,2010-07-08,法醫女神探10,,4.4 / 5                      13 人,13.68,268,26877,,澤口靖子,2010,3,4
48,EX,21,2010-07-22,警視廳繼續搜查班,,3.8 / 5                      12 人,12.55,463,36550,,"木村佳乃,筒井道隆",2010,3,4
49,EX,21,2010-07-09,懸崖邊的繪里,,4.4 / 5                      22 人,6.38,336,44863,,"山田優,塚地武雅",2010,3,5
50,TBS,22,2010-07-09,刑警自戀狂,,4.4 / 5                      263 人,8.05,687,206633,播過,"長瀨智也,生田斗真",2010,3,5
51,EX,23,2010-05-21,●鋼之女,,4.6 / 5                      86 人,10.31,450,87545,,"吉瀨美智子,要潤",2010,3,5
52,TBS,20,2010-07-10,震撼鮮師,,4.5 / 5                      204 人,6.95,702,148109,,"速水茂虎道,志田未來",2010,3,6
53,TBS,21,2010-07-18,GM,,4.3 / 5                      80 人,9.96,453,59410,,"東山紀之,多部未華子",2010,3,7
54,緯來日本,22,2010-07-07,粉紅系男孩 夏,,4.4 / 5                      228 人,6.26,517,167104,播過,"岡田將生,夏帆",2010,3,3
55,NHK G,22,2010-07-06,天使的贈禮,,4.4 / 5                      25 人,6.82,374,45393,,"觀月亞里沙,友阪理惠",2010,3,2
56,NHK G,19,2010-04-17,●鎌倉河岸捕物控,,5 / 5                      7 人,8.73,342,32101,,"橘慶太,中尾明慶",2010,3,6
57,NHK G,19,2010-09-04,桂千鶴診察日錄,,4.5 / 5                      4 人,8.36,235,25131,,"市川由衣,高島政伸",2010,3,6
58,NHK G,21,2010-07-03,鐵之骨,,4.5 / 5                      15 人,5.50,320,43377,,"小池徹平,豐原功補",2010,3,6
59,NHK G,20,2010-01-03,●龍馬傳,,4.7 / 5                      105 人,18.62,758,170446,已播,"福山雅治,濱田龍臣",2010,3,7
60,NHK G,08,2010-03-29,●鬼太郎之妻,,4.9 / 5                      258 人,18.58,1213,236683,播過,"松下奈緒,向井理",2010,3,1
61,NHK G,08,2010-09-27,幸福鐵板燒,,4.6 / 5                      81 人,17.20,486,116264,播過,"瀧本美織,富司純子",2010,3,1
62,NTV,24,2010-04-08,●職業高爾夫之花,,3.9 / 5                      14 人,4.28,320,39090,,"加藤羅莎,片瀨那奈",2010,3,4
63,NTV,24,2010-07-15,日本人不知道的日本語,,4.6 / 5                      82 人,3.32,427,71055,,"仲里依紗,青木崇高",2010,3,4
64,NTV,23,2010-07-15,日本人不知道的日本語,,4.6 / 5                      82 人,3.32,427,71055,,"仲里依紗,青木崇高",2010,3,4
65,CX,25,2010-07-08,萌菌物語,,4.4 / 5                      18 人,2.56,284,60105,,"中村優一,金智順",2010,3,4
66,TX,24,2010-04-09,●麻煩男,,4.5 / 5                      13 人,2.05,352,57644,,"加藤成亮,竹財輝之助",2010,3,5
67,TX,24,2010-07-16,桃花期,,3.9 / 5                      40 人,,321,70111,,"森山未來,野波麻帆",2010,3,5
68,WOWOW,24,2010-07-31,豆腐姊妹,,3.3 / 5                      10 人,,298,37900,,"吉高由里子,塚地武雅",2010,3,6
69,CX,24,2010-04-26,●東京小戀,,4.3 / 5                      12 人,,292,44532,,"夏宇童,平方元基",2010,3,1
70,CX,24,2010-06-30,●東京小戀 第二季,,4 / 5                      2 人,,164,10057,,"林彥君,中江翼",2010,3,3
71,CX,24,2010-08-23,東京小戀 第三季,,4.7 / 5                      3 人,,171,10054,,"夏宇童,平方元基",2010,3,1
72,CX,13,2010-04-05,●娼婦與淑女,,3.8 / 5                      4 人,5.39,336,39575,,"安達祐實,安達祐實",2010,3,1
73,CX,13,2010-07-05,抓住明日的光,,4 / 5                      1 人,,260,25269,,"廣瀨愛麗絲,榊原徹士",2010,3,1
74,CX,13,2010-07-05,抓住明日的光,,4 / 5                      1 人,,260,25269,,"廣瀨愛麗絲,榊原徹士",2010,3,1
75,CX,13,2010-09-06,天使的代理人,,3 / 5                      3 人,,206,14465,,"高畑淳子,市毛良枝",2010,3,1
76,緯來日本,15,2010-06-30,談判尤物,,4.6 / 5                      209 人,13.41,374,143787,播過,"米倉涼子,筧利夫",2010,3,3
77,CX,21,2010-10-18,流星,,4.7 / 5                      429 人,14.06,1608,248581,播過,"竹野內豐,上戶彩",2010,4,1
78,CX,21,2010-10-19,飛特族、買個家。,,4.7 / 5                      356 人,17.05,1048,200157,,"二宮和也,香里奈",2010,4,2
79,EX,21,2010-10-20,相棒Season9,,4.8 / 5                      45 人,20.43,703,65925,播過,"水谷豐,及川光博",2010,4,3
80,NTV,22,2010-10-20,黃金豬女王,,4.3 / 5                      189 人,13.52,451,133272,播過,"篠原涼子,岡田將生",2010,4,3
81,EX,20,2010-10-14,京都地檢之女(6),,4.3 / 5                      4 人,12.57,233,20891,,"名取裕子,寺島進",2010,4,4
82,TBS,21,2010-10-14,冷暖人間(10),,4.3 / 5                      12 人,13.49,250,39944,,"泉平子,長山藍子",2010,4,4
83,EX,21,2010-10-21,國稅查察官,,4.5 / 5                      107 人,13.71,403,74673,播過,"米倉涼子,柳葉敏郎",2010,4,4
84,EX,21,2010-10-22,檢事・鬼島平八郎,,4.3 / 5                      12 人,7.99,264,24909,,"濱田雅功,內田有紀",2010,4,5
85,TBS,22,2010-10-08,超能力事件簿 SPEC,,4.8 / 5                      576 人,10.51,1167,332832,播過,"戶田惠梨香,加瀨亮",2010,4,5
86,TBS,21,2010-10-17,獸醫杜立德,,4.6 / 5                      186 人,13.39,486,119658,播過,"小栗旬,井上真央",2010,4,7
87,CX,21,2010-10-17,Perfect report,,4.4 / 5                      71 人,6.63,361,69152,,"松雪泰子,小出惠介",2010,4,7
88,TBS,23,2010-11-15,爺爺25歲,,4.5 / 5                      55 人,3.91,360,40926,,"藤原龍也,大東俊介",2010,4,1
89,NHK G,22,2010-08-31,●提早十年愛上你,,4.7 / 5                      161 人,6.48,599,107909,,"上戶彩,內野聖陽",2010,4,2
90,NHK G,19,2010-09-04,●桂千鶴診察日錄,,4.5 / 5                      4 人,8.36,235,25131,,"市川由衣,高島政伸",2010,4,6
91,NHK G,08,2010-09-27,●幸福鐵板燒,,4.6 / 5                      81 人,17.20,486,116264,播過,"瀧本美織,富司純子",2010,4,1
92,TBS,25,2010-10-12,黑金丑嶋君,,4.5 / 5                      60 人,2.28,313,57773,,"山田孝之,片瀨那奈",2010,4,2
93,MBS,25,2010-10-05,黑豹 人中之龍新章,,4.2 / 5                      13 人,1.68,233,28904,,"齋藤工,石田卓也",2010,4,2
94,NTV,24,2010-10-07,FACE MAKER,,4.3 / 5                      14 人,3.78,332,45141,,"永井大,日向千步",2010,4,4
95,TX,24,2010-10-08,孃王3,,4.5 / 5                      19 人,3.57,261,64482,,"原幹惠,渡部豪太",2010,4,5
96,WOWOW,22,2010-10-17,馬克斯之山,,4.6 / 5                      37 人,,388,33286,,"上川隆也,石黑賢",2010,4,7
97,WOWOW,22,2010-11-21,幻夜,,4 / 5                      45 人,,299,65393,,"深田恭子,塚本高史",2010,4,7
98,tvk,21,2010-10-01,愛在貓咪療癒時,,,,115,6231,播過,伊武雅刀,2010,4,5
99,RBC,10,2010-10-02,琉神MABUYER 2,,,,38,1670,,"翁長大輔,桃原遥",2010,4,6
100,LISMO,00,2010-11-05,戀色圓舞,,4.3 / 5                      4 人,,225,29000,,"志田未來,川口春奈",2010,4,5
101,CX,21,2011-01-17,教我愛的一切,,4.4 / 5                      308 人,11.44,1185,241687,播過,"戶田惠梨香,三浦春馬",2011,1,1
102,CX,21,2011-01-11,CONTROL,,4.2 / 5                      136 人,13.41,476,151506,播過,"松下奈緒,藤木直人",2011,1,2
103,EX,21,2011-10-20,●相棒Season9,,4.8 / 5                      45 人,20.43,703,65925,播過,"水谷豐,及川光博",2011,1,4
104,NTV,22,2011-01-12,美女鮮師No.1,,4.4 / 5                      183 人,10.51,391,133938,播過,"香里奈,藤藤谷太輔",2011,1,3
105,EX,20,2011-01-20,真正犯人,,4.3 / 5                      24 人,11.34,272,41968,,"船越英一郎,大塚寧寧",2011,1,4
106,TBS,21,2011-10-14,●冷暖人間(10),,4.3 / 5                      12 人,13.49,250,39944,,"泉平子,長山藍子",2011,1,5
107,EX,21,2011-01-13,告發,,4.4 / 5                      26 人,10.20,279,49045,,"田村正和,真矢美季",2011,1,4
108,EX,21,2011-01-21,惡黨,,4.6 / 5                      35 人,10.38,353,47710,,"高橋克典,小泉孝太郎",2011,1,5
109,TBS,22,2011-01-07,LADY,,4 / 5                      186 人,8.74,444,159471,播過,"北川景子,木村多江",2011,1,5
110,TBS,21,2011-01-16,冬櫻之戀,,4 / 5                      38 人,13.66,396,82891,播過,"草剪剛,今井美樹",2011,1,7
111,CX,21,2011-01-16,SCHOOL!!,,4.6 / 5                      76 人,8.99,407,77828,,"江口洋介,西島秀俊",2011,1,7
112,CX,23,2011-02-21,求婚兄弟,,4.3 / 5                      56 人,,286,51990,,"佐藤隆太,杏",2011,1,1
113,NTV,23,2011-02-26,來自櫻花的信,,4.7 / 5                      60 人,,314,43748,,"大島優子,峰岸南",2011,1,6
114,NHK G,22,2011-01-04,贗品,,4.3 / 5                      12 人,5.98,232,24159,,"財前直見,南野陽子",2011,1,2
115,NHK G,19,2011-01-08,隱密八百八町,,2.5 / 5                      2 人,10.32,196,22511,,"館廣,釋由美子",2011,1,6
116,NHK G,08,2011-09-27,●幸福鐵板燒,,4.6 / 5                      81 人,17.20,486,116264,播過,"瀧本美織,富司純子",2011,1,2
117,TBS,25,2011-01-18,四重奏,,4.3 / 5                      35 人,1.62,250,42922,,"福田沙紀,松下優也",2011,1,2
118,CX,24,2011-01-12,妄想刑事,,4.5 / 5                      8 人,,172,22118,,"松井珠理奈,松井玲奈",2011,1,3
119,NTV,24,2011-01-06,示談交涉人,,4.3 / 5                      26 人,5.22,263,35242,,"西野亮廣,忽那汐里",2011,1,4
120,TX,24,2011-01-14,URAKARA,,4.1 / 5                      13 人,3.04目前,233,30754,,Kara,2011,1,5
121,TBS,24,2011-01-14,天堂之花,,3.9 / 5                      48 人,2.20目前,197,25708,,"川島海荷,荒木宏文",2011,1,5
122,WOWOW,22,2011-03-20,CO 移植協調者,,4.4 / 5                      9 人,,255,18999,,"吉岡秀隆,中山裕介",2011,1,7
123,WOWOW,22,2011-03-20,橫山秀夫懸疑四部作2,,4.1 / 5                      17 人,,194,20285,,"谷原章介,鶴田真由",2011,1,7
124,LISMO,00,2011-01-07,婚前特急 21歲,,3.7 / 5                      3 人,,213,21700,,"吉高由里子,高岡蒼甫",2011,1,5
125,tvk,21,2011-01-14,犬飼桑之犬,,,,186,10333,,"小日向文世,ちはる",2011,1,5
126,BeeTV,,2011-03-20,女神的惡作劇,,4.3 / 5                      7 人,,266,16292,,"松阪桃李,鈴木亮平",2011,1,7
127,TBS,20,2011-04-11,神南署安積班4,,4.6 / 5                      10 人,11.78,328,32474,,"佐佐木藏之介,中村俊介",2011,2,1
128,CX,21,2011-04-18,變得幸福呦,,3.7 / 5                      69 人,11.69,365,117268,,"香取慎吾,黑木美沙",2011,2,1
129,CX,21,2011-04-12,媽媽們的戰爭,,4.7 / 5                      127 人,11.73,403,118193,播過,"杏,尾野真千子",2011,2,2
130,EX,21,2011-04-13,遺留搜查,,4.4 / 5                      58 人,14.27,375,72657,,"上川隆也,貫地谷詩穗梨",2011,2,3
131,EX,20,2011-04-28,京都鴨川東署迷宮課(8),,,11.39,190,14428,,"渡瀨恒彥,櫻井淳子",2011,2,4
132,TBS,21,2011-10-14,●冷暖人間(10),,4.3 / 5                      12 人,13.49,250,39944,,"泉平子,長山藍子",2011,2,5
133,EX,21,2011-04-21,鋼之女 第二季,,4.5 / 5                      56 人,7.33,334,53130,,"吉瀨美智子,要潤",2011,2,4
134,TBS,22,2011-04-22,出生,,4.3 / 5                      52 人,10.29,373,64405,,"堀北真希,大倉忠義",2011,2,5
135,EX,23,2011-02-04,●王牌酒保,,4.4 / 5                      99 人,10.03,417,82909,,"相葉雅紀,貫地谷詩穗梨",2011,2,5
136,TBS,21,2011-04-17,仁醫2,,4.9 / 5                      331 人,20.62,787,170191,播過,"大澤隆夫,中谷美紀",2011,2,7
137,CX,21,2011-04-24,Marumo的守則,,4.8 / 5                      235 人,15.48,635,157769,播過,"阿部貞夫,蘆田愛菜",2011,2,7
138,EX,23,2011-04-24,明日香高工進行曲,,4.6 / 5                      133 人,5.96,576,98436,,"武井咲,松阪桃李",2011,2,7
139,NHK G,22,2011-04-19,Madonna Verde,,4.8 / 5                      6 人,8.02,224,34733,,"松坂慶子,國仲涼子",2011,2,2
140,NHK G,08,2011-09-27,●幸福鐵板燒,,4.6 / 5                      81 人,17.20,486,116264,播過,"瀧本美織,富司純子",2011,2,2
141,NHK G,08,2011-04-04,太陽公公,,4.1 / 5                      28 人,18.80,386,100859,播過,"井上真央,滿島光",2011,2,1
142,TBS,25,2011-04-19,肌肉女孩,,3.9 / 5                      18 人,1.46,273,56349,,"市川由衣,李洪基",2011,2,2
143,TX,24,2011-04-15,馬路須加學園2,,4.4 / 5                      66 人,3.90目前,315,67032,,AKB48,2011,2,5
144,MBS,24,2011-04-23,肌肉女孩,,3.9 / 5                      18 人,1.46,273,56349,,"市川由衣,李洪基",2011,2,6
145,BS P,20,2011-04-03,新選組血風錄,,4 / 5                      2 人,,229,19107,,"永井大,辻本祐樹",2011,2,7
146,BeeTV,,2011-05-20,Ese肉食女的戀愛情事,,3.7 / 5                      9 人,,229,18443,,"小池榮子,要潤",2011,2,5
147,CX,21,2011-07-11,全開女孩,,4.5 / 5                      465 人,12.26,1824,224917,播過,"新垣結衣,錦戶亮",2011,3,1
148,CX,21,2011-07-12,絕對零度2,,4.7 / 5                      161 人,13.02,621,103271,播過,"上戶彩,桐谷健太",2011,3,2
149,EX,21,2011-07-06,新・警視廳搜查一課9係 season3,,4.2 / 5                      10 人,15.83,270,38162,,"渡瀨恒彥,井之原快彥",2011,3,3
150,EX,20,2011-07-07,京都地檢之女(7),,,11.52,185,16220,,"名取裕子,益岡徹",2011,3,4
151,TBS,21,2011-10-14,●冷暖人間(10),,4.3 / 5                      12 人,13.49,250,39944,,"泉平子,長山藍子",2011,3,5
152,EX,21,2011-07-21,太陽會再升起,,4.4 / 5                      59 人,11.28,967,60079,,"佐藤浩市,三浦春馬",2011,3,4
153,TBS,22,2011-07-15,原來是美男,,4.4 / 5                      225 人,9.94,6192,153132,播過,"瀧本美織,玉森裕太",2011,3,5
154,NTV,21,2011-05-07,●高校生Restraunt,,4.4 / 5                      72 人,10.68,431,69830,,"松岡昌宏,吹石一惠",2011,3,6
155,CX,21,2011-04-24,●Marumo的守則,,4.8 / 5                      235 人,15.48,635,157769,播過,"阿部貞夫,蘆田愛菜",2011,3,7
156,CX,21,2011-07-10,新花樣少年少女,,3.5 / 5                      120 人,6.99,361,112262,播過,"前田敦子,三浦翔平",2011,3,7
157,TBS,21,2011-07-10,華和家四姊妹,,4.3 / 5                      120 人,11.45,394,95203,播過,"觀月亞里沙,貫地谷詩穗梨",2011,3,7
158,EX,23,2011-04-24,●明日香高工進行曲,,4.6 / 5                      133 人,5.96,576,98436,,"武井咲,松阪桃李",2011,3,7
159,EX,23,2011-09-04,薔薇色聖戰,,4.1 / 5                      14 人,5.37,307,31419,,"吹石一惠,蘆名星",2011,3,7
160,NHK G,22,2011-05-31,●下流之宴,,4.1 / 5                      12 人,7.58,236,38461,,"黑木瞳,美波",2011,3,2
161,NHK G,22,2011-07-26,胡桃之家,,4 / 5                      27 人,8.73,295,39524,播過,"松下奈緒,竹下景子",2011,3,2
162,NHK G,08,2011-04-04,●太陽公公,,4.1 / 5                      28 人,18.80,386,100859,播過,"井上真央,滿島光",2011,3,1
163,TX,24,2011-07-08,勇者義彥與魔王之城,,4.4 / 5                      98 人,,493,75132,播過,"山田孝之,宅麻伸",2011,3,5
164,WOWOW,24,2011-07-30,人間昆蟲記,,4.8 / 5                      9 人,,227,16195,,"美波,井浦新",2011,3,6
165,MBS,24,2011-07-30,荒川爆笑團,,3.6 / 5                      54 人,2.00,366,67249,,"林遣都,桐谷美玲",2011,3,6
166,BS P,20,2011-07-17,龍之女,,4.4 / 5                      38 人,,314,64709,,"仲間由紀惠,谷原章介",2011,3,7
167,WOWOW,22,2011-08-21,老街火箭團,,4 / 5                      9 人,,264,28138,,"三上博史,寺島忍,渡部篤郎",2011,3,7
168,LISMO,00,2011-07-01,Kurumi洋品店,,4.3 / 5                      4 人,,187,18553,,"篠田麻里子,龍星涼",2011,3,5
169,LISMO,00,2011-08-05,八月戀曲,,,,133,18356,,"朴政珉,酒井美紀",2011,3,5
170,CX,13,2011-07-04,抓住明日的光2,,4.5 / 5                      4 人,,231,21239,,"小島藤子,松下優也",2011,3,1
171,BeeTV,,2011-07-01,交錯的9個殺意,,4.5 / 5                      16 人,,175,15438,,"柳樂優彌,夏帆",2011,3,5
172,CX,21,2011-10-18,推理要在晚餐後,,4.3 / 5                      373 人,15.92,751,181941,播過,"櫻井翔,北川景子",2011,4,2
173,EX,21,2011-10-19,相棒Season10,,4.8 / 5                      55 人,16.19,607,65512,播過,"水谷豐,及川光博",2011,4,3
174,EX,20,2011-10-20,法醫女神探11,,3.8 / 5                      8 人,12.56,245,33020,,澤口靖子,2011,4,4
175,TBS,21,2011-10-27,Runaway,,4.6 / 5                      92 人,9.99,469,66638,,"市原隼人,塚本高史",2011,4,4
176,EX,21,2011-10-27,最強名醫 DOCTORS,,4.7 / 5                      203 人,14.69,593,130253,播過,"澤村一樹,高島政伸",2011,4,4
177,TBS,22,2011-10-21,專業主婦偵探,,4.5 / 5                      191 人,10.04,703,104063,播過,"深田恭子,藤木直人",2011,4,5
178,TBS,21,2011-10-16,南極大陸,,4.3 / 5                      232 人,17.33,828,191063,播過,"木村拓哉,綾瀨遙",2011,4,7
179,CX,21,2011-10-23,明星保鏢99天,,4.3 / 5                      184 人,9.34,733,131953,播過,"西島秀俊,金泰希",2011,4,7
180,EX,23,2011-09-04,●薔薇色聖戰,,4.1 / 5                      14 人,5.37,307,31419,,"吹石一惠,蘆名星",2011,4,7
181,EX,23,2011-10-16,我的天空 刑事篇,,3.8 / 5                      10 人,6.67,242,29471,,"庄野崎謙,永井大",2011,4,7
182,NHK G,22,2011-09-13,●Last money,,4.3 / 5                      23 人,6.60,266,47816,,"伊藤英明,中丸雄一",2011,4,2
183,NHK G,22,2011-11-01,他、丈夫、男友們,,4.2 / 5                      29 人,8.20,278,48180,,"真木陽子,木村多江",2011,4,2
184,NHK G,08,2011-04-04,●太陽公公,,4.1 / 5                      28 人,18.80,386,100859,播過,"井上真央,滿島光",2011,4,1
185,NHK G,08,2011-10-03,康乃馨,,4.7 / 5                      83 人,19.10,503,130801,播過,"尾野真千子,小林薰",2011,4,1
186,TBS,25,2011-10-18,深夜食堂 2,,4.8 / 5                      120 人,2.07,608,75772,播過,小林薰,2011,4,2
187,NTV,24,2011-10-05,Dachitabi,,5 / 5                      2 人,,186,17023,,"中丸雄一,增田貴久,河本準一",2011,4,3
188,NTV,24,2011-10-06,秘密諜報員 Erika,,4.2 / 5                      44 人,4.74,431,39932,,"栗山千明,井出卓也",2011,4,4
189,MBS,24,2011-10-13,深夜食堂 2,,4.8 / 5                      120 人,2.07,608,75772,播過,小林薰,2011,4,4
190,TX,24,2011-10-07,摔角妖精宮殿,,4.1 / 5                      11 人,,235,28890,,"武田航平,佐藤江梨子",2011,4,5
191,TBS,24,2011-10-28,怪盜Royale,,4.5 / 5                      55 人,3.50,401,50081,,"松阪桃李,大政絢",2011,4,5
192,TX,25,2011-10-07,未確認少女,,5 / 5                      1 人,,165,9733,,"劇團一人,バカリズム",2011,4,5
193,BS P,20,2011-10-02,塚原卜傳,,4.2 / 5                      17 人,6.81,235,34191,,"堺雅人,平岳大",2011,4,7
194,WOWOW,22,2011-10-02,潘朵拉III,,4.5 / 5                      19 人,,225,35373,,"江口洋介,內野聖陽",2011,4,7
195,WOWOW,22,2011-11-27,人造花之蜜,,3.8 / 5                      21 人,,224,29696,播過,"檀麗,玉山鐵二",2011,4,7
196,LISMO,00,2011-10-07,搬運你的未來 你的角色是哪個?,,5 / 5                      2 人,,194,18230,,"妻夫木聰,永瀨正敏",2011,4,5
197,LISMO,00,2011-11-04,REPLAY & DESTROY,,3.4 / 5                      5 人,,218,18552,,"山田孝之,林遣都",2011,4,5
198,LISMO,00,2011-12-02,POV,,3.3 / 5                      3 人,,154,19830,,"志田未來,河本準一",2011,4,5
199,BeeTV,,2011-10-01,戀時尚的灰姑娘,,4.8 / 5                      6 人,,203,19097,,"松井玲奈,齊藤祥太",2011,4,6
200,BeeTV,,2011-11-01,琳瑯女人二度遊戲,,4.8 / 5                      16 人,,279,36822,,"相武紗季,柏原崇",2011,4,2
201,BeeTV,,2011-11-20,與40熟女90天內結婚的方法,,3.5 / 5                      4 人,,153,16455,,"市原隼人,飯島直子",2011,4,7
202,BeeTV,,2011-12-25,男友是妹妹的戀人,,4.1 / 5                      34 人,,288,47012,,石原里美,2011,4,7
203,TBS,20,2012-01-09,繼父,,4.5 / 5                      36 人,7.55,265,45998,,"上川隆也,小西真奈美",2012,1,1
204,CX,21,2012-01-10,Strawberry Night,,4.7 / 5                      272 人,15.35,1456,214246,播過,"竹內結子,武田鐵矢",2012,1,2
205,EX,21,2012-10-19,●相棒Season10,,4.8 / 5                      55 人,16.19,607,65512,播過,"水谷豐,及川光博",2012,1,5
206,EX,20,2012-10-20,●法醫女神探11,,3.8 / 5                      8 人,12.56,245,33020,,澤口靖子,2012,1,6
207,TBS,21,2012-01-12,幸福送行者,,4.4 / 5                      240 人,10.89,1271,169753,播過,"山下智久,榮倉奈奈",2012,1,4
208,EX,21,2012-01-19,聖醫怪物,,4.2 / 5                      61 人,7.66,309,78205,播過,"岡田將生,中谷美紀",2012,1,4
209,TBS,22,2012-01-20,戀愛排後面,,4.3 / 5                      87 人,9.06,325,85975,播過,仲間由紀惠,2012,1,5
210,TBS,21,2012-01-15,命運之人,,4.5 / 5                      63 人,11.78,314,77368,播過,"本木雅弘,松隆子",2012,1,7
211,CX,21,2012-01-15,嫁到這一家,,4.5 / 5                      83 人,10.54,578,69539,播過,"松下奈緒,井之原快彥",2012,1,7
212,CX,23,2012-02-27,O-PARTS,,4.1 / 5                      7 人,6.88,179,16032,,"丸山隆平,忽那汐里",2012,1,1
213,NHK G,22,2012-01-24,走在鋼索上的女人,,4.1 / 5                      7 人,5.18,180,26764,,"池脅千鶴,高岡早紀",2012,1,2
214,NTV,23,2012-01-10,Teen Court,,4 / 5                      14 人,3.35,201,30059,,"剛力彩芽,村川繪梨",2012,1,2
215,TBS,25,2012-01-24,家族八景,,3.7 / 5                      18 人,1.96,263,32307,,"木南晴夏,木村了",2012,1,2
216,TX,25,2012-01-17,逃亡者Orin2,,5 / 5                      1 人,,163,17200,,"青山倫子,渡邊大",2012,1,2
217,TX,24,2012-01-04,孤獨的美食家,,4.6 / 5                      50 人,,421,47259,播過,松重豐,2012,1,3
218,TX,24,2012-01-13,請勿拍攝!!偶像內幕,,1.3 / 5                      3 人,,176,32060,,"小松彩夏,秋月三佳",2012,1,5
219,TBS,24,2012-01-27,白戶修的事件簿,,4 / 5                      30 人,3.64,260,41046,,"千葉雄大,本鄉奏多",2012,1,5
220,NTV,24,2012-01-07,父與子的男人旅行,,3 / 5                      2 人,,188,16516,,"反町隆史,平松來馬",2012,1,6
221,NTV,26,2012-01-14,Muse之鏡,,3.8 / 5                      8 人,1.62,222,25201,,指原莉乃,2012,1,6
222,BS P,22,2012-01-01,拓荒者,,3.7 / 5                      7 人,3.90,235,27187,,"滿島光,石田卓也",2012,1,7
223,WOWOW,22,2012-01-08,贖罪,,3.7 / 5                      48 人,,279,60856,已播,小泉今日子,2012,1,7
224,WOWOW,22,2012-02-12,分身,,4.2 / 5                      79 人,,291,62661,,"長澤雅美,勝地涼",2012,1,7
225,WOWOW,22,2012-03-25,推定有罪,,4.9 / 5                      119 人,,299,35017,,"仲村亨,黑木瞳",2012,1,7
226,LISMO,00,2012-01-06,櫻蘭高校男公關部：春日的生日快樂大作戰,,4.7 / 5                      34 人,,194,37013,,"川口春奈,山本裕典",2012,1,5
227,TBS,20,2012-04-09,安積班 5,,3.8 / 5                      15 人,10.98,251,39814,,"佐佐木藏之介,比嘉愛未",2012,2,1
228,CX,21,2012-04-16,上鎖的房間,,4.7 / 5                      495 人,15.86,1279,257741,播過,"大野智,戶田惠梨香",2012,2,1
229,CX,21,2012-04-17,LEGAL HIGH,,4.8 / 5                      746 人,12.47,1610,377524,播過,"堺雅人,新垣結衣",2012,2,2
230,EX,21,2012-04-18,Answer關鍵罪證,,4.6 / 5                      73 人,9.42,344,77911,播過,"觀月亞里沙,田邊誠一",2012,2,3
231,EX,20,2012-04-12,新・京都鴨川東署迷宮課,,4.2 / 5                      10 人,10.60,213,26033,,"渡瀨恒彥,京野琴美",2012,2,4
232,TBS,21,2012-04-19,偶像爸爸,,4 / 5                      163 人,8.08,500,137054,播過,"錦戶亮,優香",2012,2,4
233,EX,21,2012-04-26,W的悲劇,,4.3 / 5                      119 人,9.03,527,80464,播過,"武井咲,桐谷健太",2012,2,4
234,TBS,22,2012-04-20,再一次求婚,,4.5 / 5                      113 人,8.62,685,110879,播過,"竹野內豐,和久井映見",2012,2,5
235,NTV,21,2012-04-14,三毛貓推理,,4 / 5                      171 人,12.62,452,105683,,"相葉雅紀,松子DELUXE",2012,2,6
236,TBS,21,2012-04-15,自閉天才ATARU,,4.5 / 5                      229 人,15.42,497,156778,播過,"中居正廣,栗山千明",2012,2,7
237,CX,21,2012-04-15,家族之歌,,3.9 / 5                      28 人,3.85,285,45318,,"小田切讓,貫地谷詩穗梨",2012,2,7
238,NHK G,22,2012-04-03,拓荒者,,3.7 / 5                      7 人,3.90,235,27187,,"滿島光,石田卓也",2012,2,2
239,TBS,24,2012-04-23,放學後再推理,,4 / 5                      55 人,1.54,262,58040,,"川口春奈,速水茂虎道",2012,2,1
240,TX,24,2012-04-13,CLOVER,,4.3 / 5                      13 人,,240,26206,,"賀來賢人,三浦貴大",2012,2,5
241,TX,25,2012-04-13,戀愛的Maison,,2.8 / 5                      4 人,,204,23262,,"智英,建日",2012,2,5
242,NTV,25,2012-04-14,私立馬鹿蘭高校,,4.5 / 5                      83 人,2.84,326,70072,,"森本慎太郎,島崎遙香",2012,2,6
243,BSA,25,2012-04-28,惡夢DRIVE,,3.7 / 5                      3 人,,175,13588,,"小澤亮太,中尾明慶",2012,2,6
244,NOTTV,24,2012-05-28,Shinikare,,4 / 5                      17 人,,273,32222,,"藤藤谷太輔,桐谷美玲",2012,2,1
245,WOWOW,22,2012-04-29,罪與罰,,4.1 / 5                      27 人,,288,40336,,"高良健吾,水川麻美",2012,2,7
246,BS P,22,2012-06-03,戀愛檢定,,3.9 / 5                      11 人,,235,27991,,"田中麗奈,瀨戶康史",2012,2,7
247,WOWOW,22,2012-06-10,Magma,,4 / 5                      2 人,,154,19504,,"尾野真千子,谷原章介",2012,2,7
248,BeeTV,,2012-04-01,你和我的約定,,5 / 5                      1 人,,152,8767,,"KEIJI,TETSUYA,蓮佛美沙子",2012,2,7
249,TBS,20,2012-07-02,浪花少年偵探團,,3.7 / 5                      53 人,5.98,321,56775,,"多部未華子,小池徹平",2012,3,1
250,CX,21,2012-07-10,無法呼吸的夏天,,3.7 / 5                      70 人,9.73,432,95381,,"武井咲,江口洋介",2012,3,2
251,EX,21,2012-07-04,新・警視廳搜查一課9係  season7,,3.9 / 5                      18 人,11.79,260,30846,,"渡瀨恒彥,井之原快彥",2012,3,3
252,EX,20,2012-07-05,京都地檢之女(8),,2 / 5                      3 人,10.31,205,19733,,名取裕子,2012,3,4
253,TBS,21,2012-07-12,Beginners,,4.3 / 5                      49 人,7.27,375,54605,,"藤藤谷太輔,剛力彩芽",2012,3,4
254,EX,21,2012-07-12,遺留搜查2,,4 / 5                      46 人,12.44,375,42045,,上川隆也,2012,3,4
255,TBS,22,2012-07-20,黑之女教師,,4.4 / 5                      126 人,9.86,524,101255,,"榮倉奈奈,木村文乃",2012,3,5
256,NTV,21,2012-07-07,幽靈媽媽搜查線,,4.5 / 5                      110 人,10.72,381,74943,播過,"仲間由紀惠,澤村一樹",2012,3,6
257,CX,21,2012-07-01,Beautiful Rain,,4.4 / 5                      72 人,10.01,849,78321,,"豐川悅司,蘆田愛菜",2012,3,7
258,TBS,21,2012-07-08,Summer Rescue,,4.1 / 5                      99 人,9.92,362,107252,播過,"向井理,尾野真千子",2012,3,7
259,NHK G,22,2012-05-22,●初戀,,4.6 / 5                      51 人,8.46,356,68129,播過,"木村佳乃,伊原剛志",2012,3,2
260,NHK G,22,2012-08-28,鶴龜助產院,,4.1 / 5                      21 人,8.13,256,36897,,"仲里依紗,余貴美子",2012,3,2
261,NHK G,08,2012-04-02,●小梅醫生,,4.8 / 5                      128 人,20.70,786,168571,播過,"堀北真希,高橋克實",2012,3,1
262,NTV,24,2012-07-05,VISION,,3.8 / 5                      34 人,3.02,231,39651,,"山田優,金子統昭",2012,3,4
263,KTV,25,2012-07-12,毛骨悚然撞鬼現場,,4.3 / 5                      7 人,,180,13686,播過,"高橋愛,杉本有美",2012,3,4
264,TX,24,2012-07-13,馬路須加學園3,,3.7 / 5                      31 人,2.57目前,234,32645,,"AKB48,SKE48",2012,3,5
265,NTV,25,2012-07-07,愛情種子,,4.4 / 5                      98 人,2.59,405,67607,,"知念侑李,森川葵",2012,3,6
266,BSA,25,2012-07-28,青空之卵,,4.2 / 5                      6 人,,175,13327,,"阿久津愼太郎,井上正大",2012,3,6
267,NTV,26,2012-07-07,小惠會使用魔法嗎?,,3.6 / 5                      16 人,1.67,195,22795,,"小島陽菜,室剛",2012,3,6
268,BS P,22,2012-07-08,高橋留美子劇場,,2.7 / 5                      6 人,,191,17500,,"小日向文世,水野美紀",2012,3,7
269,WOWOW,22,2012-08-19,Platina Town,,4 / 5                      4 人,,249,19828,,"大泉洋,檀麗",2012,3,7
270,CX,13,2012-07-02,我的暑假,,2.5 / 5                      2 人,,204,18196,,"綾部守人,二宮星",2012,3,1
271,BeeTV,,2012-08-20,親父の仕事は裏稼業,,,,119,5015,,"杉良太郎,池內博之",2012,3,1
272,TBS,20,2012-10-08,完美的藍,,3.6 / 5                      20 人,8.09,304,56852,,"瀧本美織,平山綾",2012,4,1
273,CX,21,2012-10-23,遲開的向日葵,,4.7 / 5                      210 人,9.13,562,115099,播過,"生田斗真,真木陽子",2012,4,2
274,EX,21,2012-10-10,相棒Season11,,4.7 / 5                      69 人,16.86,408,85419,播過,"水谷豐,成宮寬貴",2012,4,3
275,EX,20,2012-10-18,搜查地圖之女,,4 / 5                      22 人,10.09,265,38933,,"真矢美季,石黑賢",2012,4,4
276,TBS,21,2012-10-18,Resident,,4.1 / 5                      71 人,6.62,303,65333,,"仲里依紗,林遣都",2012,4,4
277,EX,21,2012-10-18,Doctor-X,,4.6 / 5                      343 人,18.94,1526,222985,播過,米倉涼子,2012,4,4
278,TBS,22,2012-10-12,大奧～誕生～,,4.5 / 5                      98 人,8.50,623,101000,播過,"堺雅人,多部未華子",2012,4,5
279,NTV,21,2012-10-13,我的學生是惡夢,,4.3 / 5                      224 人,11.48,493,138338,播過,"北川景子,GACKT",2012,4,6
280,CX,21,2012-10-14,東京機場,,4.4 / 5                      145 人,10.05,447,132975,播過,"深田恭子,佐佐木希",2012,4,7
281,TBS,21,2012-10-21,破案怪獸 MONSTERS,,4 / 5                      168 人,11.59,1266,143023,播過,"香取慎吾,山下智久",2012,4,7
282,NHK G,22,2012-08-28,●鶴龜助產院,,4.1 / 5                      21 人,8.13,256,36897,,"仲里依紗,余貴美子",2012,4,2
283,NHK G,22,2012-10-23,單親媽媽,,4.1 / 5                      8 人,8.08,197,24193,,"澤口靖子,田中哲司",2012,4,2
284,NHK G,23,2012-09-04,●沉睡森林的熟女,,3.6 / 5                      11 人,6.44,255,39759,,"草刈民代,瀨戶康史",2012,4,2
285,NHK G,21,2012-09-08,●敗中求勝 吉田茂,,3.3 / 5                      4 人,8.46,245,28202,,"渡邊謙,谷原章介",2012,4,6
286,NHK G,20,2012-01-08,●平清盛,,4.1 / 5                      35 人,11.94,421,130723,,"松山研一,武井咲",2012,4,7
287,NHK G,08,2012-10-01,純與愛,,4 / 5                      19 人,17.10,333,93636,,"夏菜,風間俊介",2012,4,1
288,TBS,25,2012-10-23,花的懶人料理,,3.7 / 5                      37 人,1.58,446,53382,,倉科佳奈,2012,4,2
289,TX,24,2012-10-10,孤獨的美食家 第二季,,4.5 / 5                      52 人,,298,37931,播過,松重豐,2012,4,3
290,TX,24,2012-10-12,勇者義彥與惡靈之鑰,,4.3 / 5                      65 人,,433,44766,播過,"山田孝之,木南晴夏",2012,4,5
291,NTV,25,2012-10-06,Piece,,4.6 / 5                      73 人,2.12,412,58557,,"中山優馬,本田翼",2012,4,6
292,CX,1,2012-12-25,Shinikare,,4 / 5                      17 人,,273,32222,,"藤藤谷太輔,桐谷美玲",2012,4,2
293,BS P,22,2012-10-21,法庭新鮮人,,3.8 / 5                      6 人,,267,37011,,"本假屋唯香,市川猿之助",2012,4,7
294,WOWOW,22,2012-10-21,一人靜,,4.4 / 5                      38 人,,283,35049,,"夏帆,高橋一生",2012,4,7
295,CX,13,2012-09-03,●紅線之女,,3 / 5                      1 人,,216,19290,,"三倉茉奈,奥村佳恵",2012,4,1
296,BeeTV,,2012-10-01,我追黃金的理由,,2.3 / 5                      3 人,,218,11871,,"平山綾,木村了",2012,4,1
297,BeeTV,,2012-11-20,High School Drive,,,,214,20390,,"清水KURUMI,堀井新太",2012,4,2
298,TBS,20,2013-01-14,安積班 6,,4.3 / 5                      22 人,10.85,283,31015,,"佐佐木藏之介,比嘉愛未",2013,1,1
299,CX,21,2013-01-15,LAST HOPE,,4.2 / 5                      134 人,10.53,477,99686,,"相葉雅紀,多部未華子",2013,1,2
300,EX,21,2013-10-10,●相棒Season11,,4.7 / 5                      69 人,16.86,408,85419,播過,"水谷豐,成宮寬貴",2013,1,4
301,EX,20,2013-01-10,法醫女神探12,,4 / 5                      17 人,12.62,253,31261,,澤口靖子,2013,1,4
302,TBS,21,2013-01-17,奔跑吧~國際機場,,4.3 / 5                      51 人,8.74,325,54532,,"伊藤淳史,桐谷美玲",2013,1,4
303,EX,21,2013-01-17,婆媳誰怕誰,,4.1 / 5                      75 人,11.40,351,64001,播過,"黑木瞳,相武紗季",2013,1,4
304,TBS,22,2013-01-18,夜行觀覽車,,4.4 / 5                      108 人,11.55,438,87282,播過,"鈴木京香,石田百合子",2013,1,5
305,NTV,21,2013-01-19,不准哭，小原,,4.3 / 5                      127 人,10.17,431,79107,,長瀨智也,2013,1,6
306,TBS,21,2013-01-13,鳶,,4.8 / 5                      175 人,15.06,1319,128283,播過,"內野聖陽,佐藤健",2013,1,7
307,NHK G,22,2013-01-08,總有陽光普照之地,,4.4 / 5                      69 人,9.51,379,56492,,"上戶彩,飯島直子",2013,1,2
308,TBS,25,2013-01-22,小孩警視,,3.7 / 5                      11 人,1.47,166,21364,,Mariusu葉,2013,1,2
309,NTV,24,2013-01-10,幫助屋‧陣八,,3.2 / 5                      19 人,3.71,197,21911,,"宮川大輔,小泉孝太郎",2013,1,4
310,TX,24,2013-01-11,真幌站前番外地,,4.6 / 5                      90 人,,405,52852,播過,"瑛太,松田龍平",2013,1,5
311,YTV,24,2013-03-25,不能哭在通天閣,,4 / 5                      1 人,,192,8336,,"木南晴夏,鈴木亮平",2013,1,1
312,CX,24,2013-01-22,草莓之夜之午夜居酒屋,,4.5 / 5                      71 人,,279,19553,,"宇梶剛士,丸山隆平",2013,1,2
313,WOWOW,21,2013-01-12,Neo Ultra Q,,4.5 / 5                      2 人,,221,17345,,"田邊誠一,高梨臨",2013,1,6
314,WOWOW,22,2013-03-23,Sodom的蘋果,,4.1 / 5                      11 人,,206,15650,,寺島忍,2013,1,6
315,BS P,23,2013-01-12,嘆息的美女,,3 / 5                      14 人,,198,24546,,"黒澤宗子,矢田亞希子",2013,1,6
316,BS P,22,2013-01-20,走、 走、 走,,4 / 5                      8 人,,167,13130,,"田中麗奈,石田步",2013,1,7
317,WOWOW,22,2013-01-20,女與男的熱帶,,3.6 / 5                      10 人,,201,25747,,"藤原紀香,渡部篤郎",2013,1,7
318,WOWOW,22,2013-03-03,Lady Joker,,4.5 / 5                      17 人,,292,27820,,"上川隆也,柴田恭兵",2013,1,7
319,BS P,22,2013-03-10,神之船,,3.6 / 5                      11 人,,236,16677,,"宮澤理惠,藤木直人",2013,1,7
320,BS P,22,2013-03-31,小暮寫真館,,4.2 / 5                      55 人,,284,31803,,"神木隆之介,成海璃子",2013,1,7
321,WOWOW,23,2013-02-24,HOLiC 次元魔女,,3.4 / 5                      34 人,,284,35253,,"杏,染谷將太",2013,1,7
322,TBS,20,2013-04-15,確證,,4.5 / 5                      22 人,9.90,400,43819,,"高橋克實,榮倉奈奈",2013,2,1
323,CX,21,2013-04-09,鴨去京都,,4.4 / 5                      87 人,9.80,527,68407,,"松下奈緒,椎名桔平",2013,2,2
324,EX,21,2013-04-17,遺留搜查3,,4.4 / 5                      29 人,11.48,306,36945,,"上川隆也,齊藤由貴",2013,2,3
325,CX,22,2013-04-17,家族遊戲,,4.7 / 5                      380 人,12.96,1418,142891,播過,櫻井翔,2013,2,3
326,EX,20,2013-04-25,刑警110公斤,,4.2 / 5                      13 人,12.06,250,36139,播過,石塚英彦,2013,2,4
327,TBS,21,2013-04-18,破案蜥蜴,,4.3 / 5                      141 人,9.86,465,74282,播過,"松田翔太,松岡昌宏",2013,2,4
328,EX,21,2013-04-18,肌警二人組 Doubles,,4.3 / 5                      140 人,11.76,446,91941,播過,"伊藤英明,阪口憲二",2013,2,4
329,TBS,22,2013-04-19,神偷聯盟TAKE FIVE,,4.4 / 5                      142 人,10.07,528,86574,播過,"唐澤壽明,稻垣吾郎",2013,2,5
330,NTV,21,2013-04-13,35歲的高中生,,4.3 / 5                      279 人,13.10,614,137301,播過,米倉涼子,2013,2,6
331,TBS,21,2013-04-14,飛翔公關室,,4.7 / 5                      295 人,12.55,1952,145151,播過,"新垣結衣,綾野剛",2013,2,7
332,NHK G,22,2013-04-16,第二樂章,,3.8 / 5                      10 人,5.90,265,23583,,"羽田美智子,板谷由夏",2013,2,2
333,NHK G,20,2013-04-11,猿飛三世,,,3.61,222,26886,,"伊藤淳史,水川麻美",2013,2,4
334,NHK G,21,2013-04-13,緣Hunter,,4.2 / 5                      30 人,5.57,225,28191,,"觀月亞里沙,松本利夫",2013,2,6
335,NHK G,08,2013-04-01,小海女,,4.9 / 5                      249 人,20.61,1646,224552,播過,能年玲奈,2013,2,1
336,TBS,24,2013-04-22,放課後Groove,,3.2 / 5                      6 人,0.92,211,24471,,高梨臨,2013,2,1
337,TVS,25,2013-04-09,奪命捉迷藏,,3.4 / 5                      18 人,,233,31022,,"本鄉奏多,清水富美加",2013,2,2
338,EX,26,2013-04-02,甘王的同感學校,,4 / 5                      29 人,1.74目前,138,19362,,"安藤龍,伊吹拓磨",2013,2,2
339,NTV,24,2013-04-04,廢柴英雄,,3.4 / 5                      19 人,3.17,271,33934,,佐藤隆太,2013,2,4
340,TX,24,2013-04-12,我們都是超能者,,4 / 5                      103 人,2.76,278,87736,,染谷將太,2013,2,5
341,NTV,25,2013-04-06,BAD BOYS J,,3.7 / 5                      31 人,2.66,256,34095,,中島健人,2013,2,6
342,NBN,25,2013-04-27,網購王子 飯田好實,,,,156,8077,,"近江陽一郎,山下莉緒",2013,2,6
343,BS P,20,2013-04-05,忍者妻,,4.3 / 5                      3 人,,190,27102,,"市川染五郎,瀧本美織",2013,2,5
344,BS P,23,2013-05-04,拿著拖把的天使,,3 / 5                      2 人,,153,7637,,"北乃紀伊,大和田健介",2013,2,6
345,BS P,23,2013-06-01,父親兩度去世,,,,140,10296,,"南澤奈央,遠藤憲一",2013,2,6
346,BS P,22,2013-04-28,深夜中的麵包店,,4.4 / 5                      91 人,4.95,580,77732,播過,"瀧澤秀明,桐山照史",2013,2,7
347,WOWOW,22,2013-05-12,希望被寄出到的我們,,3.8 / 5                      6 人,,187,17162,,"塚本高史,栗山千明",2013,2,7
348,WOWOW,22,2013-06-16,顫抖的牛,,4.4 / 5                      19 人,,222,20680,,"三上博史,吹石一惠",2013,2,7
349,BeeTV,,2013-05-20,最佳的求婚,,4.2 / 5                      22 人,,351,34700,,"向井理,齋藤工",2013,2,1
350,CX,13,2013-04-01,白衣之淚,,,,223,17677,,水野美紀,2013,2,1
351,TBS,20,2013-07-08,無名毒,,4.3 / 5                      86 人,9.26,378,66822,,小泉孝太郎,2013,3,1
352,CX,21,2013-07-09,急診室女醫生5,,4.5 / 5                      77 人,14.55,483,90345,播過,"松嶋菜菜子,時任三郎",2013,3,2
353,EX,21,2013-07-10,新・警視廳搜查一課9係 season8,,4.6 / 5                      16 人,13.19,220,28069,,"渡瀨恒彥,井之原快彥",2013,3,3
354,NTV,22,2013-07-03,我的超人媽媽,,4.8 / 5                      156 人,13.55,431,109548,播過,"滿島光,鈴木梨央",2013,3,3
355,EX,20,2013-07-18,京都地檢之女(9),,2.3 / 5                      3 人,11.13,173,16137,,名取裕子,2013,3,4
356,EX,21,2013-07-11,最強名醫2,,4.8 / 5                      150 人,18.18,438,95151,播過,澤村一樹,2013,3,4
357,TBS,21,2013-07-18,歌舞伎華之戀,,4.1 / 5                      76 人,7.35,5307,57131,,"玉森裕太,中山優馬",2013,3,4
358,TBS,22,2013-07-12,總會有辦法的。,,4.3 / 5                      60 人,12.65,287,58784,,"館廣,淺野溫子",2013,3,5
359,NTV,21,2013-07-13,齊藤太太來了 2,,4.2 / 5                      51 人,12.31,312,48736,,觀月亞里沙,2013,3,6
360,TBS,21,2013-07-07,半澤直樹,,4.8 / 5                      644 人,29.07,1270,426876,播過,"堺雅人,上戶彩",2013,3,7
361,NHK G,22,2013-06-25,●激流,,4 / 5                      44 人,8.35,251,41434,,"田中麗奈,國仲涼子",2013,3,2
362,NHK G,20,2013-06-20,●忍者妻,,4.3 / 5                      3 人,,190,27102,,"市川染五郎,瀧本美織",2013,3,4
363,NHK G,21,2013-07-13,七場會議,,4.3 / 5                      8 人,5.93,205,24667,,"東山紀之,石橋凌",2013,3,6
364,NHK G,08,2013-04-01,●小海女,,4.9 / 5                      249 人,20.61,1646,224552,播過,能年玲奈,2013,3,1
365,NHK G,08,2013-09-30,多謝款待,,4.6 / 5                      119 人,22.30,569,165804,播過,杏,2013,3,1
366,TBS,24,2013-07-15,天魔先生來了,,3.9 / 5                      69 人,1.43,300,47057,,"堂本剛,川口春奈",2013,3,1
367,EX,26,2013-04-02,甘王的同感學校,,4 / 5                      29 人,1.74目前,138,19362,,"安藤龍,伊吹拓磨",2013,3,2
368,TX,24,2013-07-10,孤獨的美食家 第三季,,4.4 / 5                      40 人,,292,25789,播過,松重豐,2013,3,3
369,NTV,24,2013-07-04,町醫者Jumbo!!,,3.6 / 5                      10 人,4.62,195,31342,,"MAKIDAI,忽那汐里",2013,3,4
370,TX,24,2013-04-12,●我們都是超能者,,4 / 5                      103 人,2.76,278,87736,,染谷將太,2013,3,5
371,TX,24,2013-07-12,Limit 界限,,4.4 / 5                      97 人,,290,51384,,"櫻庭奈奈美,土屋太鳳",2013,3,5
372,TX,25,2013-04-12,VAMPIRe HEAVeN,,3.3 / 5                      35 人,,221,33389,,"大政絢,本田翼",2013,3,5
373,BS P,22,2013-07-07,卡斯提拉的滋味,,4.3 / 5                      8 人,,198,17319,,"遠藤憲一,西田尚美",2013,3,7
374,WOWOW,22,2013-07-21,麵包、湯與貓咪日和,,4.6 / 5                      59 人,,246,33220,,小林聰美,2013,3,7
375,WOWOW,22,2013-09-01,沒有鑰匙的夢,,4.4 / 5                      22 人,,229,27893,播過,"倉科佳奈,成海璃子",2013,3,7
376,CX,13,2013-07-01,抓住明日的光 2013夏,,4.5 / 5                      2 人,,213,17449,,"須田Anna,須賀健太",2013,3,1
377,TBS,20,2013-10-07,刑警的眼神,,4.5 / 5                      70 人,7.97,459,54145,,"椎名桔平,要潤",2013,4,1
378,CX,21,2013-10-15,Miss Pilot,,4.5 / 5                      185 人,11.67,653,124271,播過,"堀北真希,相武紗季",2013,4,2
379,EX,21,2013-10-16,相棒Season12,,4.6 / 5                      56 人,16.81,320,65883,,"水谷豐,成宮寬貴",2013,4,3
380,NTV,22,2013-10-02,段田凜 DandaRin,,4.2 / 5                      94 人,7.41,1433,71047,,竹內結子,2013,4,3
381,EX,20,2013-10-17,法醫女神探13,,4.1 / 5                      51 人,12.39,243,31840,,澤口靖子,2013,4,4
382,EX,21,2013-10-17,Doctor-X2,,4.7 / 5                      318 人,22.74,1731,209810,播過,米倉涼子,2013,4,4
383,TBS,21,2013-10-24,丈夫的彼女,,4.1 / 5                      39 人,3.84,297,45639,,"川口春奈,鈴木砂羽",2013,4,4
384,CX,20,2013-10-25,家族的裏事情,,4.3 / 5                      22 人,4.54,209,28582,,"財前直見,澤村一樹",2013,4,5
385,TX,20,2013-10-11,刑事吉永誠一 涙之事件簿,,4.7 / 5                      7 人,6.79,250,20793,,船越英一郎,2013,4,5
386,TBS,22,2013-10-11,黑河內,,4.4 / 5                      105 人,9.50,406,82007,,"長瀨智也,剛力彩芽",2013,4,5
387,NTV,21,2013-10-12,東京Band Wagon,,4.6 / 5                      88 人,7.03,893,74295,,龜梨和也,2013,4,6
388,TBS,21,2013-10-13,安堂勞埃德,,4.3 / 5                      261 人,12.56,1053,193671,播過,"木村拓哉,柴崎幸",2013,4,7
389,NHK G,22,2013-09-03,●玻璃之家,,3.9 / 5                      27 人,8.71,561,46250,播過,"井川遙,齋藤工",2013,4,2
390,NHK G,21,2013-10-12,實驗刑警第二部,,4.5 / 5                      13 人,5.70,191,19357,,"三上博史,高橋光臣",2013,4,6
391,NHK G,20,2013-01-06,●八重之櫻,,4.1 / 5                      48 人,14.48,578,161350,播過,綾瀨遙,2013,4,7
392,NTV,24,2013-10-03,白馬王子 純愛適齡期,,3.8 / 5                      19 人,3.58,218,38089,,三浦貴大,2013,4,4
393,TX,24,2013-10-04,殺人女王蜂,,2.8 / 5                      4 人,,183,25654,,"簑島宏美,中村さくら",2013,4,5
394,TX,23,2013-10-05,東京玩具箱,,4 / 5                      27 人,,221,26227,,"要潤,宇野實彩子",2013,4,6
395,NTV,25,2013-10-05,49,,4.3 / 5                      50 人,2.48目前,278,36629,,"佐藤勝利,神宮寺勇太",2013,4,6
396,NTV,26,2013-01-01,●女人♀Rule,,4.5 / 5                      4 人,1.18目前,198,29221,播過,"富永愛,酒井若菜",2013,4,2
397,WOWOW,22,2013-10-06,LINK,,4.3 / 5                      36 人,,239,31451,,"大森南朋,田中麗奈",2013,4,7
398,BS P,22,2013-10-20,Hard Nuts！,,4.5 / 5                      74 人,4.26,394,54500,,"橋本愛,高良健吾",2013,4,7
399,WOWOW,22,2013-11-10,快轉人生,,3.9 / 5                      11 人,,258,19546,,"寺尾聰,岡田將生",2013,4,7
400,WOWOW,22,2013-12-29,大空港2013,,4.6 / 5                      59 人,,1216,39545,,"竹內結子,生瀨勝久",2013,4,7
401,CX,13,2013-09-02,●潔子爛漫,,4 / 5                      4 人,,189,16526,,"福田沙紀,石垣佑磨",2013,4,1
402,NOTTV,23,2013-12-02,我們都是死人♪,,4 / 5                      9 人,0.53,213,27851,,"白濱亞嵐,廣瀨愛麗絲",2013,4,1
403,TBS,20,2014-01-13,隱蔽搜查,,4.8 / 5                      29 人,7.47,290,37115,,"杉本哲太,古田新太",2014,1,1
404,CX,21,2014-01-14,福家警部補的問候,,3.9 / 5                      37 人,9.58,286,43675,,"檀麗,稻垣吾郎",2014,1,2
405,EX,21,2014-10-16,●相棒Season12,,4.6 / 5                      56 人,16.81,320,65883,,"水谷豐,成宮寬貴",2014,1,4
406,CX,22,2014-01-08,我存在的時間,,4.6 / 5                      123 人,10.05,1273,97485,播過,"三浦春馬,多部未華子",2014,1,3
407,EX,20,2014-10-17,●法醫女神探13,,4.1 / 5                      51 人,12.39,243,31840,,澤口靖子,2014,1,5
408,EX,21,2014-01-09,女王偵訊室,,4.4 / 5                      179 人,12.87,608,113092,播過,"天海祐希,田中哲司",2014,1,4
409,TBS,21,2014-01-09,Dr.DMAT,,4.5 / 5                      54 人,6.84,323,54229,,"大倉忠義,加藤愛",2014,1,4
410,CX,20,2014-01-24,天誅,,4.6 / 5                      5 人,7.24,171,22105,,"小野百合子,泉平子",2014,1,5
411,TX,20,2014-01-17,三匹歐吉桑,,4.6 / 5                      40 人,10.21,338,40363,播過,"北大路欣也,泉谷茂,志賀廣太郎",2014,1,5
412,TBS,22,2014-01-17,夜之教師,,4.4 / 5                      46 人,6.43,270,52052,,"觀月亞里沙,蓮佛美沙子",2014,1,5
413,NTV,21,2014-01-11,戰力外搜查官,,3.9 / 5                      94 人,11.23,634,70180,,"武井咲,TAKAHIRO",2014,1,6
414,TBS,21,2014-01-12,S-終極警官-,,4.1 / 5                      171 人,14.00,945,128631,播過,"向井理,綾野剛",2014,1,7
415,NHK G,08,2014-09-30,●多謝款待,,4.6 / 5                      119 人,22.30,569,165804,播過,杏,2014,1,2
416,NHK G,08,2014-03-31,花子與安妮,,4.4 / 5                      68 人,22.65,793,126804,播過,吉高由里子,2014,1,1
417,TBS,24,2014-01-20,Dark System,,2.8 / 5                      9 人,1.00,177,19067,,"八乙女光,玉城ティナ",2014,1,1
418,NTV,24,2014-01-09,賠償金律師,,4.1 / 5                      27 人,4.06,280,32419,,"田中直樹,渡辺直美",2014,1,4
419,TBS,25,2014-01-16,黑金丑嶋君2,,4.5 / 5                      47 人,2.08,299,37411,,"山田孝之,綾野剛",2014,1,4
420,TX,24,2014-01-10,謎之轉校生,,4.3 / 5                      43 人,,255,39948,播過,"中村蒼,本鄉奏多",2014,1,5
421,TX,23,2014-01-04,大東京玩具箱,,3.8 / 5                      13 人,,169,20171,,"足立梨花,志保",2014,1,6
422,NTV,25,2014-01-11,SHARK,,4.5 / 5                      19 人,2.35目前,203,24509,,"平野紫耀,山下莉緒",2014,1,6
423,NTV,26,2014-01-01,女人♀Rule,,4.5 / 5                      4 人,1.18目前,198,29221,播過,"富永愛,酒井若菜",2014,1,3
424,NTV,25,2014-10-05,●裁判長！肚子餓了！,,3.7 / 5                      29 人,1.68目前,262,32130,,"北山宏光,佐藤二朗",2014,1,7
425,BS P,23,2014-01-07,不幸小姐,,4.1 / 5                      15 人,,169,23137,,"貫地谷詩穗梨,萩原聖人",2014,1,2
426,BS P,22,2014-01-05,明日花開,,4.3 / 5                      20 人,,157,21867,,"小池榮子,夏木麻里",2014,1,7
427,WOWOW,22,2014-01-09,血之轍,,4.4 / 5                      14 人,,181,19460,,"谷原章介,原田泰造",2014,1,4
428,WOWOW,22,2014-02-16,地之鹽,,4.4 / 5                      28 人,,183,20686,,"大泉洋,松雪泰子",2014,1,7
429,WOWOW,22,2014-03-23,關於我的命運,,4.8 / 5                      27 人,,238,24846,,"永作博美,江口洋介",2014,1,7
430,BS P,22,2014-03-23,在那天來臨前,,4.3 / 5                      6 人,,160,14063,,"佐佐木藏之介,檀麗",2014,1,7
431,CX,13,2014-01-06,旅館花嫁3,,4.3 / 5                      6 人,,140,14289,,"羽田美智子,野際陽子",2014,1,1
432,TBS,20,2014-04-14,White Lab,,4 / 5                      42 人,7.90,331,57454,播過,"北村一輝,宮迫博之",2014,2,1
433,CX,21,2014-04-15,父子警探,,4.3 / 5                      183 人,10.72,2174,116892,播過,"佐藤健,渡部篤郎",2014,2,2
434,CX,22,2014-04-08,社長不是人 Black President,,4.4 / 5                      113 人,7.52,380,74825,播過,"澤村一樹,黑木美沙",2014,2,2
435,EX,21,2014-04-16,TEAM,,4.2 / 5                      16 人,9.44,237,34830,,"小澤征悅,田邊誠一",2014,2,3
436,CX,22,2014-04-09,SMOKING GUN,,3.9 / 5                      77 人,7.29,325,65844,,"香取慎吾,西內麻理耶",2014,2,3
437,EX,20,2014-04-17,刑警110公斤2,,4.4 / 5                      12 人,7.43,186,17145,,"石塚英彦,中村俊介",2014,2,4
438,TBS,21,2014-04-10,MOZU Season1,,4.2 / 5                      107 人,10.78,853,117700,播過,"西島秀俊,香川照之",2014,2,4
439,EX,21,2014-04-10,靈異界限,,4.7 / 5                      293 人,12.23,593,170405,播過,"小栗旬,青木崇高",2014,2,4
440,TX,20,2014-04-11,保險犯罪調查員,,4.3 / 5                      17 人,7.01,209,25673,,"名取裕子,麻生祐未",2014,2,5
441,TBS,22,2014-04-11,愛麗絲之棘,,4.4 / 5                      239 人,11.02,541,124388,播過,"上野樹里,小田切讓",2014,2,5
442,NTV,21,2014-04-12,即使弱小也能取勝,,3.8 / 5                      113 人,9.77,842,104352,,二宮和也,2014,2,6
443,TBS,21,2014-04-27,羅斯福遊戲,,4.7 / 5                      133 人,14.49,408,131546,播過,"唐澤壽明,檀麗",2014,2,7
444,NHK G,22,2014-04-08,無聲貧窮,,3.9 / 5                      35 人,5.28,245,46635,,"深田恭子,北村有起哉",2014,2,2
445,NHK G,20,2014-04-10,銀二貫,,4.2 / 5                      23 人,6.83,214,23007,,"松岡茉優,林遣都",2014,2,4
446,NHK G,21,2014-04-19,漫長的告別,,4.2 / 5                      15 人,4.90,317,27128,,"淺野忠信,綾野剛",2014,2,6
447,TBS,23,2014-04-24,真實逃出遊戲TV,,4.1 / 5                      12 人,,148,11013,,"BAKARHYTHM,木南晴夏",2014,2,4
448,NTV,24,2014-04-03,警察廳特殊防犯課,,4.2 / 5                      27 人,4.05,208,31896,,"伊原剛志,安達祐實",2014,2,4
449,NTV,24,2014-06-26,水手服和宇宙人,,4.7 / 5                      3 人,,269,12739,,"門脇麥,桐山漣",2014,2,4
450,TX,24,2014-04-18,大川端偵探社,,4.5 / 5                      69 人,,303,45309,,小田切讓,2014,2,5
451,NTV,25,2014-04-19,SHARK～2nd Season～,,3.9 / 5                      14 人,2.57,168,19585,,"重岡大毅,濱田崇裕",2014,2,6
452,TX,26,2014-06-21,魔法★男子Cherry`s,,4.3 / 5                      3 人,,137,18129,,"橋本良亮,戸塚祥太",2014,2,6
453,BS P,23,2014-03-04,●今夜只想擁抱心,,4.4 / 5                      28 人,,298,24618,,"田中美佐子,土屋太鳳",2014,2,2
454,BS P,20,2014-04-04,神谷玄次郎捕物控,,4.5 / 5                      2 人,,192,10403,,"高橋光臣,中越典子",2014,2,5
455,WOWOW,22,2014-03-23,●關於我的命運,,4.8 / 5                      27 人,,238,24846,,"永作博美,江口洋介",2014,2,7
456,BS P,22,2014-04-06,珈琲屋的人人,,4.7 / 5                      32 人,,257,24021,,"高橋克典,木村多江",2014,2,7
457,WOWOW,22,2014-05-11,特搜,,3.9 / 5                      7 人,,186,16201,,"吉岡秀隆,真飛聖",2014,2,7
458,BS P,22,2014-05-25,柏拉圖,,4.4 / 5                      37 人,,326,36150,,"中山美穗,堂本剛",2014,2,7
459,WOWOW,22,2014-06-22,MOZU Season2,,4 / 5                      69 人,6.24,759,54334,,"西島秀俊,香川照之",2014,2,7
460,WOWOW,22,2014-05-18,馬賽克日本,,3.6 / 5                      23 人,,256,45688,,"永山絢斗,高橋一生",2014,2,7
461,CX,13,2014-03-31,●聖母・聖美物語,,4 / 5                      1 人,,136,10628,,"東風萬智子,三輪瞳",2014,2,1
462,TBS,20,2014-07-07,彼得的葬禮,,4.5 / 5                      57 人,7.42,279,59017,,"小泉孝太郎,長谷川京子",2014,3,1
463,CX,21,2014-07-15,羅漢柏三三七拍子,,3.7 / 5                      28 人,5.10,218,34912,,"柳葉敏郎,剛力彩芽",2014,3,2
464,CX,22,2014-07-08,麻辣教師GTO 2014,,3.5 / 5                      58 人,7.14,303,72828,播過,"AKIRA,比嘉愛未",2014,3,2
465,EX,21,2014-07-09,警視廳搜查一課9係 season9,,4 / 5                      26 人,11.38,262,27087,,"渡瀨恒彥,井之原快彥",2014,3,3
466,CX,22,2014-07-09,年輕人們2014,,4.3 / 5                      118 人,7.54,543,108686,播過,"妻夫木聰,瑛太",2014,3,3
467,EX,20,2014-07-10,信長的廚師2,,3.9 / 5                      42 人,7.00,4921,50107,播過,"玉森裕太,及川光博",2014,3,4
468,TBS,21,2014-07-10,同學會後愛上你,,4.1 / 5                      58 人,8.15,296,52876,播過,"井浦新,稻森泉",2014,3,4
469,EX,21,2014-07-17,解剖真相,,4.1 / 5                      92 人,10.38,368,80907,播過,"武井咲,佐佐木藏之介",2014,3,4
470,TX,20,2014-07-11,Last Doctor,,4.1 / 5                      15 人,6.28,226,41372,,"寺脅康文,相武紗季",2014,3,5
471,TBS,22,2014-07-04,家族狩獵,,4.4 / 5                      85 人,7.88,288,62494,,"松雪泰子,伊藤淳史",2014,3,5
472,NTV,21,2014-07-19,金田一少年之事件簿N,,4.1 / 5                      109 人,10.22,618,77937,播過,"山田涼介,川口春奈",2014,3,6
473,TBS,21,2014-07-13,老爸的背,,4.4 / 5                      53 人,9.43,419,72995,,"田村正和,渡瀨恒彥",2014,3,7
474,NHK G,22,2014-06-24,●Hard Nuts！,,4.5 / 5                      74 人,4.26,394,54500,,"橋本愛,高良健吾",2014,3,2
475,NHK G,21,2014-06-14,●來自55歲的Hello Life,,4.1 / 5                      22 人,6.76,192,24008,播過,"リリー・フランキー,風吹純",2014,3,6
476,NHK G,08,2014-03-31,●花子與安妮,,4.4 / 5                      68 人,22.65,793,126804,播過,吉高由里子,2014,3,1
477,TBS,25,2014-07-22,Again!!,,4.3 / 5                      17 人,1.13,189,24768,,"藤井流星,早見朱莉",2014,3,2
478,TX,24,2014-07-18,青之炎,,4.4 / 5                      23 人,,201,30708,,柳樂優彌,2014,3,5
479,NTV,25,2014-04-19,●SHARK～2nd Season～,,3.9 / 5                      14 人,2.57,168,19585,,"重岡大毅,濱田崇裕",2014,3,6
480,NTV,25,2014-07-19,近距離戀愛～Season Zero,,4.2 / 5                      29 人,3.09,752,51440,,"阿部顕岚,石橋杏奈",2014,3,6
481,TX,26,2014-06-21,魔法★男子Cherry`s,,4.3 / 5                      3 人,,137,18129,,"橋本良亮,戸塚祥太",2014,3,6
482,ETV,24,2014-08-07,相撲貓,,4 / 5                      1 人,,112,3998,,"曙太郎,舞の海秀平",2014,3,4
483,BS P,23,2014-07-01,OWACON TV,,4 / 5                      11 人,,191,16962,,"千葉真一,小泉孝太郎",2014,3,2
484,BS P,22,2014-05-25,●柏拉圖,,4.4 / 5                      37 人,,326,36150,,"中山美穗,堂本剛",2014,3,7
485,WOWOW,22,2014-06-22,●MOZU Season2,,4 / 5                      69 人,6.24,759,54334,,"西島秀俊,香川照之",2014,3,7
486,BS P,22,2014-07-20,終的棲家,,3.4 / 5                      12 人,,187,17703,,"桐谷美玲,岡田義德",2014,3,7
487,WOWOW,22,2014-07-27,變身,,4 / 5                      39 人,,346,44860,,"神木隆之介,二階堂文",2014,3,7
488,BS P,22,2014-08-03,法庭新鮮人2,,4 / 5                      6 人,,205,22624,,"本假屋唯香,市川猿之助",2014,3,7
489,CX,13,2014-06-30,●碧之海,,3.7 / 5                      6 人,,185,18757,,"奧菜惠,犬飼貴丈",2014,3,1
490,TBS,20,2014-10-20,女警地獄耳,,3.3 / 5                      50 人,8.02,311,54652,播過,"仲間由紀惠,佐藤隆太",2014,4,1
491,CX,21,2014-10-21,全部成為F,,3.7 / 5                      101 人,8.80,446,74367,,"武井咲,綾野剛",2014,4,2
492,CX,22,2014-10-14,了不起的選Taxi,,4.5 / 5                      131 人,10.33,472,85446,播過,竹野內豐,2014,4,2
493,EX,21,2014-10-15,相棒Season13,,4.5 / 5                      48 人,17.09,270,59290,,"水谷豐,成宮寬貴",2014,4,3
494,NTV,22,2014-10-15,今天不上班,,3.9 / 5                      208 人,16.02,1295,173392,播過,"綾瀨遙,福士蒼汰",2014,4,3
495,EX,20,2014-10-16,法醫女神探14,,4 / 5                      30 人,12.77,262,20921,,"澤口靖子,內藤剛志",2014,4,4
496,EX,21,2014-10-09,Doctor-X3,,4.6 / 5                      196 人,22.81,1032,151479,播過,"米倉涼子,遠藤憲一",2014,4,4
497,TBS,21,2014-10-16,MOZU Season2,,4 / 5                      69 人,6.24,759,54334,,"西島秀俊,香川照之",2014,4,4
498,TBS,21,2014-11-20,媽媽爸爸的生存理由,,3.9 / 5                      53 人,6.40,173,23135,,"吹石一惠,青木崇高",2014,4,4
499,TX,20,2014-10-17,新．刑事吉永誠一,,4.1 / 5                      13 人,6.53,192,18678,,"船越英一郎,小泉孝太郎",2014,4,5
500,TBS,22,2014-10-17,為了N,,4.5 / 5                      197 人,8.94,641,79125,播過,"榮倉奈奈,窪田正孝",2014,4,5
501,TBS,21,2014-10-12,對不起青春 ！,,4.6 / 5                      239 人,7.59,518,126118,播過,"錦戶亮,滿島光",2014,4,7
502,NHK G,22,2014-08-19,●聖女,,3.8 / 5                      71 人,7.04,302,56816,播過,"廣末涼子,永山絢斗",2014,4,2
503,NHK G,21,2014-10-04,救災最前線,,4 / 5                      18 人,7.00,255,37930,播過,"小池徹平,筧利夫",2014,4,6
504,NHK G,20,2014-01-05,●軍師官兵衛,,4.5 / 5                      58 人,15.80,1205,142062,播過,"岡田准一,中谷美紀",2014,4,7
505,NBN,24,2014-10-20,為何東堂院聖也16歲還交不到女朋友?,,3.7 / 5                      6 人,,128,6385,,"小林豊,岡本梓",2014,4,1
506,TX,24,2014-10-03,玉川區役所 OF THE DEAD,,3.5 / 5                      22 人,,155,23319,,林遣都,2014,4,5
507,NTV,25,2014-07-19,●近距離戀愛～Season Zero,,4.2 / 5                      29 人,3.09,752,51440,,"阿部顕岚,石橋杏奈",2014,4,6
508,NTV,25,2014-10-18,平成舞祭組男,,3.6 / 5                      33 人,3.02,146,15112,,"橫尾涉,宮田俊哉",2014,4,6
509,WOWOW,22,2014-10-18,咕咕貓,,4.4 / 5                      23 人,,170,19075,,宮澤理惠,2014,4,6
510,BS P,20,2014-10-03,大岡越前2,,2.5 / 5                      2 人,,167,10111,,"東山紀之,國仲涼子",2014,4,5
511,BS P,22,2014-10-05,昨夜的咖哩 明日的麵包,,4.5 / 5                      72 人,,330,46396,,"仲里依紗,溝端淳平",2014,4,7
512,WOWOW,22,2014-10-19,股價暴跌,,3.9 / 5                      24 人,,287,35499,,"織田裕二,高島政伸",2014,4,7
513,WOWOW,23,2014-11-23,情侶酒店,,2.8 / 5                      5 人,,97,5321,,"大東駿介,小林涼子",2014,4,7
514,TBS,20,2015-01-12,警部補・杉山真太郎,,4 / 5                      37 人,7.10,240,29697,,"谷原章介,要潤",2015,1,1
515,CX,21,2015-01-13,代筆作家,,4.3 / 5                      109 人,8.63,292,50888,,"中谷美紀,水川麻美",2015,1,2
516,CX,22,2015-01-06,錢的戰爭,,4.3 / 5                      121 人,13.27,413,108228,播過,"草剪剛,大島優子",2015,1,2
517,EX,21,2015-10-15,●相棒Season13,,4.5 / 5                      48 人,17.09,270,59290,,"水谷豐,成宮寬貴",2015,1,4
518,NTV,22,2015-01-14,某某妻,,3.4 / 5                      120 人,14.25,344,117554,播過,"柴崎幸,東山紀之",2015,1,3
519,EX,20,2015-01-15,出入禁止之女,,3.8 / 5                      17 人,6.48,218,30441,,"觀月亞里沙,財前直見",2015,1,4
520,EX,21,2015-01-08,最強名醫3,,4.3 / 5                      76 人,14.34,368,61362,播過,"澤村一樹,高島政伸",2015,1,4
521,TBS,21,2015-01-08,美麗陷阱,,3.9 / 5                      41 人,6.65,197,39805,,"田中麗奈,若村麻由美",2015,1,4
522,TX,20,2015-01-16,保育偵探25時,,4.6 / 5                      13 人,3.51,169,18672,,"山口智充,黑谷友香",2015,1,5
523,TBS,22,2015-01-16,無間雙龍,,4.4 / 5                      279 人,10.39,783,135333,播過,"生田斗真,小栗旬",2015,1,5
524,NHK G,08,2015-09-29,●阿政,,4.1 / 5                      42 人,21.05,557,94474,播過,"夏洛特·福斯,玉山鐵二",2015,1,2
525,NHK G,08,2015-03-30,小希,,3.9 / 5                      54 人,19.44,561,110451,播過,"土屋太鳳,大泉洋",2015,1,1
526,TX,23,2015-01-12,拿太鼓的達人,,3.9 / 5                      13 人,,191,11679,,"手塚通,柄本時生",2015,1,1
527,NTV,24,2015-01-19,馬路須加學園4,,3.7 / 5                      14 人,4.21,194,25956,,"宮脇咲良,島崎遙香",2015,1,1
528,TBS,25,2015-01-27,約飯,,3.7 / 5                      45 人,1.51,206,26136,,貫地谷詩穗梨,2015,1,2
529,TX,24,2015-01-09,怪奇戀愛作戰,,4.5 / 5                      53 人,,577,36325,,"麻生久美子,阪井真紀",2015,1,5
530,NTV,25,2015-10-18,●平成舞祭組男,,3.6 / 5                      33 人,3.02,146,15112,,"橫尾涉,宮田俊哉",2015,1,7
531,NTV,25,2015-01-10,哥哥扭蛋,,4.1 / 5                      44 人,2.77,237,34261,,"鈴木梨央,岸優太",2015,1,6
532,BS P,23,2015-01-06,徒步7分,,3.9 / 5                      27 人,,168,22231,,"田中麗奈,田中圭",2015,1,2
533,BS P,20,2015-02-06,雲霧仁左衛門2,,4.6 / 5                      13 人,,178,10243,,"中井貴一,國村隼",2015,1,5
534,WOWOW,22,2015-01-24,贖罪的奏鳴曲,,4.1 / 5                      19 人,,183,18362,,"三上博史,染谷將太",2015,1,6
535,BS P,22,2015-01-11,所以荒野,,4 / 5                      35 人,,252,19372,,"鈴木京香,杉本哲太",2015,1,7
536,WOWOW,22,2015-01-18,綁匪的女兒,,4.3 / 5                      33 人,,233,27235,,"渡部篤郎,時任三郎",2015,1,7
537,CX,13,2015-03-30,Platinum Age,,4 / 5                      2 人,,167,8296,,"榊原郁恵,池上季実子",2015,1,1
538,TBS,15,2015-03-29,仁醫,,4.9 / 5                      576 人,18.97,1292,319783,播過,"大澤隆夫,中谷美紀",2015,1,7
539,CX,22,2015-04-14,戰鬥吧! 書店女孩,,3.3 / 5                      69 人,4.69,287,59320,,"渡邊麻友,稻森泉",2015,2,2
540,EX,21,2015-04-22,警視廳搜查一課9係 season10,,4.2 / 5                      25 人,11.86,216,29168,,"渡瀨恒彥,井之原快彥",2015,2,3
541,CX,22,2015-04-08,內心波折,,3.7 / 5                      57 人,6.59,220,52779,,"阿部貞夫,水原希子",2015,2,3
542,EX,20,2015-04-30,京都人情搜查檔案,,4.1 / 5                      20 人,6.75,200,23759,,"高橋克典,松下由樹",2015,2,4
543,EX,21,2015-04-16,I`m Home,,4.3 / 5                      223 人,14.65,1061,179934,播過,"木村拓哉,上戶彩",2015,2,4
544,TBS,21,2015-04-16,脫黑,,3.7 / 5                      50 人,6.39,274,48017,,大島優子,2015,2,4
545,TX,20,2015-04-24,三匹歐吉桑2,,3.6 / 5                      33 人,8.64,229,18659,,"北大路欣也,泉谷茂,志賀廣太郎",2015,2,5
546,TBS,22,2015-04-10,獻給阿爾吉儂的花束,,4 / 5                      132 人,8.53,1575,99435,,山下智久,2015,2,5
547,TBS,21,2015-04-26,天皇御廚,,4.6 / 5                      157 人,14.78,1794,157420,播過,"佐藤健,黑木華",2015,2,7
548,EX,21,2015-04-25,京都人情搜查檔案,,4.1 / 5                      20 人,6.75,200,23759,,"高橋克典,松下由樹",2015,2,6
549,NHK G,21,2015-04-18,64,,3.7 / 5                      31 人,3.88,222,30613,,"瀧皮爾,木村佳乃",2015,2,6
550,TX,23,2015-04-13,LOVE理論,,4.3 / 5                      10 人,,139,16143,,"大野拓朗,片岡愛之助",2015,2,1
551,TBS,25,2015-04-28,REPLAY & DESTROY,,3.8 / 5                      22 人,1.60,185,24460,,"山田孝之,林遣都",2015,2,2
552,CX,23.5,2015-04-18,She,,3.5 / 5                      38 人,3.42,165,23447,,松岡茉優,2015,2,6
553,CX,23.5,2015-05-23,妄想女友,,3.4 / 5                      21 人,4.10,178,19959,,"廣瀨愛麗絲,淺利陽介",2015,2,6
554,NBN,25,2015-05-25,隱匿的思念,,4 / 5                      1 人,,11,436,,"中村倫也,趣里",2015,2,1
555,BS P,23,2015-03-03,●高調系男子,,3.6 / 5                      18 人,,155,21690,,"伊藤步,林遣都",2015,2,2
556,BS P,20,2015-04-03,神谷玄次郎捕物控2,,4.5 / 5                      2 人,,180,9360,,"高橋光臣,中越典子",2015,2,5
557,WOWOW,22,2015-04-11,暗黑伴走者,,4.4 / 5                      70 人,,315,28931,,"松下奈緒,古田新太",2015,2,6
558,WOWOW,22,2015-05-16,給夢的女孩,,3.6 / 5                      24 人,,203,21173,,"小松菜奈,菊地凛子",2015,2,6
559,WOWOW,22,2015-04-12,代罪羊,,4.3 / 5                      38 人,,220,18378,,"黑木瞳,石丸幹二",2015,2,7
560,BS P,22,2015-04-12,鬼之酒,,4.8 / 5                      38 人,,222,17944,,"伊藤英明,柄本佑",2015,2,7
561,BS P,22,2015-05-10,請與我的妻子結婚。,,4.3 / 5                      7 人,,197,22374,,內村光良,2015,2,7
562,WOWOW,22,2015-05-10,Temisu的求刑,,4 / 5                      22 人,,169,16955,,"仲里依紗,杉本哲太",2015,2,7
563,WOWOW,22,2015-06-07,預告犯-THE PAIN-,,4.3 / 5                      83 人,,217,34095,,"東山紀之,戶田惠梨香",2015,2,7
564,CX,13,2015-03-30,●Platinum Age,,4 / 5                      2 人,,167,8296,,"榊原郁恵,池上季実子",2015,2,1
565,CX,22,2015-07-07,HEAT,,3.5 / 5                      24 人,3.84,290,41622,,"AKIRA,栗山千明",2015,3,2
566,EX,21,2015-04-22,●警視廳搜查一課9係 season10,,4.2 / 5                      25 人,11.86,216,29168,,"渡瀨恒彥,井之原快彥",2015,3,3
567,EX,21,2015-07-15,刑事7人,,4 / 5                      42 人,9.50,208,39496,,"東山紀之,高島政宏",2015,3,3
568,NTV,22,2015-07-08,花咲舞無法沉默2,,4.3 / 5                      64 人,14.45,321,70651,播過,"杏,上川隆也",2015,3,3
569,EX,20,2015-07-16,最強的二人,,4 / 5                      11 人,7.31,244,30016,,"橋爪功,名取裕子",2015,3,4
570,EX,21,2015-07-09,年齡騷擾,,3.6 / 5                      101 人,8.83,426,67054,播過,"武井咲,稻森泉",2015,3,4
571,TBS,21,2015-07-09,37.5℃的淚,,4.3 / 5                      78 人,6.14,238,44193,,"蓮佛美沙子,速水茂虎道",2015,3,4
572,TX,20,2015-07-17,我們是Playboys,,3.9 / 5                      9 人,3.55,139,19715,,高橋克實,2015,3,5
573,TBS,22,2015-07-17,表參道高校合唱部！,,4.5 / 5                      41 人,5.90,249,38523,,"芳根京子,森川葵",2015,3,5
574,TBS,21,2015-04-26,●天皇御廚,,4.6 / 5                      157 人,14.78,1794,157420,播過,"佐藤健,黑木華",2015,3,7
575,TBS,21,2015-07-19,拿破崙之村,,4.3 / 5                      67 人,8.96,301,55820,播過,"唐澤壽明,麻生久美子",2015,3,7
576,NTV,22,2015-07-05,死亡筆記本,,3.7 / 5                      111 人,11.55,354,82375,播過,"窪田正孝,山崎賢人",2015,3,7
577,NHK G,22,2015-04-14,●美女與男子,,4.2 / 5                      44 人,5.22,979,71318,播過,仲間由紀惠,2015,3,2
578,NHK G,08,2015-03-30,●小希,,3.9 / 5                      54 人,19.44,561,110451,播過,"土屋太鳳,大泉洋",2015,3,1
579,TBS,25,2015-06-23,●初飯,,3.9 / 5                      18 人,1.18,212,19087,,村上淳,2015,3,2
580,TBS,25,2015-07-28,鄰座同學是怪咖與小留美的現象,,3.9 / 5                      25 人,1.60,187,20653,播過,"渡邊佑太朗,富田栞",2015,3,2
581,CX,23.5,2015-06-27,●愛吃拉麵的小泉同學,,4.1 / 5                      36 人,5.43,228,25033,播過,早見朱莉,2015,3,6
582,CX,23.5,2015-08-01,醜男與野獸,,3.8 / 5                      10 人,2.90,159,13236,,"矢本悠馬,ゆいＰ",2015,3,6
583,CX,24,2015-09-28,馬子們！寫給曾經被我愛過傷害過的你們,,3.7 / 5                      19 人,,157,14919,,"小出惠介,柳百合菜",2015,3,1
584,MX,24,2015-09-24,薄櫻鬼SSL,,5 / 5                      1 人,,71,2645,,"中村優一,染谷俊之",2015,3,4
585,BS P,23,2015-07-07,書架食堂2,,3.6 / 5                      5 人,,151,16243,,"中村蒼,柄本時生",2015,3,2
586,BS P,20,2015-07-31,一路,,3.8 / 5                      4 人,5.88,158,21333,,"永山絢斗,渡邊大",2015,3,5
587,BS P,22,2015-07-05,那一天，鴨子公車。,,4 / 5                      1 人,,172,14217,,"藤原紀香,特林德爾玲奈",2015,3,7
588,WOWOW,22,2015-07-12,死之臟器,,4 / 5                      25 人,,170,20893,,"小泉孝太郎,豐原功補",2015,3,7
589,WOWOW,22,2015-08-16,石之繭,,4.2 / 5                      71 人,,226,33010,,木村文乃,2015,3,7
590,CX,13,2015-08-03,治癒者霧子的約束,,4 / 5                      2 人,,115,5439,,"遼河春日,前田亞季",2015,3,1
591,TBS,22,2015-10-13,婚禮前的日子,,3.7 / 5                      33 人,5.57,204,37499,,"香里奈,鈴木亮平",2015,4,2
592,EX,21,2015-10-14,相棒Season14,,4.2 / 5                      41 人,14.97,270,61977,,"水谷豐,反町隆史",2015,4,3
593,NTV,22,2015-10-07,偽裝夫婦,,4 / 5                      150 人,12.13,516,100691,播過,"天海祐希,澤村一樹",2015,4,3
594,EX,20,2015-10-15,法醫女神探15,,4.3 / 5                      12 人,10.99,331,29728,,"澤口靖子,內藤剛志",2015,4,4
595,EX,21,2015-10-22,遺產爭族,,3.6 / 5                      65 人,10.67,285,49200,播過,"向井理,榮倉奈奈",2015,4,4
596,TX,20,2015-10-23,釣魚迷日記,,4.4 / 5                      16 人,7.88,217,24229,播過,濱田岳,2015,4,5
597,CX,21,2015-11-13,Underwear,,3.9 / 5                      18 人,4.83目前,501,45177,,桐谷美玲,2015,4,5
598,TBS,22,2015-10-16,天才婦科醫,,4.7 / 5                      139 人,11.41,507,82899,播過,"綾野剛,松岡茉優",2015,4,5
599,TBS,21,2015-10-18,下町火箭,,4.7 / 5                      167 人,18.64,660,143980,播過,"阿部寬,土屋太鳳",2015,4,7
600,NTV,22,2015-10-11,天使心,,3.5 / 5                      57 人,9.10,304,59360,播過,上川隆也,2015,4,7
601,NHK G,22,2015-09-22,●Designer baby,,4 / 5                      25 人,4.94,245,33016,,黑木美沙,2015,4,2
602,NHK G,20,2015-07-16,●麻之助裁定帳,,4.4 / 5                      14 人,5.81,138,19744,,"福士誠治,南澤奈央",2015,4,4
603,NHK G,08,2015-09-28,●阿淺來了,,4.6 / 5                      84 人,23.50,651,127636,已播,波琉,2015,4,1
604,NBN,24,2015-10-13,三兄弟,,4.5 / 5                      2 人,,68,2628,,"六角精兒,今野浩喜",2015,4,2
605,TBS,25,2015-09-29,●JK是雪女,,2.4 / 5                      14 人,1.53,148,22364,,"平祐奈,橫濱流星",2015,4,2
606,TBS,24,2015-10-21,糖果之家,,4.1 / 5                      56 人,2.21,187,27021,,"小田切讓,尾野真千子",2015,4,3
607,NTV,25,2015-10-21,HiGH＆LOW,,3.7 / 5                      23 人,2.05,233,29153,,"AKIRA,TAKAHIRO",2015,4,3
608,NTV,24,2015-10-15,青春偵探晴也,,3.4 / 5                      28 人,4.32,4918,35997,,"玉森裕太,新川優愛",2015,4,4
609,NTV,24,2015-10-15,永久就職試驗,,3.1 / 5                      15 人,2.30,112,13378,,"桐山漣,三倉茉奈",2015,4,4
610,TX,24,2015-10-02,孤獨的美食家 第五季,,4.4 / 5                      36 人,3.86,220,31428,播過,松重豐,2015,4,5
611,CX,24,2015-10-09,馬子前輩說的那樣,,3 / 5                      9 人,,105,9929,,"大野絲,松島庄汰",2015,4,5
612,CX,23.5,2015-10-10,Teddy Go!,,3.9 / 5                      16 人,3.48,119,15076,,"森川葵,哀川翔",2015,4,6
613,CX,23.5,2015-11-07,Transit Girls,,3.9 / 5                      40 人,3.71,216,26229,,"伊藤沙莉,佐久間由衣",2015,4,6
614,ABC,24,2015-10-17,チア☆ドル,,,,46,1154,,,2015,4,6
615,CX,24,2015-09-28,●馬子們！寫給曾經被我愛過傷害過的你們,,3.7 / 5                      19 人,,157,14919,,"小出惠介,柳百合菜",2015,4,1
616,BS P,23,2015-10-06,書架食堂2,,3.6 / 5                      5 人,,151,16243,,"中村蒼,柄本時生",2015,4,2
617,BS P,20,2015-11-13,帶子信兵衛,,4.7 / 5                      3 人,,120,9366,,"高橋克典,左敦平",2015,4,5
618,WOWOW,22,2015-10-10,潛入海中,,3.9 / 5                      28 人,,181,21522,,有村架純,2015,4,6
619,WOWOW,22,2015-09-20,殿後,,3.7 / 5                      17 人,,143,20433,,"江口洋介,萩原聖人",2015,4,7
620,WOWOW,22,2015-11-22,誤斷,,4.2 / 5                      19 人,,173,17203,,玉山鐵二,2015,4,7
621,BS P,22,2015-11-29,蝶之山脈,,,,44,1339,,"平岳大,奧貫薰",2015,4,7
622,CX,13,2015-09-28,●思念總在分手後,,4.3 / 5                      3 人,,115,10620,,"綾部祐二,白石美帆",2015,4,1
623,TBS,22,2016-01-12,拜託請愛我,,4.4 / 5                      166 人,9.47,637,120625,播過,"深田恭子,藤岡靛",2016,1,2
624,EX,21,2016-10-14,●相棒Season14,,4.2 / 5                      41 人,14.97,270,61977,,"水谷豐,反町隆史",2016,1,5
625,NTV,22,2016-01-13,彼岸花,,3.8 / 5                      74 人,9.59,422,70130,播過,堀北真希,2016,1,3
626,EX,20,2016-10-15,●法醫女神探15,,4.3 / 5                      12 人,10.99,331,29728,,"澤口靖子,內藤剛志",2016,1,6
627,EX,21,2016-01-14,SPECIALIST,,4 / 5                      78 人,12.55,344,88637,播過,"草剪剛,南果步",2016,1,4
628,TX,20,2016-01-15,警視廳0系,,3.8 / 5                      36 人,6.74,343,28462,,"小泉孝太郎,松下由樹",2016,1,5
629,TBS,22,2016-01-15,別讓我走,,3.9 / 5                      76 人,6.81,1153,67673,,"綾瀨遙,三浦春馬",2016,1,5
630,TBS,21,2016-01-17,家族的形式,,4.6 / 5                      172 人,8.98,449,81444,,"香取慎吾,上野樹里",2016,1,7
631,CX,23,2016-03-07,櫻花道附近的故事,,4 / 5                      13 人,,202,12602,播過,"原田泰造,柏木由紀",2016,1,1
632,NHK G,22,2016-01-12,愛珍惜,,3 / 5                      9 人,5.64,161,21837,,"田中麗奈,吉田榮作",2016,1,2
633,NHK G,21,2016-01-09,逃女,,3.7 / 5                      17 人,2.77,168,19212,,"水野美紀,仲里依紗",2016,1,6
634,NHK G,08,2016-09-28,●阿淺來了,,4.6 / 5                      84 人,23.50,651,127636,已播,波琉,2016,1,3
635,TBS,25,2016-01-19,約飯2,,4 / 5                      14 人,1.46,145,16554,,貫地谷詩穗梨,2016,1,2
636,TBS,25,2016-03-15,神奈川縣厚木市茅崎洗衣店,,3.2 / 5                      13 人,1.53,91,11502,,"松井玲奈,瀧藤賢一",2016,1,2
637,TX,24,2016-01-16,東京傷情故事,,4.4 / 5                      20 人,2.58,219,30432,播過,"吉田鋼太郎,高畑充希",2016,1,6
638,CX,23.5,2016-01-09,沒撐傘的螻蟻們,,3.7 / 5                      32 人,3.43,189,21726,,"桐山漣,加藤成亮",2016,1,6
639,CX,23.5,2016-02-06,武道館,,4.3 / 5                      3 人,2.73,106,11866,,Juice,2016,1,6
640,NTV,25,2016-01-23,MARS,,2.9 / 5                      47 人,3.11,349,40194,,"藤藤谷太輔,窪田正孝",2016,1,6
641,NTV,25,2016-01-09,要在蒂凡尼吃早餐  season2,,4.2 / 5                      15 人,1.77,100,11177,,"特林德爾玲奈,德永繪里",2016,1,6
642,BS P,23,2016-01-05,牙刷/女友們,,3.8 / 5                      27 人,,201,24249,,"內田有紀,金子統昭",2016,1,2
643,BS P,20,2016-01-15,大岡越前3,,3.7 / 5                      3 人,,147,7696,,"東山紀之,勝村政信",2016,1,5
644,BS-SKP,21,2016-02-19,螻蛄,,4.2 / 5                      12 人,,160,10452,,"北村一輝,濱田岳",2016,1,5
645,WOWOW,22,2016-01-09,荒地之戀,,3.6 / 5                      12 人,,156,18746,,"豐川悅司,鈴木京香",2016,1,6
646,WOWOW,22,2016-02-13,Kinpika,,4 / 5                      12 人,,226,11231,,"中井貴一,中山裕介,瀧皮爾",2016,1,6
647,BS P,22,2016-01-10,鴨川食堂,,4.2 / 5                      27 人,,269,23946,,"忽那汐里,萩原健一",2016,1,7
648,WOWOW,22,2016-01-10,無法開槍的警官,,3.6 / 5                      16 人,,145,13469,,"田邊誠一,石黑賢",2016,1,7
649,WOWOW,22,2016-02-14,Megabank最終決戰,,4.1 / 5                      12 人,,254,14696,,"椎名桔平,桐谷健太",2016,1,7
650,BS P,22,2016-03-06,討厭的女人,,3.6 / 5                      9 人,,183,14761,,"黑木瞳,鈴木保奈美",2016,1,7
651,TBS,22,2016-04-12,重版出來!,,4.7 / 5                      235 人,7.99,753,95724,播過,黑木華,2016,2,2
652,EX,21,2016-04-06,警視廳搜查一課9係 season11,,3.7 / 5                      14 人,12.14,175,25413,,"渡瀨恒彥,井之原快彥",2016,2,3
653,EX,20,2016-04-14,警視廳・搜查一課長,,3.3 / 5                      12 人,10.03,362,29267,,"內藤剛志,齊藤由貴",2016,2,4
654,EX,21,2016-04-21,Good Partner 無敵的律師,,4 / 5                      102 人,10.70,347,77166,播過,"竹野內豐,松雪泰子",2016,2,4
655,TX,20,2016-04-22,醫生調查班,,3.5 / 5                      25 人,3.67,298,26609,,谷原章介,2016,2,5
656,TBS,22,2016-04-15,我不是無法結婚，我是不婚,,4.2 / 5                      172 人,8.99,577,105741,播過,"中谷美紀,藤木直人",2016,2,5
657,CX,21,2016-04-17,OUR HOUSE,,2.9 / 5                      26 人,4.50,178,36737,,"蘆田愛菜,夏洛特福斯",2016,2,7
658,TBS,21,2016-04-17,99.9不可能的翻案,,4.3 / 5                      241 人,17.12,737,153393,播過,"松本潤,香川照之",2016,2,7
659,NTV,22,2016-04-17,悠閒世代又怎樣,,4.3 / 5                      156 人,8.41,455,77872,,"岡田將生,松阪桃李",2016,2,7
660,NHK G,22,2016-04-15,罪與戀,,2.9 / 5                      11 人,5.59,174,22894,,"石田百合子,井浦新",2016,2,5
661,NHK G,19,2016-05-07,一路,,3.8 / 5                      4 人,5.88,158,21333,,"永山絢斗,渡邊大",2016,2,6
662,NHK G,21,2016-04-30,荳荳TV,,4.5 / 5                      56 人,9.44,249,29587,,"滿島光,中村獅童",2016,2,6
663,NHK G,08,2016-09-28,●阿淺來了,,4.6 / 5                      84 人,23.50,651,127636,已播,波琉,2016,2,3
664,NHK G,08,2016-04-04,當家姐姐,,4.4 / 5                      56 人,22.80,493,108927,播過,高畑充希,2016,2,1
665,NBN,24,2016-04-18,伙食莊,,3.9 / 5                      20 人,,198,11341,,"清野菜名,菊池亞希子",2016,2,1
666,TBS,25,2016-03-15,●神奈川縣厚木市茅崎洗衣店,,3.2 / 5                      13 人,1.53,91,11502,,"松井玲奈,瀧藤賢一",2016,2,2
667,TBS,25,2016-04-12,異邦警察,,3.4 / 5                      45 人,1.42,222,23375,,松田翔太,2016,2,2
668,TBS,24,2016-04-20,毒島百合子的赤裸日記,,3.4 / 5                      29 人,2.57,163,29797,,"前田敦子,渡邊大知",2016,2,3
669,NTV,24,2016-04-07,急救車,,2.5 / 5                      19 人,3.47,173,25289,,"剛力彩芽,中村俊介",2016,2,4
670,TX,24,2016-01-16,●東京傷情故事,,4.4 / 5                      20 人,2.58,219,30432,播過,"吉田鋼太郎,高畑充希",2016,2,6
671,TX,24,2016-04-15,暗夜英雄NAOTO,,3.1 / 5                      15 人,1.76目前,863,19110,,NAOTO,2016,2,5
672,CX,23.5,2016-04-02,火之粉,,3.7 / 5                      46 人,4.36,205,32386,已播,"中山裕介,優香",2016,2,6
673,CX,23.5,2016-06-04,早晨來到,,3.5 / 5                      13 人,3.58,161,17551,,安田成美,2016,2,6
674,TX,24,2016-04-09,白天的錢湯酒,,3.5 / 5                      14 人,2.00目前,192,13752,,戶次重幸,2016,2,6
675,BS P,23,2016-04-26,最後的餐廳,,3.3 / 5                      19 人,,214,19213,,"田邊誠一,木南晴夏",2016,2,2
676,BS P,20,2016-05-13,立花登青春備忘錄,,4.3 / 5                      4 人,,113,11662,,"溝端淳平,平祐奈",2016,2,5
677,BS P,22,2016-04-24,奇蹟之人,,3.9 / 5                      8 人,,141,13781,,"峯田和伸,麻生久美子",2016,2,7
678,ETV,18,2016-04-04,念力家族 SEASON 2,,,,59,2240,,"橫山惠,住田隆",2016,2,1
679,MX,7,2016-05-15,On TV深夜裡的彌次先生和喜多先生,,,,46,1941,,"唐橋充,藤原祐規",2016,2,7
680,EX,08,2016-10-04,假面騎士Ghost,,3 / 5                      3 人,,142,7109,已播,"西銘駿,大沢ひかる",2016,2,2
681,TBS,22,2016-07-12,毫不保留的愛,,3 / 5                      82 人,7.88,487,69930,播過,"武井咲,瀧澤秀明",2016,3,2
682,EX,21,2016-07-13,刑事7人2,,4 / 5                      37 人,10.29,149,31193,,"東山紀之,高島政宏",2016,3,3
683,EX,20,2016-07-21,女人們的特搜最前線,,2.6 / 5                      14 人,7.40,274,20160,,"高島禮子,宮崎美子",2016,3,4
684,EX,21,2016-07-14,初次見面，我愛你,,4.2 / 5                      52 人,9.86,235,57932,,"尾野真千子,江口洋介",2016,3,4
685,TX,20,2016-07-22,Yassan,,3.5 / 5                      11 人,3.32,161,18953,,伊原剛志,2016,3,5
686,TBS,22,2016-07-08,擁有神之舌的男人,,3.3 / 5                      79 人,5.60,271,50658,,"向井理,木村文乃",2016,3,5
687,NTV,21,2016-07-09,穿越時空的少女,,3.5 / 5                      61 人,6.46,240,38322,,"黑島結菜,菊池風磨",2016,3,6
688,CX,21,2016-07-17,HOPE,,4 / 5                      64 人,6.09,367,48177,播過,中島裕翔,2016,3,7
689,TBS,21,2016-07-17,仰望師恩,,3.8 / 5                      32 人,10.54,249,42627,,"寺尾聰,多部未華子",2016,3,7
690,NTV,22,2016-07-17,然後，誰都不在了,,3.3 / 5                      69 人,8.12,263,51306,,藤原龍也,2016,3,7
691,NHK G,22,2016-06-17,●水族館女孩,,4.1 / 5                      37 人,5.43,218,28233,,"松岡茉優,桐谷健太",2016,3,5
692,NHK G,19,2016-05-07,●一路,,3.8 / 5                      4 人,5.88,158,21333,,"永山絢斗,渡邊大",2016,3,6
693,NHK G,19,2016-09-24,忠臣藏之戀,,4.7 / 5                      3 人,,150,18060,,"武井咲,福士誠治",2016,3,6
694,NHK G,08,2016-04-04,●當家姐姐,,4.4 / 5                      56 人,22.80,493,108927,播過,高畑充希,2016,3,1
695,TBS,25,2016-06-21,●雖然是OL，但是剛開始是當女公關,,2.9 / 5                      20 人,1.58,142,21091,,"倉持明日香,石川梨華",2016,3,2
696,TBS,25,2016-07-19,黑金丑嶋君3,,3.8 / 5                      24 人,1.77,152,22757,,"山田孝之,綾野剛",2016,3,2
697,TBS,24,2016-07-13,死幣,,2.9 / 5                      23 人,1.94,122,21621,,"松井珠理奈,戶次重幸",2016,3,3
698,NTV,24,2016-07-07,遺產繼承律師 柿崎真ㄧ,,2.9 / 5                      15 人,2.94,166,19978,,"三上博史,森川葵",2016,3,4
699,Hulu,24,2016-09-16,死亡筆記本 NEW GENERATION,,3.7 / 5                      28 人,,134,12589,,"東出昌大,池松壯亮,菅田將暉",2016,3,5
700,TX,24,2016-07-15,俠飯,,4.4 / 5                      63 人,2.45,203,26177,已播,生瀨勝久,2016,3,5
701,TX,25,2016-07-08,聲之戀,,3.5 / 5                      39 人,,205,24391,,永野芽郁,2016,3,5
702,Hulu,1,2016-07-23,烏鴉之血,,3.6 / 5                      21 人,,130,13066,,"渡邊麻友,宮脇咲良",2016,3,6
703,CX,23.5,2016-06-04,●早晨來到,,3.5 / 5                      13 人,3.58,161,17551,,安田成美,2016,3,6
704,CX,23.5,2016-08-13,Non媽媽白書,,3.6 / 5                      8 人,3.20,122,15671,,"鈴木保奈美,菊池桃子",2016,3,6
705,TX,24,2016-07-16,是誰殺了德山大五郎?,,3.6 / 5                      16 人,,171,13067,,欅坂46,2016,3,6
706,EX,25,2016-07-03,夢中見到的少女,,4 / 5                      1 人,,76,2982,,"齋藤飛鳥,星野みなみ",2016,3,7
707,BS P,23,2016-06-28,●落花有意,,3.3 / 5                      18 人,,142,20606,,"長谷川京子,成田凌",2016,3,2
708,WOWOW,22,2016-07-16,希望丘的人們,,2.9 / 5                      9 人,,178,13552,,"澤村一樹,和久井映見",2016,3,6
709,WOWOW,22,2016-08-20,賢者之愛,,3.8 / 5                      35 人,,240,29606,播過,"中山美穗,高岡早紀",2016,3,6
710,BS P,22,2016-07-10,應試的灰姑娘,,4.4 / 5                      61 人,,262,27120,,"小泉孝太郎,川口春奈",2016,3,7
711,EX,08,2016-10-04,假面騎士Ghost,,3 / 5                      3 人,,142,7109,已播,"西銘駿,大沢ひかる",2016,3,2
712,TX,9,2016-07-09,超人力霸王Orb,,,,68,3385,已播,"石黑英雄,松浦雅",2016,3,6
713,CX,21,2016-10-11,Lady達文西的診斷,,3.9 / 5                      37 人,8.11,263,43233,播過,吉田羊,2016,4,2
714,EX,21,2016-10-12,相棒season15,,4 / 5                      40 人,14.96,285,43602,,"水谷豐,反町隆史",2016,4,3
715,EX,20,2016-10-20,法醫女神探16,,3.4 / 5                      14 人,11.66,290,22217,,澤口靖子,2016,4,4
716,EX,21,2016-10-13,Doctor-X4,,4.3 / 5                      137 人,21.49,783,116833,播過,米倉涼子,2016,4,4
717,TX,20,2016-10-14,石川五右衛門,,3 / 5                      3 人,4.01,136,13212,,"市川海老藏(第11代),國村隼",2016,4,5
718,TBS,22,2016-10-14,砂之塔,,3.6 / 5                      99 人,10.19,315,63014,播過,"菅野美穗,松嶋菜菜子",2016,4,5
719,CX,21,2016-10-09,Career,,3.4 / 5                      66 人,7.16,208,40568,播過,"玉木宏,高島政宏",2016,4,7
720,TBS,21,2016-10-16,IQ246～華麗事件簿,,3.5 / 5                      130 人,10.52,373,82834,播過,"織田裕二,土屋太鳳",2016,4,7
721,TX,21,2016-12-28,新．刑事吉永誠一,,4.1 / 5                      13 人,6.53,192,18678,,"船越英一郎,小泉孝太郎",2016,4,3
722,EX,23,2016-12-16,Doctor-Y,,3.7 / 5                      50 人,,262,30454,播過,"勝村政信,三浦貴大",2016,4,5
723,NHK G,22,2016-09-23,●命運般的戀愛,,3.9 / 5                      33 人,5.21,305,41335,,"原田知世,齋藤工",2016,4,5
724,NHK G,19,2016-09-24,●忠臣藏之戀,,4.7 / 5                      3 人,,150,18060,,"武井咲,福士誠治",2016,4,6
725,NHK G,21,2016-09-24,●夏目漱石之妻,,3.8 / 5                      18 人,9.15,230,22192,,"尾野真千子,長谷川博己",2016,4,6
726,NHK G,08,2016-04-04,●當家姐姐,,4.4 / 5                      56 人,22.80,493,108927,播過,高畑充希,2016,4,1
727,EX,24,2016-10-17,警視廳 印尼炒飯課,,2.9 / 5                      25 人,2.59,130,16023,,"島崎遙香,古田新太",2016,4,1
728,TBS,25,2016-09-20,●彼岸島 Love is over,,3.3 / 5                      9 人,1.03,123,12791,,"白石隼也,鈴木亮平",2016,4,2
729,TBS,25,2016-10-25,敬啟 民宿大人,,2.6 / 5                      13 人,1.13,106,10987,,"黑木美沙,新井浩文",2016,4,2
730,NTV,24,2016-09-29,●黑色十人之女,,3.6 / 5                      28 人,3.53,170,26735,播過,船越英一郎,2016,4,4
731,TX,24,2016-10-07,勇者義彥與被引導的七人,,4.4 / 5                      48 人,3.57,237,31860,已播,山田孝之,2016,4,5
732,TX,25,2016-10-14,你只想住在吉祥寺嗎?,,4.2 / 5                      46 人,,137,18246,已播,"大島美幸,安藤なつ",2016,4,5
733,CX,23.5,2016-10-08,棘 小市民 倉永晴之的逆襲,,2.8 / 5                      8 人,3.18,134,9990,,"田邊誠一,西田尚美",2016,4,6
734,CX,23.5,2016-12-03,Retake 重啟人生,,4.2 / 5                      6 人,3.04,152,15607,已播,筒井道隆,2016,4,6
735,TX,24,2016-07-16,●是誰殺了德山大五郎?,,3.6 / 5                      16 人,,171,13067,,欅坂46,2016,4,6
736,TX,24,2016-10-08,刑事Dance,,3.3 / 5                      21 人,1.33,148,15575,,中村蒼,2016,4,6
737,NTV,24,2016-10-29,女公關須加學園,,2.8 / 5                      12 人,2.68,113,16854,,"宮脇咲良,橫山由依",2016,4,6
738,WOWOW,21,2016-10-01,惡魔蛙男‐序章‐,,4.3 / 5                      3 人,,80,6402,,"三浦誠己,川島鈴遙",2016,4,6
739,WOWOW,22,2016-10-02,希波克拉底誓言,,3.7 / 5                      37 人,,212,23951,,"北川景子,柴田恭兵",2016,4,7
740,BS P,22,2016-11-06,山女日記,,,,59,5784,,"工藤夕貴,黃川田將也",2016,4,7
741,CX,21,2017-01-10,謊言戰爭,,4.2 / 5                      100 人,11.25,505,64468,播過,草剪剛,2017,1,2
742,EX,21,2017-10-12,●相棒season15,,4 / 5                      40 人,14.96,285,43602,,"水谷豐,反町隆史",2017,1,4
743,EX,20,2017-10-20,●法醫女神探16,,3.4 / 5                      14 人,11.66,290,22217,,澤口靖子,2017,1,5
744,EX,21,2017-01-12,求職家族,,3.7 / 5                      40 人,9.71,164,34839,播過,"三浦友和,黑木瞳",2017,1,4
745,TX,20,2017-01-20,三匹歐吉桑3,,2.2 / 5                      6 人,7.09,114,10106,,"北大路欣也,泉谷茂,志賀廣太郎",2017,1,5
746,TBS,22,2017-01-13,下剋上應試,,3.9 / 5                      50 人,8.16,174,36236,,"阿部貞夫,深田恭子",2017,1,5
747,CX,21,2017-01-08,大貧窮,,3.6 / 5                      17 人,4.91,109,25907,,"小雪,伊藤淳史",2017,1,7
748,TBS,21,2017-01-15,A LIFE,,3.8 / 5                      134 人,14.52,1427,150732,播過,"木村拓哉,竹內結子",2017,1,7
749,TX,21,2017-12-28,●新．刑事吉永誠一,,4.1 / 5                      13 人,6.53,192,18678,,"船越英一郎,小泉孝太郎",2017,1,4
750,NHK G,19,2017-09-24,●忠臣藏之戀,,4.7 / 5                      3 人,,150,18060,,"武井咲,福士誠治",2017,1,7
751,NHK G,20,2017-01-08,女城主 直虎,,4 / 5                      28 人,12.77,324,55504,,柴崎幸,2017,1,7
752,NTV,24,2017-03-06,你還是不懂群馬,,3.9 / 5                      10 人,3.98,93,10872,,間宮祥太朗,2017,1,1
753,tvk,24,2017-01-10,貓忍,,2.7 / 5                      3 人,,147,7414,,大野拓朗,2017,1,2
754,KTV,24,2017-01-17,大阪環狀線 每個站的戀愛故事 Part2,,3.5 / 5                      2 人,,105,9510,,"姜知英,百瀨朔",2017,1,2
755,TBS,25,2017-03-21,笑笑招財貓,,3.3 / 5                      4 人,0.85,116,9099,,"清水富美加,松井玲奈",2017,1,2
756,TBS,25,2017-01-10,天才麻將少女,,3.6 / 5                      31 人,1.35,133,18990,,濱邊美波,2017,1,2
757,TBS,25,2017-01-24,只要有北齋和飯,,3.8 / 5                      22 人,0.99,128,11725,,上白石萌音,2017,1,2
758,TBS,24,2017-01-18,出租愛情,,3 / 5                      35 人,1.75,151,25099,,剛力彩芽,2017,1,3
759,CX,25,2017-01-19,愛情酒店的上野先生,,3.3 / 5                      11 人,,394,14118,,本鄉奏多,2017,1,4
760,Hulu,0,2017-03-10,北風的法庭,,3.9 / 5                      10 人,,111,5326,,波琉,2017,1,5
761,Hulu,0,2017-03-24,太陽的法庭,,3.3 / 5                      9 人,,105,4534,,岡田將生,2017,1,5
762,TX,24,2017-01-13,Byplayers 同居吧歐吉桑們,,4.1 / 5                      69 人,2.18,186,29878,播過,"遠藤憲一,大杉漣",2017,1,5
763,TX,25,2017-01-06,山田孝之的坎城影展,,3.4 / 5                      13 人,,142,10862,播過,山田孝之,2017,1,5
764,CX,23.5,2017-12-03,●Retake 重啟人生,,4.2 / 5                      6 人,3.04,152,15607,已播,筒井道隆,2017,1,7
765,CX,23.5,2017-02-04,白晝的惡魔,,3 / 5                      12 人,3.44,201,15071,,田中麗奈,2017,1,6
766,TX,24,2017-01-07,銀與金,,3.5 / 5                      2 人,,116,8646,,池松壯亮,2017,1,6
767,EX,24,2017-01-21,豆腐職業摔角,,3 / 5                      12 人,2.25目前,93,11555,,"宮脇咲良,向井地美音",2017,1,6
768,NTV,24,2017-10-29,●女公關須加學園,,2.8 / 5                      12 人,2.68,113,16854,,"宮脇咲良,橫山由依",2017,1,7
769,NBN,24,2017-02-06,開往名古屋的末班車2017,,,,33,1412,,"松井玲奈,六角精兒",2017,1,1
770,THK,24,2017-03-28,職場王子,,2 / 5                      1 人,,62,4557,,"谷真理佳,山下舞弓",2017,1,2
771,TBS,25,2017-01-17,只要有北齋和飯,,3.8 / 5                      22 人,0.99,128,11725,,上白石萌音,2017,1,2
772,BS P,23,2017-01-10,人情武士獻美食,,3.1 / 5                      17 人,7.53,125,17584,播過,瀨戶康史,2017,1,2
773,WOWOW,22,2017-01-14,今天也是吉日,,4.1 / 5                      26 人,,166,15456,,"比嘉愛未,長谷川京子",2017,1,6
774,WOWOW,22,2017-01-08,樂園,,3.7 / 5                      44 人,,188,23160,,仲間由紀惠,2017,1,7
775,BS P,22,2017-01-08,女人中的陌生人,,2.6 / 5                      5 人,,91,11354,,"瀨戶朝香,尾美利德",2017,1,7
776,WOWOW,22,2017-02-19,錢形警部 漆黑的犯罪檔案,,4.1 / 5                      12 人,,125,11272,,"鈴木亮平,前田敦子",2017,1,7
777,CTC,7,2017-01-07,忍者特搜 Justy Wind,,,,60,7636,,,2017,1,6
778,CTC,7,2017-03-04,自販騎士 平野大,,,,50,1676,,"今村信也,花田俊",2017,1,6
779,EX,07,2017-02-12,宇宙戰隊九連者,,5 / 5                      2 人,,92,3765,,"岐洲匠,岸洋佑",2017,1,7
780,MX,22,2017-01-11,明星☆協奏曲,,1 / 5                      1 人,,58,5789,,,2017,1,3
781,FOD,17,2017-03-31,我在麻理體內,,2.8 / 5                      16 人,,112,9951,,"吉澤亮,池田依來沙",2017,1,5
782,CX,21,2017-04-11,CRISIS,,4.4 / 5                      165 人,10.51,1383,105881,播過,"小栗旬,西島秀俊",2017,2,2
783,EX,21,2017-04-12,警視廳搜查一課9係 season12,,3.8 / 5                      12 人,11.51,178,21030,,"渡瀨恒彥,井之原快彥",2017,2,3
784,EX,20,2017-04-13,警視廳・搜查一課長 season 2,,3.6 / 5                      11 人,12.18,317,26548,,"內藤剛志,田中圭",2017,2,4
785,EX,21,2017-04-20,女王偵訊室2,,4.4 / 5                      109 人,13.97,595,60947,已播,"天海祐希,田中哲司",2017,2,4
786,TX,20,2017-04-21,釣魚迷日記 第2季,,4 / 5                      11 人,5.64,125,14475,播過,濱田岳,2017,2,5
787,TBS,22,2017-04-14,反轉,,4.4 / 5                      139 人,8.75,1998,89075,,"藤原龍也,戶田惠梨香",2017,2,5
788,TBS,21,2017-04-16,警界小巨人,,4 / 5                      97 人,13.51,298,94198,播過,"長谷川博己,岡田將生",2017,2,7
789,CX,21,2017-04-23,櫻子小姐腳下埋著屍體,,3.7 / 5                      61 人,5.31,390,39351,播過,觀月亞里沙,2017,2,7
790,NTV,22,2017-04-23,科學怪人之戀,,3.2 / 5                      40 人,7.49,155,32887,,綾野剛,2017,2,7
791,NHK G,22,2017-04-14,椿文具店,,4.4 / 5                      31 人,5.56,312,22135,,多部未華子,2017,2,5
792,NHK G,19,2017-05-13,澪之料理帖,,4.6 / 5                      30 人,,286,18865,,黑木華,2017,2,6
793,NHK G,21,2017-04-08,4號警備,,3.8 / 5                      40 人,6.30,188,20378,,"窪田正孝,北村一輝",2017,2,6
794,NHK G,20,2017-01-08,●女城主 直虎,,4 / 5                      28 人,12.77,324,55504,,柴崎幸,2017,2,7
795,NHK G,08,2017-10-03,●別嬪小姐,,3.8 / 5                      16 人,20.34,343,92553,播過,芳根京子,2017,2,2
796,NHK G,08,2017-04-03,雛鳥,,4.4 / 5                      34 人,20.44,434,90020,播過,有村架純,2017,2,1
797,NBN,24,2017-04-24,移居岐阜！,,,,43,2047,,"柳英里紗,水崎綾女",2017,2,1
798,TBS,25,2017-03-21,●笑笑招財貓,,3.3 / 5                      4 人,0.85,116,9099,,"清水富美加,松井玲奈",2017,2,2
799,TBS,25,2017-04-18,FF14光之老爸,,3.8 / 5                      21 人,1.51,193,14944,,"千葉雄大,大杉漣",2017,2,2
800,TBS,25,2017-06-06,怪獸俱樂部,,2.2 / 5                      5 人,1.08,82,8895,,本鄉奏多,2017,2,2
801,TBS,23,2017-04-19,三個爸爸,,3.7 / 5                      22 人,1.96目前,157,15704,,"堀井新太,山田裕貴",2017,2,3
802,NTV,25,2017-04-12,被哥哥溺愛得好困擾,,3.4 / 5                      43 人,2.82,200,33173,,"土屋太鳳,片寄涼太",2017,2,3
803,NTV,25,2017-05-17,殘酷的觀眾們,,2.9 / 5                      9 人,2.41,88,11177,,欅坂46,2017,2,3
804,NTV,24,2017-04-06,愛情敗犬向前衝,,3.8 / 5                      42 人,3.33,251,34073,播過,"高梨臨,田中圭",2017,2,4
805,TX,25,2017-04-13,100萬元女人們,,4.3 / 5                      37 人,,129,18539,,野田洋次郎,2017,2,4
806,TX,24,2017-04-07,孤獨的美食家 第六季,,4.3 / 5                      28 人,3.63,168,20262,已播,松重豐,2017,2,5
807,TX,25,2017-04-07,SR埼玉說唱歌手,,,,104,5236,已播,"駒木根隆介,水澤紳吾",2017,2,5
808,CX,23.5,2017-04-08,犯罪症候群,,3.9 / 5                      48 人,3.73,260,25075,播過,"玉山鐵二,谷原章介",2017,2,6
809,CX,23.5,2017-06-03,閣樓戀人,,3 / 5                      5 人,3.58,112,16808,,"石田光,今井翼",2017,2,6
810,NTV,24,2017-04-15,架空OL日記,,4 / 5                      20 人,1.18,99,14767,已播,笨蛋主義,2017,2,6
811,FOD,24,2017-04-21,帝一之國～學生街的咖啡廳,,3.5 / 5                      18 人,,114,8056,,"野村周平,間宮祥太朗",2017,2,5
812,THK,24,2017-03-28,●職場王子,,2 / 5                      1 人,,62,4557,,"谷真理佳,山下舞弓",2017,2,2
813,BS P,20,2017-04-07,立花登青春備忘錄2,,4 / 5                      4 人,,119,7136,,"溝端淳平,平祐奈",2017,2,5
814,BS P,22,2017-04-02,PTA爺爺！,,3.4 / 5                      9 人,,109,8144,,"松平健,安達祐實",2017,2,7
815,WOWOW,22,2017-04-30,社長室之冬,,3.7 / 5                      6 人,,95,9223,,三上博史,2017,2,7
816,BS P,22,2017-05-28,Crossroad,,4.5 / 5                      2 人,,101,9693,,"館廣,栗山千明",2017,2,7
817,CX,21,2017-07-18,是我們做的,,3.5 / 5                      56 人,6.02,193,48603,已播,"窪田正孝,永野芽郁",2017,3,2
818,EX,21,2017-07-12,刑事7人 2017,,3.4 / 5                      32 人,11.30,154,27472,,"東山紀之,高島政宏",2017,3,3
819,EX,20,2017-07-13,遺留搜查4,,3.8 / 5                      26 人,10.73,300,26240,,"上川隆也,栗山千明",2017,3,4
820,EX,21,2017-07-20,黑色筆記本,,3.7 / 5                      94 人,11.36,354,77490,播過,武井咲,2017,3,4
821,TX,20,2017-07-21,警視廳0系第二季,,3.4 / 5                      27 人,7.19,179,16643,,"小泉孝太郎,松下由樹",2017,3,5
822,TBS,22,2017-07-14,偵探物語,,3.9 / 5                      82 人,7.25,363,52404,,"瑛太,深田恭子",2017,3,5
823,EX,08,2017-09-03,假面騎士Build,,5 / 5                      1 人,,31,2174,已播,"犬飼貴丈,赤楚衛二",2017,3,7
824,TBS,21,2017-07-09,對不起，我愛你,,3.6 / 5                      69 人,9.72,410,62578,,"長瀨智也,吉岡里帆",2017,3,7
825,CX,21,2017-07-09,警視廳生物股長,,4.1 / 5                      56 人,6.47,349,32271,,"渡部篤郎,橋本環奈",2017,3,7
826,NTV,22,2017-07-16,即使愛，也有秘密。,,3.4 / 5                      54 人,8.60,259,43481,,"福士蒼汰,川口春奈",2017,3,7
827,NHK G,22,2017-06-23,●毛毯貓,,4.1 / 5                      53 人,5.53,975,24661,,"西島秀俊,吉瀨美智子",2017,3,5
828,NHK G,19,2017-05-13,●澪之料理帖,,4.6 / 5                      30 人,,286,18865,,黑木華,2017,3,6
829,NHK G,19,2017-07-15,小悅,,3 / 5                      9 人,,103,10693,,中山裕介,2017,3,6
830,NHK G,19,2017-09-23,戰國快跑女高中生,,3.8 / 5                      30 人,,206,19685,播過,"黑島結菜,健太郎",2017,3,6
831,NHK G,21,2017-06-10,●人情武士獻美食,,3.1 / 5                      17 人,7.53,125,17584,播過,瀨戶康史,2017,3,6
832,NHK G,08,2017-04-03,●雛鳥,,4.4 / 5                      34 人,20.44,434,90020,播過,有村架純,2017,3,1
833,WOWOW,24,2017-09-18,預兆 散步的侵略者,,3.4 / 5                      5 人,,99,8904,,"夏帆,染谷將太",2017,3,1
834,NTV,24,2017-06-19,●機器飯友,,2.8 / 5                      11 人,3.29,93,12581,,"有岡大貴,八乙女光",2017,3,1
835,NTV,24,2017-09-18,我的房間,,3.7 / 5                      7 人,3.13,85,13984,,,2017,3,1
836,TBS,25,2017-07-04,真的要去航海,,2.9 / 5                      20 人,1.24,96,14135,,"飯豐萬理江,武田玲奈",2017,3,2
837,CX,2,2017-08-02,將棋飯,,2.6 / 5                      5 人,,92,7332,,內田理央,2017,3,3
838,TBS,23,2017-07-19,深海魚男,,3.5 / 5                      32 人,2.16,119,18717,,"有田哲平,本田翼",2017,3,3
839,NTV,25,2017-05-17,●殘酷的觀眾們,,2.9 / 5                      9 人,2.41,88,11177,,欅坂46,2017,3,3
840,CX,26,2017-07-19,Love or Not,,3.3 / 5                      8 人,,138,11064,,"山下健二郎,本假屋唯香",2017,3,3
841,NTV,24,2017-07-06,腦內智慧型手機人類,,3.6 / 5                      22 人,3.45,140,20227,已播,"伊藤淳史,新川優愛",2017,3,4
842,Amazon,24,2017-09-08,Final Life,,2.4 / 5                      13 人,,136,10954,,"松田翔太,泰民",2017,3,5
843,TX,24,2017-07-21,下北澤Die Hard,,4.1 / 5                      30 人,1.87,179,21854,已播,"古田新太,小池榮子",2017,3,5
844,CX,23.5,2017-06-03,●閣樓戀人,,3 / 5                      5 人,3.58,112,16808,,"石田光,今井翼",2017,3,6
845,CX,23.5,2017-08-05,豬籠草之夢,,3.2 / 5                      13 人,3.39,139,17867,,"志田未來,大塚寧寧",2017,3,6
846,EX,24,2017-04-30,●再見，江成君,,2.6 / 5                      14 人,1.89,113,13044,,渡邊麻友,2017,3,7
847,CX,25,2017-07-17,幸的寺廟飯,,3.9 / 5                      14 人,,161,8936,,"谷村美月,水野勝",2017,3,1
848,BS P,20,2017-08-04,傳七捕物帳2,,,,81,3767,,"中村梅雀,田中美佐子",2017,3,5
849,WOWOW,22,2017-07-09,彬與瑛,,4.4 / 5                      49 人,,278,23094,,"向井理,齋藤工",2017,3,7
850,BS P,22,2017-07-09,定年女子,,4.7 / 5                      3 人,,117,10514,,"南果步,山口祐一郎",2017,3,7
851,BS P,22,2017-09-03,全力失蹤,,4.1 / 5                      9 人,,91,9678,,"原田泰造,緒川環",2017,3,7
852,BS-SKP,19,2017-09-15,無用庵隱居修行,,,,75,4337,,水谷豐,2017,3,5
853,ETV,9,2017-08-14,童話法庭第3季,,5 / 5                      2 人,,77,2610,,"松本穗香,志賀廣太郎",2017,3,1
854,EX,15,2017-09-01,臨場,,4.1 / 5                      89 人,14.48,402,93554,,"內野聖陽,松下由樹",2017,3,5
855,CX,21,2017-10-17,明天的約定,,3.7 / 5                      31 人,5.66,210,37688,,井上真央,2017,4,2
856,EX,21,2017-10-18,相棒season16,,4.4 / 5                      32 人,15.01,351,35754,,"水谷豐,反町隆史",2017,4,3
857,EX,20,2017-10-19,法醫女神探17,,3.3 / 5                      13 人,12.52,222,28005,,澤口靖子,2017,4,4
858,EX,21,2017-10-12,Doctor-X5,,4.3 / 5                      89 人,20.73,935,96280,播過,米倉涼子,2017,4,4
859,TX,20,2017-10-20,萬能廣告社,,3.4 / 5                      34 人,3.99,195,21349,,澤村一樹,2017,4,5
860,TBS,22,2017-10-13,天才婦科醫2,,4.4 / 5                      76 人,11.87,390,63802,播過,"綾野剛,松岡茉優",2017,4,5
861,NTV,22,2017-10-14,只是先出生的我,,4.2 / 5                      74 人,8.74,346,53536,,櫻井翔,2017,4,6
862,TBS,21,2017-10-15,陸王,,4.6 / 5                      131 人,15.98,730,85134,播過,役所廣司,2017,4,7
863,TBS,21,2017-12-24,陸王,,4.6 / 5                      131 人,15.98,730,85134,播過,役所廣司,2017,4,7
864,NHK G,22,2017-09-08,●為你而聲,,4.4 / 5                      30 人,4.04,331,28025,,"竹野內豐,麻生久美子",2017,4,5
865,NHK G,21,2017-09-02,●植木等與熱情努力的博多人,,3.5 / 5                      6 人,8.46,108,12825,,"山本耕史,志尊淳",2017,4,6
866,WOWOW,24,2017-11-20,蔚藍海岸十號,,4 / 5                      3 人,,113,10326,,"小林聰美,大島優子",2017,4,1
867,NTV,24,2017-09-18,●我的房間,,3.7 / 5                      7 人,3.13,85,13984,,,2017,4,1
868,NBN,24,2017-10-17,伙食莊2,,3.7 / 5                      9 人,,96,8611,,"三吉彩花,古館佑太郎",2017,4,2
869,CX,25,2017-10-17,單戀之敵,,2.9 / 5                      7 人,,71,7597,,"前田敦子,伊藤沙莉",2017,4,2
870,TBS,25,2017-10-10,愛在香港,,2.9 / 5                      22 人,,99,14026,,"小池榮子,吉澤亮",2017,4,2
871,TBS,25,2017-11-07,荷包蛋的蛋黃何時戳破最美味？,,4 / 5                      1 人,1.05,76,7097,,"青柳翔,成海璃子",2017,4,2
872,TBS,25,2017-12-05,天才麻將少女 阿知賀篇,,3.9 / 5                      11 人,0.75,70,8095,,"櫻田日和,伊藤萌々香",2017,4,2
873,NTV,24,2017-10-05,Black Revenge,,3.2 / 5                      14 人,3.48,95,16310,播過,木村多江,2017,4,4
874,TX,24,2017-10-13,新宿SEVEN,,3.2 / 5                      21 人,1.86,118,16019,播過,上田龍也,2017,4,5
875,CX,23.5,2017-10-07,櫻的親子丼,,4.4 / 5                      18 人,3.26,108,14065,,真矢美季,2017,4,6
876,CX,23.5,2017-12-02,黑色孤兒,,3.4 / 5                      14 人,2.81,128,15367,,姜知英,2017,4,6
877,MBS,24,2017-10-08,愛在香港,,2.9 / 5                      22 人,,99,14026,,"小池榮子,吉澤亮",2017,4,7
878,MBS,24,2017-11-05,荷包蛋的蛋黃何時戳破最美味？,,4 / 5                      1 人,1.05,76,7097,,"青柳翔,成海璃子",2017,4,7
879,CX,24,2017-10-09,世界奇妙物語`17 深夜特別編,,3.1 / 5                      7 人,,52,6353,,"志尊淳,山崎紘菜",2017,4,1
880,NTV,23,2017-12-21,不眠的真珠,,5 / 5                      3 人,,115,13927,,"藤原紀香,鈴木伸之",2017,4,4
881,BS P,20,2017-11-03,紅鬍子,,2.3 / 5                      3 人,,98,7484,,"船越英一郎,中村蒼",2017,4,5
882,BS TV東,21,2017-10-07,監獄飯店,,2.3 / 5                      3 人,,87,7845,,,2017,4,6
883,WOWOW,22,2017-10-21,單戀,,4.1 / 5                      37 人,,159,18170,,中谷美紀,2017,4,6
884,WOWOW,22,2017-12-02,名片遊戲,,3.8 / 5                      35 人,,131,14697,,"堤真一,岡田將生",2017,4,6
885,BS P,22,2017-10-29,山女日記,,,,58,4836,,"工藤夕貴,黃川田將也",2017,4,7
886,WOWOW,22,2017-11-05,石礫,,4.1 / 5                      22 人,,176,13902,,"佐藤浩市,江口洋介",2017,4,7
887,MX,14,2017-10-07,緣之記憶Season 4,,,,26,780,,,2017,4,6
888,TBS,8,2017-12-31,逃避雖可恥但有用,,4.6 / 5                      358 人,14.47,1564,192119,播過,"新垣結衣,星野源",2017,4,7
889,EX,14,2017-12-01,最強名醫3,,4.3 / 5                      76 人,14.34,368,61362,播過,"澤村一樹,高島政伸",2017,4,5
890,CX,21,2018-01-09,FINAL CUT,,3.7 / 5                      82 人,6.86,359,55000,,"龜梨和也,藤木直人",2018,1,2
891,TBS,22,2018-01-16,你已藏在我心底,,3.5 / 5                      72 人,7.69,440,56697,已播,吉岡里帆,2018,1,2
892,EX,21,2018-10-18,●相棒season16,,4.4 / 5                      32 人,15.01,351,35754,,"水谷豐,反町隆史",2018,1,4
893,TX,22,2018-02-07,Byplayers~無人島生活,,4.2 / 5                      32 人,3.12,124,20368,,"遠藤憲一,大杉漣",2018,1,3
894,EX,20,2018-10-19,●法醫女神探17,,3.3 / 5                      13 人,12.52,222,28005,,澤口靖子,2018,1,5
895,EX,21,2018-01-18,BG~搏命保鑣,,3.7 / 5                      137 人,15.12,601,99544,播過,木村拓哉,2018,1,4
896,TX,20,2018-01-19,確保之女,,3.7 / 5                      7 人,6.64,185,20720,,"名取裕子,麻生祐未",2018,1,5
897,TBS,22,2018-01-12,法醫女王,,4.7 / 5                      241 人,11.06,540,106974,已播,"石原聰美,井浦新",2018,1,5
898,NTV,22,2018-01-13,有錢人家鳥事多,,3.9 / 5                      97 人,9.76,296,70649,播過,"山田涼介,波瑠",2018,1,6
899,TBS,21,2018-01-14,99.9不可能的翻案Ⅱ,,4.6 / 5                      159 人,17.39,659,107568,播過,"松本潤,香川照之",2018,1,7
900,NTV,22,2018-01-07,決定性的接吻,,4.2 / 5                      65 人,6.93,285,47405,,山崎賢人,2018,1,7
901,NHK G,08,2018-10-02,●笑口常開,,4.2 / 5                      18 人,20.09,252,56294,播過,葵若菜,2018,1,2
902,NBN,0,2018-01-15,開往名古屋的末班車2018,,4 / 5                      2 人,,108,11863,播過,"松井玲奈,六角精兒",2018,1,1
903,CBC,23,2018-02-26,這地方的命運之人,,,,57,3514,,"松井愛莉,小沢一敬",2018,1,1
904,CX,24,2018-01-22,愛愛外星人2,,3.2 / 5                      5 人,,116,8898,,"新木優子,太田莉菜",2018,1,1
905,KTV,24,2018-01-16,大阪環狀線 Part3,,,,65,6179,,"朝比奈彩,鈴木福",2018,1,2
906,TBS,25,2018-01-16,狂賭之淵,,4.1 / 5                      55 人,1.09,470,24587,,濱邊美波,2018,1,2
907,TBS,25,2018-03-27,哥哥的朋友,,3.7 / 5                      3 人,1.05,96,16586,,"橫濱流星,松風理咲",2018,1,2
908,NTV,24,2018-01-10,不像漫畫,,,2.38,82,9708,,"角田晃廣,飯塚悟志",2018,1,3
909,NTV,24,2018-01-11,Repeat,,3.6 / 5                      35 人,3.09,485,22855,已播,"貫地谷詩穗梨,本鄉奏多",2018,1,4
910,TX,24,2018-01-12,Oh My Jump,,3.6 / 5                      10 人,1.60,105,11780,已播,"伊藤淳史,馬場徹",2018,1,5
911,CX,23.5,2018-12-02,●黑色孤兒,,3.4 / 5                      14 人,2.81,128,15367,,姜知英,2018,1,7
912,CX,23.5,2018-02-03,家族的旅途,,3.6 / 5                      15 人,3.04,340,17868,,瀧澤秀明,2018,1,6
913,TX,24,2018-01-13,電影少女,,4.3 / 5                      23 人,,186,15308,,野村周平,2018,1,6
914,MBS,24,2018-01-14,狂賭之淵,,4.1 / 5                      55 人,1.09,470,24587,,濱邊美波,2018,1,7
915,MBS,24,2018-03-25,要你對我×××！,,3.4 / 5                      8 人,,102,10283,,"玉城Tina,小關裕太",2018,1,7
916,MX,27,2018-01-10,號哭的災難,,,,37,1943,,,2018,1,3
917,CX,24,2018-03-19,Street Wise In Wonderland 2,,,,57,3019,,,2018,1,1
918,ABC,25,2018-03-22,戀愛中的肉食女子,,3 / 5                      3 人,,69,4580,,"逢澤莉娜,陳內將",2018,1,4
919,CX,24,2018-03-23,平成物語,,,,35,2239,,"岡山天音,松本穗香",2018,1,5
920,BS P,20,2018-01-12,大岡越前4,,4 / 5                      1 人,,79,5661,,"東山紀之,MIMURA",2018,1,5
921,BS TV東,21,2018-01-13,性命出售,,4 / 5                      3 人,,84,10339,,"中村蒼,前田旺志郎",2018,1,6
922,WOWOW,22,2018-01-13,春天來了,,3.3 / 5                      3 人,,139,13311,,KAI,2018,1,6
923,WOWOW,22,2018-02-17,再見，黑鳥,,3.4 / 5                      11 人,,99,12875,,"高良健吾,城田優",2018,1,6
924,WOWOW,22,2018-03-31,暗黑伴走者～編集長的條件,,4.3 / 5                      34 人,,214,11698,,,2018,1,6
925,BS P,22,2018-01-07,平成細雪,,3.9 / 5                      13 人,,104,11561,,"中山美穗,高岡早紀",2018,1,7
926,WOWOW,22,2018-01-14,監査役 野崎修平,,3.8 / 5                      29 人,,198,24195,,"織田裕二,岸谷五朗",2018,1,7
927,BS P,22,2018-02-04,我家的問題,,3.9 / 5                      12 人,,100,11655,,"水川麻美,小泉孝太郎",2018,1,7
928,BS P,22,2018-03-04,弟之夫,,4.8 / 5                      17 人,,113,7686,,"佐藤隆太,把瑠都",2018,1,7
929,TX,7,2018-01-06,妖話2,,,,13,619,,"松田留奈,高槻佳奈",2018,1,6
930,EX,9,2018-02-11,快盜戰隊VS警察戰隊,,,,35,1703,播過,"伊藤明日陽,濱正悟",2018,1,7
931,CX,21,2018-04-09,信用詐欺師JP,,4.5 / 5                      163 人,8.88,416,87786,播過,"長澤雅美,東出昌大",2018,2,1
932,CX,21,2018-04-10,Signal信號~長期未解決事件搜查班,,4 / 5                      80 人,7.70,398,59161,播過,坂口健太郎,2018,2,2
933,EX,21,2018-04-11,特搜9,,4.3 / 5                      16 人,13.98,212,34083,,"井之原快彥,羽田美智子",2018,2,3
934,EX,20,2018-04-12,警視廳・搜查一課長 season3,,3.6 / 5                      11 人,12.79,257,29158,,"內藤剛志,安達祐實",2018,2,4
935,EX,21,2018-04-19,未解決之女,,4.1 / 5                      88 人,12.91,362,89120,播過,"波瑠,鈴木京香",2018,2,4
936,TX,20,2018-04-13,執事~西園寺的名推理,,3.4 / 5                      28 人,6.96,310,23967,,上川隆也,2018,2,5
937,TBS,22,2018-04-13,有家可歸的戀人們,,4 / 5                      45 人,8.44,215,37256,已播,"中谷美紀,玉木宏",2018,2,5
938,NTV,22,2018-04-14,人事女惡魔,,3.5 / 5                      71 人,8.20,330,55243,播過,菜菜緒,2018,2,6
939,TBS,21,2018-04-22,黑色止血鉗,,4.3 / 5                      99 人,14.21,421,78842,播過,二宮和也,2018,2,7
940,NTV,22,2018-04-15,搶救飯店大作戰,,4 / 5                      92 人,7.45,456,54903,播過,"岩田剛典,戶田惠梨香",2018,2,7
941,NHK G,19,2018-05-19,算盤武士 風之市兵衛,,4.3 / 5                      3 人,,147,12090,,"向井理,原田泰造",2018,2,6
942,NHK G,21,2018-04-21,校園律師,,3.4 / 5                      22 人,5.23,101,14046,,"神木隆之介,田邊誠一",2018,2,6
943,NHK G,08,2018-04-02,半邊藍天,,4.2 / 5                      50 人,21.06,723,79103,播過,永野芽郁,2018,2,1
944,NBN,24,2018-04-16,Myubu♪,,4 / 5                      1 人,,53,4498,,"平祐奈,大友花戀",2018,2,1
945,KTV,25,2018-04-24,優雅京都傲嬌姐,,4.3 / 5                      12 人,,94,9578,已播,橫山由依,2018,2,2
946,TBS,25,2018-03-27,●哥哥的朋友,,3.7 / 5                      3 人,1.05,96,16586,,"橫濱流星,松風理咲",2018,2,2
947,TBS,25,2018-03-27,要你對我×××！,,3.4 / 5                      8 人,,102,10283,,"玉城Tina,小關裕太",2018,2,2
948,TBS,25,2018-04-24,也許曾經能做到委員會,,4.3 / 5                      15 人,1.20,137,11196,,"佐藤二朗,白石麻衣",2018,2,2
949,YTV,23,2018-04-05,愛情重跑,,3.7 / 5                      30 人,3.03,303,28082,已播,"中村杏,古川雄輝",2018,2,4
950,NTV,24,2018-04-05,愛情重跑,,3.7 / 5                      30 人,3.03,303,28082,已播,"中村杏,古川雄輝",2018,2,4
951,TX,24,2018-04-06,孤獨的美食家 第七季,,4.7 / 5                      18 人,3.50,171,20014,已播,松重豐,2018,2,5
952,TX,25,2018-04-06,男人真命苦,,3.6 / 5                      9 人,,122,9630,已播,池松壯亮,2018,2,5
953,CX,23.5,2018-04-07,仍舊潔白的雙翼,,4 / 5                      10 人,3.00,104,13676,,新川優愛,2018,2,6
954,CX,23.5,2018-06-02,邊緣團地,,3.4 / 5                      8 人,3.00,90,10713,,佐野史郎,2018,2,6
955,ABC,23,2018-04-08,聲優女孩！,,3.8 / 5                      10 人,,118,8305,,"福原遙,中村由里香",2018,2,7
956,MBS,24,2018-06-24,就是要妳愛上我,,3.3 / 5                      10 人,1.14,101,19510,,"中川大志,健太郎",2018,2,7
957,BS P,20,2018-04-20,鳴門秘帖,,3 / 5                      1 人,,189,6529,,"山本耕史,野野鈴美香",2018,2,5
958,BS TV東,21,2018-04-14,傳聞之女,,3 / 5                      6 人,,88,9581,,足立梨花,2018,2,6
959,WOWOW,22,2018-03-31,●暗黑伴走者～編集長的條件,,4.3 / 5                      34 人,,214,11698,,,2018,2,6
960,BS-SKP,21,2018-05-25,鬥牌傳說～鷲巢麻將完結篇,,3.5 / 5                      2 人,,403,6932,,本鄉奏多,2018,2,5
961,BS P,22,2018-04-08,PTA爺爺2！,,4 / 5                      2 人,,59,4848,,,2018,2,7
962,WOWOW,22,2018-05-06,60 誤判對策室,,3.1 / 5                      13 人,,119,11460,,"館廣,星野真里",2018,2,7
963,BS P,22,2018-06-03,鋼鐵大媽2,,4 / 5                      1 人,,152,4597,,"大竹忍,室井滋",2018,2,7
964,EX,15,2018-09-01,臨場,,4.1 / 5                      89 人,14.48,402,93554,,"內野聖陽,松下由樹",2018,2,6
965,CX,21,2018-07-09,絕對零度之防犯未然,,4.2 / 5                      85 人,10.61,422,66935,播過,澤村一樹,2018,3,1
966,CX,21,2018-07-17,健康又文化的最低限度生活,,4.3 / 5                      50 人,5.73,267,37666,已播,"吉岡里帆,遠藤憲一",2018,3,2
967,EX,21,2018-07-11,刑事7人4,,4.1 / 5                      21 人,11.76,135,18101,,東山紀之,2018,3,3
968,EX,20,2018-07-12,遺留搜查5,,4.4 / 5                      19 人,11.33,205,20624,,"上川隆也,栗山千明",2018,3,4
969,EX,21,2018-07-19,企業併購王 禿鷹,,4.2 / 5                      47 人,10.31,221,38005,預定,綾野剛,2018,3,4
970,TX,20,2018-07-20,警視廳0系第三季,,3.8 / 5                      18 人,7.20,228,12530,,"小泉孝太郎,松下由樹",2018,3,5
971,TBS,22,2018-07-13,青春後空翻,,4 / 5                      49 人,7.10,151,46058,已播,土屋太鳳,2018,3,5
972,NTV,22,2018-07-14,限時嫁人大作戰,,4.1 / 5                      69 人,8.83,316,63271,播過,"波瑠,伊勢谷友介",2018,3,6
973,TBS,21,2018-07-15,謝謝你，在世界的角落找到我,,4.6 / 5                      41 人,9.74,160,42818,已播,"松本穗香,松阪桃李",2018,3,7
974,NHK G,19,2018-05-19,算盤武士 風之市兵衛,,4.3 / 5                      3 人,,147,12090,,"向井理,原田泰造",2018,3,6
975,NHK G,21,2018-06-30,●笨蛋伯比傻爸爸,,3.3 / 5                      6 人,4.98,121,13038,,"玉山鐵二,比嘉愛未",2018,3,6
976,NTV,24,2018-07-23,Tokyo Alien Bros.,,3 / 5                      1 人,2.94,92,8859,,"伊野尾慧,戶塚祥太",2018,3,1
977,TBS,25,2018-06-26,●就是要妳愛上我,,3.3 / 5                      10 人,1.14,101,19510,,"中川大志,健太郎",2018,3,2
978,TBS,25,2018-07-31,真的要去航海。第二季,,3.5 / 5                      8 人,1.63,70,6618,,"飯豐萬理江,武田玲奈",2018,3,2
979,YTV,23,2018-07-19,神速偵探,,4.1 / 5                      36 人,3.16,137,24894,已播,"瀧藤賢一,廣瀨愛麗絲",2018,3,4
980,NTV,24,2018-07-19,神速偵探,,4.1 / 5                      36 人,3.16,137,24894,已播,"瀧藤賢一,廣瀨愛麗絲",2018,3,4
981,TX,24,2018-07-13,GIVER,,2.2 / 5                      9 人,1.71,89,13738,,吉澤亮,2018,3,5
982,FOD,0,2018-09-29,沒聽過這樣的未來!,,2.6 / 5                      5 人,,50,6865,,田邊桃子,2018,3,6
983,CX,23.5,2018-06-02,●邊緣團地,,3.4 / 5                      8 人,3.00,90,10713,,佐野史郎,2018,3,6
984,CX,23.5,2018-08-04,直到這場雨停的那一天,,3.2 / 5                      10 人,2.36,132,11596,,渡邊麻友,2018,3,6
985,TVS,24,2018-09-01,理科生墜入情網，故嘗試證明,,2 / 5                      4 人,,70,7456,,"淺川梨奈,西銘駿",2018,3,6
986,ABC,23,2018-07-08,幸色的一居室,,4.3 / 5                      8 人,,63,5606,,"山田杏奈,上杉柊平",2018,3,7
987,TBS,24,2018-09-28,tourist,,3.7 / 5                      7 人,,80,6580,,"水川麻美,池田依來沙,尾野真千子",2018,3,5
988,BS P,20,2018-11-03,●紅鬍子,,2.3 / 5                      3 人,,98,7484,,"船越英一郎,中村蒼",2018,3,6
989,BS TV東,21,2018-07-14,極道美食王,,5 / 5                      1 人,,180,7418,,福士誠治,2018,3,6
990,BS P,22,2018-07-15,搜查會議在客廳！,,4.2 / 5                      12 人,,223,13268,,"觀月亞里沙,田邊誠一",2018,3,7
991,WOWOW,22,2018-07-22,黑書院的六兵衛,,,,72,5343,,"吉川晃司,上地雄輔",2018,3,7
992,BS P,22,2018-09-09,日記Diary,,3.9 / 5                      9 人,,108,6843,,"蓮佛美沙子,菊池桃子",2018,3,7
993,MX,7,2018-08-04,妖話3,,,,14,503,,"松田留奈,高槻佳奈",2018,3,6
994,TX,9,2018-07-07,超人力霸王羅布,,,,57,1698,已播,"平田雄也,小池亮介",2018,3,6
995,ETV,9,2018-08-13,童話法庭第4季,,5 / 5                      3 人,,63,3217,,,2018,3,1
996,CX,21,2018-10-08,SUITS無照律師,,4.1 / 5                      67 人,10.65,374,74505,,"織田裕二,中島裕翔",2018,4,1
997,CX,21,2018-10-09,我們的奇蹟,,4.4 / 5                      74 人,6.54,210,46653,播過,"高橋一生,榮倉奈奈",2018,4,2
998,EX,21,2018-10-17,相棒season17,,4.4 / 5                      27 人,15.33,139,26237,,"水谷豐,反町隆史",2018,4,3
999,EX,20,2018-10-18,法醫女神探18,,4.1 / 5                      8 人,12.48,142,14039,,澤口靖子,2018,4,4
1000,EX,21,2018-10-11,LegalV不敗律師,,3.8 / 5                      95 人,15.61,516,80057,已播,米倉涼子,2018,4,4
1001,TX,20,2018-10-19,駐在刑事,,3.9 / 5                      10 人,8.07,190,15481,,寺島進,2018,4,5
1002,TBS,22,2018-10-12,大戀愛,,4.3 / 5                      82 人,10.02,518,54889,播過,"戶田惠梨香,室剛",2018,4,5
1003,NTV,22,2018-10-13,刑警與大盗,,4.1 / 5                      32 人,8.75,311,30005,,"中島健人,遠藤憲一",2018,4,6
1004,TBS,21,2018-10-14,下町火箭2,,4.5 / 5                      65 人,14.98,225,50868,播過,"阿部寬,立川談春",2018,4,7
1005,NTV,22,2018-10-14,我是大哥大,,4.6 / 5                      93 人,9.87,261,58976,播過,賀來賢人,2018,4,7
1006,EX,23,2018-10-05,Doctor-Y3,,4.3 / 5                      11 人,,102,9118,,勝村政信,2018,4,5
1007,NHK G,19,2018-10-27,神助參拜,,4.8 / 5                      4 人,,136,8271,,"田中麗奈,友阪理惠",2018,4,6
1008,NHK G,21,2018-09-01,●不惑橄欖球,,2.3 / 5                      3 人,5.50,93,8665,,高橋克典,2018,4,6
1009,NHK G,20,2018-01-07,●西鄉殿,,4 / 5                      21 人,12.69,297,47872,,"鈴木亮平,瑛太",2018,4,7
1010,WOWOW,24,2018-11-12,遠藤憲一與宮藤官九郎之受您指教了,,3.9 / 5                      17 人,,98,10164,,遠藤憲一,2018,4,1
1011,NBN,24,2018-10-15,來去岐阜慢活,,,,64,4777,已播,"早見朱莉,岡田義德",2018,4,1
1012,KTV,24,2018-11-27,小河劇 龍馬來了,,,,47,2295,,"三宅弘城,箭内夢菜",2018,4,2
1013,KTV,25,2018-10-02,今夜，可否擁你入懷,,2.8 / 5                      5 人,,97,14408,已播,"矢作穗香,水野勝",2018,4,2
1014,TBS,25,2018-11-06,淨化房間,,4 / 5                      13 人,1.03,75,9738,,"池田依來沙,小田切讓",2018,4,2
1015,TBS,25,2018-12-04,這份戀情有罪嗎!?,,3.7 / 5                      28 人,,102,12399,,"柏木由紀,伊藤健太郎",2018,4,2
1016,TX,25,2018-10-03,天~天和街的快男兒,,2.5 / 5                      2 人,,57,4468,,岸谷五朗,2018,4,3
1017,ABC,25,2018-10-10,KBOYS,,,,64,3352,,"佐久間悠,優太朗",2018,4,3
1018,NTV,24,2018-10-04,黑色醜聞,,3.5 / 5                      20 人,3.33,162,19416,已播,山口紗彌加,2018,4,4
1019,NTV,24,2018-10-18,可愛萬歲,,3.4 / 5                      14 人,1.55目前,79,11444,已播,千葉雄大,2018,4,4
1020,TX,25,2018-10-18,藤原龍也的二回道,,,,74,4311,,藤原龍也,2018,4,4
1021,TX,24,2018-10-12,忘卻的幸子,,4.4 / 5                      26 人,1.98目前,135,17344,,高畑充希,2018,4,5
1022,TX,25,2018-10-05,這本漫畫真厲害！,,2.8 / 5                      4 人,,88,11202,,蒼井優,2018,4,5
1023,CX,23.5,2018-10-06,結婚對象用抽的,,4.2 / 5                      27 人,2.86,128,17529,,"野村周平,高梨臨",2018,4,6
1024,CX,23.5,2018-12-01,櫻的親子丼2,,4.6 / 5                      11 人,3.55,59,7740,,真矢美季,2018,4,6
1025,TVO,24,2018-10-13,江戶壽司王,,,,62,5166,,"須賀健太,佐藤玲",2018,4,6
1026,TX,24,2018-10-01,tourist,,3.7 / 5                      7 人,,80,6580,,"水川麻美,池田依來沙,尾野真千子",2018,4,1
1027,THK,24,2018-10-18,七個丈夫,,,,34,1466,,"中村パウロ,折戸正大",2018,4,4
1028,WOWOW,24,2018-10-07,tourist,,3.7 / 5                      7 人,,80,6580,,"水川麻美,池田依來沙,尾野真千子",2018,4,7
1029,BS P,20,2018-11-09,立花登青春備忘錄3,,5 / 5                      2 人,,96,3963,,溝端淳平,2018,4,5
1030,BS TV東,21,2018-10-06,沉默的聲音,,4.6 / 5                      16 人,,148,13255,,栗山千明,2018,4,6
1031,BS P,22,2018-10-07,主婦勝利！,,4.6 / 5                      7 人,,109,11062,,鈴木保奈美,2018,4,7
1032,WOWOW,22,2018-11-11,潘朵拉IV,,3.5 / 5                      12 人,,105,9890,,"向井理,黑木瞳",2018,4,7
1033,BS4,23,2018-10-18,妖怪!百鬼夜高等学校,,,,51,5020,,,2018,4,4
1034,KTV,10,2018-10-13,大阪環狀線 Part4,,4 / 5                      1 人,,56,4449,,"德井義實,平尾菜菜花",2018,4,6
1035,CX,21,2019-01-07,科學搜查先生,,3.8 / 5                      54 人,10.61,576,48040,已播,"錦戶亮,新木優子",2019,1,1
1036,CX,21,2019-01-22,後妻業,,3.9 / 5                      21 人,6.18,114,23291,,"木村佳乃,高橋克典",2019,1,2
1037,EX,21,2019-10-17,●相棒season17,,4.4 / 5                      27 人,15.33,139,26237,,"水谷豐,反町隆史",2019,1,4
1038,EX,20,2019-01-10,刑事Zero,,4.3 / 5                      55 人,11.30,453,47090,播過,澤村一樹,2019,1,4
1039,EX,21,2019-01-17,派遣占卜師．中,,3.8 / 5                      42 人,10.57,195,28253,,杉咲花,2019,1,4
1040,TX,20,2019-01-18,記憶搜查,,3.5 / 5                      16 人,6.94,168,22189,,"北大路欣也,風間俊介",2019,1,5
1041,TBS,22,2019-01-11,警察之家,,3.9 / 5                      76 人,10.25,689,39701,播過,"高畑充希,西島秀俊",2019,1,5
1042,KBS,21,2019-01-19,京都戀檢定,,,,18,668,,,2019,1,6
1043,NTV,22,2019-01-19,Innocence~冤罪律師~,,4.2 / 5                      46 人,9.06,290,39749,,坂口健太郎,2019,1,6
1044,TBS,21,2019-01-13,The Good Wife,,4.2 / 5                      61 人,9.69,447,54085,播過,"常盤貴子,小泉孝太郎",2019,1,7
1045,NHK G,21,2019-01-26,新月,,4 / 5                      22 人,6.38,116,16372,,"高橋一生,永作博美",2019,1,6
1046,NBN,24,2019-01-14,開往名古屋的末班車2019,,5 / 5                      1 人,,62,4257,已播,"松井玲奈,六角精兒",2019,1,1
1047,CX,24,2019-01-14,JOKER×FACE,,3.8 / 5                      8 人,,64,6345,,"松本穗香,松尾諭",2019,1,1
1048,NTV,24,2019-01-21,節約Rock,,3.8 / 5                      6 人,,80,7138,,"上田龍也,重岡大毅",2019,1,1
1049,FOD,24,2019-03-12,總有一天，睡著的日子,,4.8 / 5                      9 人,,57,6274,,大友花戀,2019,1,2
1050,TBS,25,2019-01-08,昨晚過得很愉快吧,,4.2 / 5                      34 人,1.37,89,16965,,"本田翼,岡山天音",2019,1,2
1051,TBS,25,2019-02-19,後街女孩-極道偶像,,3.1 / 5                      14 人,,61,6878,,"白洲迅,柾木玲彌",2019,1,2
1052,NTV,25,2019-01-23,殘美,,3.1 / 5                      15 人,,144,7451,,齋藤飛鳥,2019,1,3
1053,NTV,24,2019-01-10,人生變快樂的幸福法則,,4.5 / 5                      13 人,2.98,146,12755,,"夏菜,高橋瑪莉潤",2019,1,4
1054,CBC,24,2019-02-21,Zebra,,,,24,1098,,"吉本實憂,枝元萌",2019,1,4
1055,TX,25,2019-01-17,Designer 澀井直人的休假,,5 / 5                      2 人,,66,6891,,光石研,2019,1,4
1056,TX,24,2019-01-11,水果宅配,,4.2 / 5                      23 人,2.36目前,78,12389,,濱田岳,2019,1,5
1057,CX,23.5,2019-12-01,●櫻的親子丼2,,4.6 / 5                      11 人,3.55,59,7740,,真矢美季,2019,1,7
1058,CX,23.5,2019-02-02,絕對正義,,3.5 / 5                      15 人,3.71,59,13015,,山口紗彌加,2019,1,6
1059,BS4,24,2019-01-12,有趣南極料理人,,4.8 / 5                      4 人,,57,4873,,"濱野謙太,槙田Sports",2019,1,6
1060,NTV,24,2019-03-16,讓女性心情轉好的方法,,3.6 / 5                      8 人,,54,3836,,"早見朱莉,平岡祐太",2019,1,6
1061,TX,0,2019-03-19,〜好一頓飯〜站著吃！,,,,17,777,,"森咲智美,桐谷まつり",2019,1,2
1062,CX,24,2019-03-18,平成物語2,,,,40,1983,,"山崎紘菜,笠松將,清水久留美",2019,1,1
1063,YTV,25,2019-03-28,妄想電梯,,,,28,1004,,,2019,1,4
1064,FOD,24,2019-02-27,靛藍色的心情,,4.5 / 5                      15 人,,91,5847,,"竹財輝之助,吉田宗洋",2019,1,3
1065,BS TV東,21,2019-01-12,在神酒診所乾杯,,4.2 / 5                      9 人,,118,10498,,"三浦貴大,安藤政信",2019,1,6
1066,WOWOW,22,2019-01-05,被盜的臉,,3.6 / 5                      37 人,,233,16434,,玉木宏,2019,1,6
1067,WOWOW,22,2019-02-09,因為誤認那是愛,,4.2 / 5                      6 人,,85,8932,,稻森泉,2019,1,6
1068,BS P,22,2019-01-06,夢露去世的日子,,3.7 / 5                      7 人,,98,6318,,"鈴木京香,草刈正雄",2019,1,7
1069,WOWOW,22,2019-01-13,孤高的手術刀,,4.6 / 5                      51 人,,499,18373,,瀧澤秀明,2019,1,7
1070,BS P,22,2019-02-03,盤上的Alpha,,4.4 / 5                      13 人,,150,8811,,"玉木宏,比嘉愛未",2019,1,7
1071,BS P,22,2019-03-03,我家的秘密,,4.3 / 5                      4 人,,70,6154,,佐藤仁美,2019,1,7
1072,WOWOW,22,2019-03-24,絕叫,,4.5 / 5                      22 人,,82,10283,,尾野真千子,2019,1,7
1073,Netflix,16,2019-03-20,老公的那個進不來,,3.9 / 5                      15 人,,74,10060,,"石橋菜津美,中村蒼",2019,1,3
1074,GYAO!,23,2019-01-11,東京投幣式洗衣店,,,,15,872,,,2019,1,5
1075,CX,21,2019-04-08,X光室的奇蹟,,4.3 / 5                      99 人,12.08,199,67046,已播,"窪田正孝,本田翼",2019,2,1
1076,TX,22,2019-04-15,螺旋,,3.5 / 5                      16 人,3.58,164,17439,,玉木宏,2019,2,1
1077,CX,21,2019-04-16,Perfect World完美世界,,4.1 / 5                      40 人,6.35,273,40566,已播,"松坂桃李,山本美月",2019,2,2
1078,EX,21,2019-04-10,特搜9 season2,,4.3 / 5                      12 人,12.93,117,14407,,"井之原快彥,羽田美智子",2019,2,3
1079,EX,20,2019-04-18,法醫女神探19,,3.5 / 5                      8 人,11.62,211,27325,,"澤口靖子,內藤剛志",2019,2,4
1080,EX,21,2019-04-11,女王偵訊室3,,4.4 / 5                      77 人,13.17,217,38582,已播,天海祐希,2019,2,4
1081,TX,20,2019-04-19,執事~西園寺的名推理2,,3.7 / 5                      19 人,6.54,140,11552,,上川隆也,2019,2,5
1082,TBS,22,2019-04-12,破案神手,,4.3 / 5                      84 人,9.16,1080,66979,播過,山下智久,2019,2,5
1083,NTV,22,2019-04-20,老子的裙子去哪了？,,4 / 5                      48 人,8.69,205,25913,,古田新太,2019,2,6
1084,TBS,21,2019-04-21,集團左遷！！,,3.5 / 5                      48 人,10.33,161,39558,已播,"福山雅治,香川照之",2019,2,7
1085,CX,22,2019-04-04,Aloha story,,,,28,1023,,"岡本杏理,RIKACO",2019,2,4
1086,NHK G,19,2019-05-25,雲霧仁左衛門2,,4.6 / 5                      13 人,,178,10243,,"中井貴一,國村隼",2019,2,6
1087,NHK G,21,2019-05-18,數位刺青,,4.1 / 5                      8 人,5.20,111,8189,,"高橋克實,瀨戶康史",2019,2,6
1088,NHK G,08,2019-04-01,夏空,,4.5 / 5                      25 人,21.03,474,56654,播過,廣瀨鈴,2019,2,1
1089,NTV,24,2019-04-22,即使生氣也不要和笨蛋交手！,,2.3 / 5                      8 人,3.14,61,11732,,知念侑李,2019,2,1
1090,TBS,25,2019-04-02,狂賭之淵season2,,4.6 / 5                      39 人,1.00,399,13851,已播,"濱邊美波,高杉真宙",2019,2,2
1091,TBS,25,2019-05-07,都立水商！~令和,,4.1 / 5                      22 人,1.23,88,11781,,龍星涼,2019,2,2
1092,NTV,24,2019-04-04,對面的爆紅家族,,3.7 / 5                      18 人,2.31,65,12464,已播,內田理央,2019,2,4
1093,KTV,24,2019-04-25,難波帝王ZERO,,,,23,1367,,"小林豐,太田夢莉",2019,2,4
1094,MBS,24,2019-04-25,可以不可以,,3.1 / 5                      28 人,,400,15915,,"森川葵,中尾暢樹",2019,2,4
1095,WOWOW,24,2019-04-12,東京二十三區女,,3.7 / 5                      22 人,,74,11476,,"倉科佳奈,安達祐實",2019,2,5
1096,THK,23,2019-04-06,鏡像孿生Season1,,3.4 / 5                      17 人,2.86,97,10819,,"藤谷太輔,倉科佳奈",2019,2,6
1097,CX,23.5,2019-06-01,假面同窗會,,3.3 / 5                      13 人,3.01,92,12490,,溝端淳平,2019,2,6
1098,CX,24,2019-05-13,信用詐欺師IG,,,,45,5256,,"小手伸也,瀧川英次",2019,2,1
1099,NBN,24,2019-04-08,his,,4 / 5                      3 人,,31,2092,,"草川直弥,倉悠貴",2019,2,1
1100,BS4,21,2019-04-06,彌次×喜多,,,,43,3187,,"和田正人,松尾諭",2019,2,6
1101,WOWOW,22,2019-04-27,坡道上的家,,4.4 / 5                      28 人,,102,23346,,柴崎幸,2019,2,6
1102,BS P,22,2019-04-07,大全力失蹤,,3.5 / 5                      2 人,,62,5660,,原田泰造,2019,2,7
1103,BS P,22,2019-05-05,殘念刑警,,3.9 / 5                      14 人,,77,9712,,"風間俊介,犬飼貴丈",2019,2,7
1104,WOWOW,22,2019-05-12,惡黨,,4.1 / 5                      20 人,,86,10028,,"東出昌大,松重豐",2019,2,7
1105,BS P,22,2019-06-02,長閑之庭,,3.8 / 5                      4 人,,39,5101,,"橋本愛,田中泯",2019,2,7
1106,CX,21,2019-07-08,女法醫朝顏,,4.3 / 5                      87 人,12.47,225,55397,播過,"上野樹里,時任三郎",2019,3,1
1107,CX,21,2019-07-16,TWO WEEKS,,3.8 / 5                      38 人,6.50,128,30158,播過,"三浦春馬,芳根京子",2019,3,2
1108,EX,21,2019-07-10,刑事7人5,,4 / 5                      22 人,11.65,93,14468,,"東山紀之,田邊誠一",2019,3,3
1109,EX,20,2019-04-18,●法醫女神探19,,3.5 / 5                      8 人,11.62,211,27325,,"澤口靖子,內藤剛志",2019,3,4
1110,EX,21,2019-07-11,SIGN,,4.2 / 5                      44 人,10.96,131,42267,,"大森南朋,松雪泰子",2019,3,4
1111,TX,20,2019-07-19,警視廳0系第四季,,3.9 / 5                      22 人,6.48,241,10696,,"小泉孝太郎,松下由樹",2019,3,5
1112,TBS,22,2019-07-19,自然捲小姐放長假,,4.4 / 5                      94 人,9.94,184,47979,已播,黑木華,2019,3,5
1113,NTV,22,2019-07-13,VOICE,,4.1 / 5                      40 人,10.94,371,36608,,"唐澤壽明,真木陽子",2019,3,6
1114,TBS,21,2019-07-07,NO SIDE GAME,,4.5 / 5                      55 人,11.82,206,56630,已播,大泉洋,2019,3,7
1115,TX,20,2019-09-02,聖域 警視廳強行犯係・樋口顯,,,,51,2659,,"內藤剛志,佐野史郎",2019,3,1
1116,NHK G,19,2019-05-25,●雲霧仁左衛門2,,4.6 / 5                      13 人,,178,10243,,"中井貴一,國村隼",2019,3,6
1117,NHK G,21,2019-08-31,詐騙幹員,,4.1 / 5                      29 人,6.66,362,13334,,"木村文乃,高杉真宙",2019,3,6
1118,NHK G,08,2019-04-01,●夏空,,4.5 / 5                      25 人,21.03,474,56654,播過,廣瀨鈴,2019,3,1
1119,NHK G,08,2019-09-30,喜美子的陶藝物語,,4.2 / 5                      27 人,19.38,356,46690,播過,戶田惠梨香,2019,3,1
1120,CX,24,2019-07-15,我可能不會愛你,,4.5 / 5                      19 人,,121,17016,已播,"足立梨花,白洲迅",2019,3,1
1121,BS4,24,2019-09-02,代理爸爸,,,,20,1901,,"黑羽麻璃央,植田圭輔",2019,3,1
1122,FOD,24,2019-07-16,不倫食堂 第2期,,2.2 / 5                      6 人,,45,5750,,武田真治,2019,3,2
1123,CX,24,2019-08-26,護花野獸第二季,,1.3 / 5                      3 人,,49,3413,,"中村由里香,杉野遙亮",2019,3,1
1124,TBS,25,2019-07-02,Scams,,3.8 / 5                      10 人,,44,9204,,杉野遙亮,2019,3,2
1125,NTV,25,2019-07-17,HiGH&LOW THE WORST EPISODE.0,,2.3 / 5                      3 人,,42,4078,,"山田裕貴,一之瀨亘",2019,3,3
1126,NTV,24,2019-07-04,我分享了丈夫？,,3.7 / 5                      11 人,3.28,85,13054,已播,"小池榮子,涼",2019,3,4
1127,KTV,24,2019-07-04,時空偵探阿由,,3.8 / 5                      8 人,,53,6032,,"佐久間由衣,竹財輝之助",2019,3,4
1128,KTV,24,2019-08-29,無名復仇者 ZEGEN,,4 / 5                      6 人,,51,4062,,,2019,3,4
1129,MBS,24,2019-07-04,咖啡和香草,,3.8 / 5                      14 人,,72,14275,,"福原遙,櫻田通",2019,3,4
1130,MBS,24,2019-09-12,卡夫卡的東京絕望日記,,,,60,3650,,"鈴木擴樹,奈緒",2019,3,4
1131,FOD,0,2019-08-16,雅努斯之鏡,,4.1 / 5                      7 人,,44,4465,,"櫻井日奈子,白洲迅",2019,3,5
1132,WOWOW,24,2019-07-05,爆炸頭田中,,3.9 / 5                      16 人,,101,8374,,賀來賢人,2019,3,5
1133,TX,24,2019-07-12,Ｉturn,,3.7 / 5                      21 人,1.68,80,11109,,"室剛,古田新太",2019,3,5
1134,TX,25,2019-07-19,桑道,,5 / 5                      1 人,,53,3633,,"原田泰造,三宅弘城",2019,3,5
1135,CX,23.5,2019-06-01,●假面同窗會,,3.3 / 5                      13 人,3.01,92,12490,,溝端淳平,2019,3,6
1136,CX,23.5,2019-08-03,各自的斷崖,,3 / 5                      1 人,2.93,78,6690,,遠藤憲一,2019,3,6
1137,TVO,24,2019-07-13,深夜的吧台公主,,3.8 / 5                      4 人,,53,4628,,"木龍麻生,玄理",2019,3,6
1138,MBS,24,2019-09-01,Real⇔Fake,,,,58,4042,,"荒牧慶彦,植田圭輔",2019,3,7
1139,YTV,25,2019-09-17,妄想電梯2,,,,36,2344,,富田望生,2019,3,2
1140,TVO,25,2019-07-04,燒肉職業摔跤,,,,22,1243,,,2019,3,4
1141,BS P,20,2019-07-26,螢草,,4.9 / 5                      7 人,,438,6290,,"清原果耶,町田啟太",2019,3,5
1142,BS TV東,21,2019-07-27,Ｗ縣警的悲劇,,4.4 / 5                      5 人,,91,6683,,蘆名星,2019,3,6
1143,WOWOW,22,2019-07-06,惡毒女兒，聖潔母親,,4 / 5                      15 人,,92,8728,已播,"寺島忍,足立梨花",2019,3,6
1144,WOWOW,22,2019-08-04,然後，活下去,,4.1 / 5                      21 人,,111,12375,已播,"有村架純,坂口健太郎",2019,3,7
1145,FOD,12,2019-07-15,我可能不會愛你,,4.5 / 5                      19 人,,121,17016,已播,"足立梨花,白洲迅",2019,3,1
1146,NBN,16,2019-08-03,在內海呼喊愛,,,,26,836,,"三隅一輝,松岡拳紀介",2019,3,6
1147,CX,21,2019-10-07,夏洛克,,3.9 / 5                      77 人,9.77,996,54965,已播,"藤岡靛,岩田剛典",2019,4,1
1148,CX,21,2019-10-08,熟男還不結婚,,4.3 / 5                      109 人,12.20目前,249,105770,播過,阿部寬,2019,4,2
1149,EX,21,2019-10-09,相棒season18,,4.3 / 5                      17 人,14.67,126,19975,,"水谷豐,反町隆史",2019,4,3
1150,EX,20,2019-04-18,●法醫女神探19,,3.5 / 5                      8 人,11.62,211,27325,,"澤口靖子,內藤剛志",2019,4,4
1151,EX,21,2019-10-17,Doctor-X6,,4.3 / 5                      71 人,18.39,183,55341,播過,米倉涼子,2019,4,4
1152,TX,20,2019-10-18,確保之女2,,2.9 / 5                      9 人,5.09,113,8473,,"名取裕子,麻生祐未",2019,4,5
1153,TBS,22,2019-10-11,4分鐘的金盞菊,,3.9 / 5                      42 人,7.44,208,27143,已播,"福士蒼汰,菜菜緒",2019,4,5
1154,NTV,22,2019-10-12,我的事說來話長,,4.7 / 5                      103 人,8.45,255,39281,播過,生田斗真,2019,4,6
1155,TBS,21,2019-10-20,Grand Maison東京,,4.7 / 5                      140 人,12.74,890,96774,已播,"木村拓哉,鈴木京香",2019,4,7
1156,NTV,22,2019-10-13,Nippon Noir,,3.7 / 5                      31 人,6.88,146,25888,已播,"賀來賢人,廣末涼子",2019,4,7
1157,NHK G,19,2019-10-05,大富豪同心,,1 / 5                      1 人,,62,4423,,"中村隼人,新川優愛",2019,4,6
1158,NHK G,21,2019-10-19,少年寅次郎,,3.2 / 5                      10 人,8.18,71,8356,,"井上真央,毎熊克哉",2019,4,6
1159,NHK G,20,2019-01-06,●韋駄天,,3.7 / 5                      19 人,8.11,283,47961,,"中村勘九郎,阿部貞夫",2019,4,7
1160,TX,24,2019-11-04,陌生人的家,,,,49,2525,,筧美和子,2019,4,1
1161,TX,24,2019-12-02,ウレロ☆未開拓少女,,,,43,3336,,"劇團一人,笨蛋主義",2019,4,1
1162,NBN,24,2019-10-14,真心愛著妳,,1.3 / 5                      3 人,,60,5348,,"森崎溫,土村芳",2019,4,1
1163,MX,24,2019-10-16,劇團sphere,,,,31,2153,,"壽美菜子,高垣彩陽",2019,4,3
1164,TX,24,2019-10-16,死役所,,3.8 / 5                      24 人,1.35,71,13890,,松岡昌宏,2019,4,3
1165,NTV,25,2019-11-27,貴族誕生,,,,42,3450,,白濱亞嵐,2019,4,3
1166,NTV,24,2019-10-03,Cheat,,3.7 / 5                      39 人,3.45,106,17214,已播,"本田翼,金子大地",2019,4,4
1167,KTV,24,2019-10-24,插上！死亡旗,,3 / 5                      1 人,,44,3190,,,2019,4,4
1168,KTV,24,2019-10-24,豬又進與八人喪女,,3 / 5                      1 人,,34,3900,,"森田哲矢,岡崎紗繪",2019,4,4
1169,MBS,24,2019-09-12,卡夫卡的東京絕望日記,,,,60,3650,,"鈴木擴樹,奈緒",2019,4,4
1170,MBS,24,2019-10-31,青櫻,,4 / 5                      2 人,,34,3865,,本鄉奏多,2019,4,4
1171,MBS,24,2019-12-05,那個老師，你不知道嗎？,,4.3 / 5                      18 人,,62,9201,,"馬場富美加,赤楚衛二",2019,4,4
1172,TX,24,2019-10-04,孤獨的美食家 第八季,,4.9 / 5                      9 人,3.71,98,9305,已播,松重豐,2019,4,5
1173,CX,23.5,2019-10-05,Rika,,3.4 / 5                      12 人,3.34,61,14527,已播,"高岡早紀,小池徹平",2019,4,6
1174,CX,23.5,2019-12-07,惡魔辯護律師・御子柴禮司,,4.7 / 5                      12 人,2.90,254,17398,,"要潤,津田寬治",2019,4,6
1175,TVO,25,2019-10-05,12名想要被擁抱的女性,,3.5 / 5                      4 人,,83,6060,,山本耕史,2019,4,6
1176,YTV,25,2019-10-02,妄想電梯2,,,,36,2344,,富田望生,2019,4,3
1177,WOWOW,22,2019-10-05,TOP LEAGUE,,4.1 / 5                      12 人,,122,8900,,"玉山鐵二,池內博之",2019,4,6
1178,BS P,22,2019-10-06,令和元年版 怪談牡丹燈籠,,3 / 5                      4 人,,62,5250,,"尾野真千子,柄本佑",2019,4,7
1179,WOWOW,22,2019-10-06,惡之波動 殺人分析班番外篇,,4 / 5                      19 人,,146,7950,,古川雄輝,2019,4,7
1180,BS P,22,2019-11-03,虛假的共犯,,3.3 / 5                      6 人,,94,6009,,松田龍平,2019,4,7
1181,WOWOW,22,2019-11-17,蝶之力學,,4.1 / 5                      28 人,,166,10230,,木村文乃,2019,4,7
1182,NTV,7,2019-10-01,生田家之朝 2019秋,,,,59,3201,,"中山裕介,尾野真千子",2019,4,2
1183,NTV,7,2019-10-22,綠山家之朝,,,,42,1629,,"笨蛋主義,平岩紙",2019,4,2
1184,CX,21,2020-01-06,絕對零度之防犯未然2,,4.4 / 5                      47 人,9.91,615,35326,播過,澤村一樹,2020,1,1
1185,CX,21,2020-01-14,10的秘密,,3.3 / 5                      32 人,6.89,108,30119,,"向井理,仲間由紀惠",2020,1,2
1186,EX,21,2020-10-09,●相棒season18,,4.3 / 5                      17 人,14.67,126,19975,,"水谷豐,反町隆史",2020,1,5
1187,EX,20,2020-04-18,●法醫女神探19,,3.5 / 5                      8 人,11.62,211,27325,,"澤口靖子,內藤剛志",2020,1,6
1188,EX,21,2020-01-16,刑事和檢事,,3.7 / 5                      39 人,9.83,126,29384,,"桐谷健太,東出昌大",2020,1,4
1189,TX,20,2020-01-24,駐在刑事 第二季,,3 / 5                      1 人,7.44,154,8419,,"寺島進,北村有起哉",2020,1,5
1190,TBS,22,2020-01-17,別在病房念經,,4.4 / 5                      35 人,8.92,300,36568,播過,"伊藤英明,中谷美紀",2020,1,5
1191,NTV,22,2020-01-11,Top Knife,,3.9 / 5                      47 人,11.27,235,54868,播過,天海祐希,2020,1,6
1192,TBS,21,2020-01-19,忒修斯之船,,3.8 / 5                      80 人,13.31,394,73883,播過,竹內涼真,2020,1,7
1193,NTV,22,2020-01-12,在不白不黑的世界裡，熊貓笑了。,,3.6 / 5                      30 人,8.09,132,30157,播過,"清野菜名,橫濱流星",2020,1,7
1194,YTV,22,2020-01-12,在不白不黑的世界裡，熊貓笑了。,,3.6 / 5                      30 人,8.09,132,30157,播過,"清野菜名,橫濱流星",2020,1,7
1195,NHK G,20,2020-01-25,麒麟來了,,4.2 / 5                      13 人,14.25,151,41868,,長谷川博己,2020,1,6
1196,NHK G,21,2020-01-18,療愈心中的傷口,,4.2 / 5                      9 人,5.45,83,14250,,"柄本佑,尾野真千子",2020,1,6
1197,TX,24,2020-01-06,100字構想製作的電視劇！,,4 / 5                      1 人,,42,3755,,淺川梨奈,2020,1,1
1198,NTV,24,2020-01-20,無論生病的時候、健康的時候,,3.9 / 5                      12 人,,70,11919,,"藤谷太輔,奈緒",2020,1,1
1199,TBS,25,2020-01-07,SEDAI WARS,,3 / 5                      1 人,,90,5013,,山田裕貴,2020,1,2
1200,TX,24,2020-01-08,我從何而來,,3.3 / 5                      11 人,0.93,91,14750,,"中島裕翔,間宮祥太朗",2020,1,3
1201,NTV,25,2020-01-15,DASADA,,3.3 / 5                      4 人,,56,3855,,小坂菜緒,2020,1,3
1202,YTV,23,2020-01-09,午餐聯誼偵探,,4.2 / 5                      20 人,3.86,217,19293,,"山本美月,特林德爾玲奈",2020,1,4
1203,NTV,24,2020-01-09,午餐聯誼偵探,,4.2 / 5                      20 人,3.86,217,19293,,"山本美月,特林德爾玲奈",2020,1,4
1204,KTV,24,2020-01-10,連續殺人鬼青蛙男,,4 / 5                      12 人,,252,12049,,工藤阿須加,2020,1,5
1205,KTV,24,2020-03-05,然後，由里子成了一個人,,3 / 5                      2 人,,43,4463,,玉城Tina,2020,1,4
1206,KTV,24,2020-01-16,臨時演員！！！,,,,47,3114,,"間宮祥太朗,橋本愛實",2020,1,4
1207,MBS,24,2020-01-23,Homeroom,,3.7 / 5                      6 人,,78,10197,,山田裕貴,2020,1,4
1208,TX,25,2020-01-09,搖曳露營△,,4.4 / 5                      19 人,,71,6468,,"福原遙,大原優乃",2020,1,4
1209,WOWOW,24,2020-01-24,某些原因住在火星,,4.1 / 5                      13 人,,79,11451,,"仲村亨,玉城Tina",2020,1,5
1210,WOWOW,24,2020-03-20,有村架純的拍攝稍息,,4.2 / 5                      11 人,,69,8803,,有村架純,2020,1,5
1211,TX,24,2020-01-10,古瀧兄弟出租中,,4.1 / 5                      21 人,1.69,97,16232,播過,"古館寬治,瀧藤賢一",2020,1,5
1212,tvk,0,2020-01-11,巧克力戰爭,,,,43,3921,,,2020,1,6
1213,CX,23.5,2020-12-07,●惡魔辯護律師・御子柴禮司,,4.7 / 5                      12 人,2.90,254,17398,,"要潤,津田寬治",2020,1,1
1214,THK,23,2020-02-01,老爸的第二春,,4.7 / 5                      6 人,2.85,69,12504,播過,小澤征悅,2020,1,6
1215,TVO,24,2020-01-11,我又初戀了,,4.3 / 5                      4 人,,60,4727,,"今井悠貴,柳憂怜",2020,1,6
1216,YTV,24,2020-02-01,東京LINE情故事,,4 / 5                      12 人,,75,10416,,"古川雄輝,大西禮芳",2020,1,6
1217,TVO,25,2020-01-18,大江戶蒸汽朋克,,,,45,2851,,,2020,1,6
1218,EX,24,2020-01-18,這個男人是我人生中最大的錯誤,,4.4 / 5                      63 人,,1009,25847,,"速水茂虎道,松井愛莉",2020,1,6
1219,ABC,23,2020-01-19,這個男人是我人生中最大的錯誤,,4.4 / 5                      63 人,,1009,25847,,"速水茂虎道,松井愛莉",2020,1,7
1220,MBS,24,2020-01-05,SEDAI WARS,,3 / 5                      1 人,,90,5013,,山田裕貴,2020,1,7
1221,MX,26,2020-01-05,等等！ 我醒來了！！,,,,18,612,,"高橋祐美,鈴木真英",2020,1,7
1222,Hulu,24,2020-03-14,Top Knife 天才護理師的條件,,,,57,4341,,"福士誠治,森田望智",2020,1,6
1223,NBN,24,2020-01-27,開往名古屋的末班車2020,,,,43,3048,播過,"柚希禮音,野澤詩織",2020,1,1
1224,CBC,24,2020-03-12,Sniper時村正義的勞動法改革,,,,44,1074,,"高杉亙,高田夏帆",2020,1,4
1225,TBS,26,2020-03-05,纏繞之女,,,,45,2675,,"片平渚,伊藤健太郎",2020,1,4
1226,WOWOW,22,2020-01-11,看到他們就會明白,,3.4 / 5                      8 人,,102,13664,,"中山美穗,木村多江",2020,1,6
1227,WOWOW,22,2020-03-07,帕累托誤算,,4.5 / 5                      12 人,,100,5654,,橋本愛,2020,1,6
1228,BS P,22,2020-01-05,贋作 男人真命苦,,,,48,4750,,"桂雀雀,常盤貴子",2020,1,7
1229,WOWOW,22,2020-01-19,頭取 野崎修平,,4.6 / 5                      11 人,,124,10076,,"織田裕二,松嶋菜菜子",2020,1,7
1230,BS P,22,2020-02-02,搜查會議在客廳 再來一碗！,,3.8 / 5                      8 人,,159,6575,,"觀月亞里沙,田邊誠一",2020,1,7
1231,WOWOW,22,2020-03-15,Z號作戰計劃,,4 / 5                      3 人,,60,4206,,草刈正雄,2020,1,7
1232,MX,19,2020-01-11,八王子殭屍,,,,42,2760,,"山下健二郎,久保田悠來",2020,1,6
1233,U-NEXT,12,2020-02-12,SIDE STORIES,,,,37,1469,,"淺川梨奈,奧山和紗",2020,1,3
1234,CX,21,2020-04-13,SUITS無照律師2,,4.1 / 5                      38 人,8.35,320,47679,,"織田裕二,中島裕翔",2020,2,1
1235,EX,21,2020-04-08,特搜9 season3,,4.3 / 5                      7 人,0.000目前,132,12257,,"井之原快彥,羽田美智子",2020,2,3
1236,EX,20,2020-04-09,警視廳・搜查一課長2020,,3.8 / 5                      4 人,13.12,140,19325,,"內藤剛志,三吉彩花",2020,2,4
1237,TX,20,2020-10-01,螺旋迷宮,,,,86,12699,,"田中圭,安田顯",2020,2,4
1238,TBS,22,2020-06-26,MIU404,,4.7 / 5                      111 人,12.09,520,58647,播過,"綾野剛,星野源",2020,2,5
1239,NTV,22,2020-06-27,未滿警察,,3.7 / 5                      18 人,9.39,126,27078,播過,"中島健人,平野紫耀",2020,2,6
1240,CX,21,2020-04-27,信用詐欺師JP,,4.5 / 5                      163 人,8.88,416,87786,播過,"長澤雅美,東出昌大",2020,2,1
1241,CX,21,2020-04-14,了不起的選Taxi,,4.5 / 5                      131 人,10.33,472,85446,播過,竹野內豐,2020,2,2
1242,CX,21,2020-05-19,了不起的選Taxi,,4.5 / 5                      131 人,10.33,472,85446,播過,竹野內豐,2020,2,2
1243,TBS,22,2020-04-14,戀愛可以持續到天長地久,,4.3 / 5                      108 人,11.58,621,95047,播過,"上白石萌音,佐藤健",2020,2,2
1244,EX,21,2020-05-06,特搜9,,4.3 / 5                      16 人,13.98,212,34083,,"井之原快彥,羽田美智子",2020,2,3
1245,NTV,22,2020-04-15,派遣女王,,4.7 / 5                      340 人,20.10,669,360109,已播,"篠原涼子,加藤愛",2020,2,3
1246,EX,20,2020-05-21,警視廳・搜查一課長 season3,,3.6 / 5                      11 人,12.79,257,29158,,"內藤剛志,安達祐實",2020,2,4
1247,EX,21,2020-04-16,BG~搏命保鑣,,3.7 / 5                      137 人,15.12,601,99544,播過,木村拓哉,2020,2,4
1248,NTV,21,2020-06-05,神探夏洛克小姐,,3.9 / 5                      102 人,,1493,189495,播過,"竹內結子,貫地谷詩穗梨",2020,2,5
1249,TBS,22,2020-04-10,天才婦科醫,,4.7 / 5                      139 人,11.41,507,82899,播過,"綾野剛,松岡茉優",2020,2,5
1250,TBS,22,2020-04-24,天才婦科醫2,,4.4 / 5                      76 人,11.87,390,63802,播過,"綾野剛,松岡茉優",2020,2,5
1251,TBS,22,2020-06-05,大戀愛,,4.3 / 5                      82 人,10.02,518,54889,播過,"戶田惠梨香,室剛",2020,2,5
1252,TBS,21,2020-04-05,下町火箭,,4.7 / 5                      167 人,18.64,660,143980,播過,"阿部寬,土屋太鳳",2020,2,7
1253,TBS,21,2020-04-26,NO SIDE GAME,,4.5 / 5                      55 人,11.82,206,56630,已播,大泉洋,2020,2,7
1254,TBS,21,2020-05-31,99.9不可能的翻案,,4.3 / 5                      241 人,17.12,737,153393,播過,"松本潤,香川照之",2020,2,7
1255,NTV,22,2020-05-24,美食偵探 明智五郎,,3.5 / 5                      25 人,8.59,147,21878,,中村倫也,2020,2,7
1256,NHK G,20,2020-01-25,麒麟來了,,4.2 / 5                      13 人,14.25,151,41868,,長谷川博己,2020,2,6
1257,NHK G,21,2020-05-16,路,,3.8 / 5                      31 人,0.95,267,20286,播過,"波瑠,井浦新",2020,2,6
1258,WOWOW,24,2020-05-18,Piple,,3.3 / 5                      6 人,,49,3734,,梶裕貴,2020,2,1
1259,NTV,24,2020-04-20,搖滾樂團正確的做法,,,,43,2678,,"藤井流星,神山智洋",2020,2,1
1260,FOD,24,2020-04-28,東京愛情故事2020,,3.4 / 5                      19 人,,123,24066,播過,"伊藤健太郎,石橋靜河",2020,2,2
1261,Amazon,24,2020-04-28,東京愛情故事2020,,3.4 / 5                      19 人,,123,24066,播過,"伊藤健太郎,石橋靜河",2020,2,2
1262,TX,24,2020-04-08,出租什麼都不幹的人,,4 / 5                      9 人,,73,10100,,增田貴久,2020,2,3
1263,TX,24,2020-04-08,今日的貓村小姐,,4.1 / 5                      7 人,,111,10210,已播,松重豐,2020,2,3
1264,TX,25,2020-04-15,藤原龍也的三回道,,,,57,2608,,藤原龍也,2020,2,3
1265,TX,25,2020-05-27,網路興亡記,,,,46,2148,,藤森慎吾,2020,2,3
1266,NTV,24,2020-04-02,Guilty 這個戀愛有罪嗎？,,3.8 / 5                      23 人,3.87,252,28981,播過,新川優愛,2020,2,4
1267,NTV,23,2020-05-14,愛情重跑,,3.7 / 5                      30 人,3.03,303,28082,已播,"中村杏,古川雄輝",2020,2,4
1268,KTV,24,2020-04-30,東京男子圖鑑,,4 / 5                      3 人,,51,5930,,"竹財輝之助,市川由衣",2020,2,4
1269,WOWOW,24,2020-05-15,異世界居酒屋「阿信」,,4.5 / 5                      15 人,,82,6131,,"大谷亮平,武田玲奈",2020,2,5
1270,TX,24,2020-04-10,抓狂一族,,3.2 / 5                      11 人,,101,11336,,佐藤二朗,2020,2,5
1271,CX,23.5,2020-04-11,隕石家族,,,,55,3469,,羽田美智子,2020,2,6
1272,YTV,24,2020-04-11,此刻，少年不停舞,,1 / 5                      1 人,,66,4520,已播,"高野洸,和田雅成",2020,2,6
1273,MBS,24,2020-04-05,別對映像研出手!,,4.3 / 5                      9 人,,178,6150,,"齋藤飛鳥,山下美月",2020,2,7
1274,TBS,23,2020-05-25,中學聖日記,,4.1 / 5                      62 人,6.92,412,40074,已播,"有村架純,岡田健史",2020,2,1
1275,FOD,24,2020-05-17,親愛的妮娜,,4 / 5                      4 人,,83,6769,,岡田健史,2020,2,7
1276,BS TV東,21,2020-04-11,沉默的聲音Season2,,4.3 / 5                      12 人,,120,6881,,栗山千明,2020,2,6
1277,WOWOW,22,2020-04-18,鐵之骨,,4.2 / 5                      15 人,,153,8912,,神木隆之介,2020,2,6
1278,BS P,22,2020-04-05,70歲，首次出產的70初產,,4.8 / 5                      4 人,,68,5275,,"小日向文世,竹下景子",2020,2,7
1279,KBC,10,2020-04-12,DOGENGERS,,,,29,1111,,,2020,2,7
1280,Hulu,22,2020-06-12,極地闇殺,,4.2 / 5                      6 人,,880,10989,已播,山下智久,2020,2,5
1281,CX,21,2020-06-16,●偵探・由利麟太郎,,3.4 / 5                      10 人,7.10目前,98,14438,,"吉川晃司,志尊淳",2020,3,2
1282,CX,21,2020-07-28,龍之道 雙面復仇者,,3.5 / 5                      26 人,7.01,165,30882,播過,"玉木宏,高橋一生",2020,3,2
1283,CX,21,2020-09-22,DIVER特別臥底組,,3.9 / 5                      24 人,6.96,208,20432,播過,福士蒼汰,2020,3,2
1284,TBS,22,2020-07-07,我的家政夫大叔,,4.5 / 5                      80 人,15.04,296,54108,播過,"多部未華子,大森南朋",2020,3,2
1285,EX,21,2020-04-08,●特搜9 season3,,4.3 / 5                      7 人,0.000目前,132,12257,,"井之原快彥,羽田美智子",2020,3,3
1286,EX,21,2020-08-05,刑事7人6,,3.9 / 5                      12 人,11.96,49,9646,,"東山紀之,田邊誠一",2020,3,3
1287,NTV,22,2020-06-17,●派遣女王 第2季,,4.1 / 5                      48 人,0.000,247,46384,播過,篠原涼子,2020,3,3
1288,EX,20,2020-04-09,●警視廳・搜查一課長2020,,3.8 / 5                      4 人,13.12,140,19325,,"內藤剛志,三吉彩花",2020,3,4
1289,EX,21,2020-06-18,●BG終極保鑣2,,4.2 / 5                      71 人,15.43,213,46173,已播,木村拓哉,2020,3,4
1290,EX,21,2020-08-06,未解決之女2,,4.4 / 5                      34 人,0.000,210,29807,播過,"波瑠,鈴木京香",2020,3,4
1291,TBS,22,2020-06-26,●MIU404,,4.7 / 5                      111 人,12.09,520,58647,播過,"綾野剛,星野源",2020,3,5
1292,TBS,22,2020-09-11,危險2人-K2-,,3.5 / 5                      22 人,8.90,73,18306,,"山田涼介,田中圭",2020,3,5
1293,EX,23,2020-04-24,●男扮女裝家政婦4,,4.5 / 5                      33 人,8.95目前,84,18142,播過,"松岡昌宏,伊野尾慧",2020,3,5
1294,NTV,22,2020-06-27,●未滿警察,,3.7 / 5                      18 人,9.39,126,27078,播過,"中島健人,平野紫耀",2020,3,6
1295,EX,23,2020-04-18,●M-歌姬戀曲奏響時,,3 / 5                      7 人,4.39,86,18934,播過,"安斉かれん,三浦翔平",2020,3,6
1296,TBS,21,2020-07-19,半澤直樹2,,4.7 / 5                      88 人,24.76,556,77297,播過,堺雅人,2020,3,7
1297,NTV,22,2020-08-02,傻親青春白書,,4.1 / 5                      46 人,8.80,201,29671,播過,"室剛,永野芽郁",2020,3,7
1298,TBS,21,2020-07-05,半澤直樹,,4.8 / 5                      644 人,29.07,1270,426876,播過,"堺雅人,上戶彩",2020,3,7
1299,NHK G,20,2020-01-25,麒麟來了,,4.2 / 5                      13 人,14.25,151,41868,,長谷川博己,2020,3,6
1300,NHK G,21,2020-09-19,向天使請求,,4.1 / 5                      9 人,,61,7981,,"江口洋介,上白石萌歌",2020,3,6
1301,MBS,24,2020-09-08,騷亂時節的少女們,,4 / 5                      6 人,,55,8306,預定,"山田杏奈,玉城Tina",2020,3,2
1302,TBS,25,2020-07-28,昨晚過得很愉快吧,,4.2 / 5                      34 人,1.37,89,16965,,"本田翼,岡山天音",2020,3,2
1303,TX,25,2020-07-01,love⇄distance,,4 / 5                      6 人,,42,3824,,"水川麻美,清原翔",2020,3,3
1304,TX,25,2020-07-15,泡澡女孩！,,3.7 / 5                      3 人,,31,2883,,櫻井日奈子,2020,3,3
1305,TX,25,2020-08-26,不勞動者們,,3.4 / 5                      5 人,,43,6507,,濱田岳,2020,3,3
1306,THK,25,2020-07-29,銀座黑貓物語,,3.7 / 5                      6 人,,66,4751,,山寺宏一,2020,3,3
1307,TX,24,2020-07-15,時尚宅評論師Oshako！,,3 / 5                      12 人,,51,5954,,"矢作穗香,富田望生",2020,3,3
1308,TX,24,2020-09-09,闇芝居(生),,,,26,2391,,"相澤梨紗,一之瀨龍",2020,3,3
1309,NTV,24,2020-04-02,●Guilty 這個戀愛有罪嗎？,,3.8 / 5                      23 人,3.87,252,28981,播過,新川優愛,2020,3,4
1310,YTV,23,2020-08-13,大叔喜歡可愛小玩意,,4.6 / 5                      18 人,3.70,55,11011,已播,真島秀和,2020,3,4
1311,NTV,24,2020-08-13,大叔喜歡可愛小玩意,,4.6 / 5                      18 人,3.70,55,11011,已播,真島秀和,2020,3,4
1312,KTV,24,2020-07-16,銀座黑貓物語,,3.7 / 5                      6 人,,66,4751,,山寺宏一,2020,3,4
1313,KTV,24,2020-07-16,My Love My Baker,,3.9 / 5                      7 人,,44,4717,,"本假屋唯香,飯島寬騎",2020,3,4
1314,MBS,24,2020-09-17,酷帥偷懶刑警們,,3.6 / 5                      11 人,,46,9211,播過,"鈴木伸之,佐野勇斗",2020,3,4
1315,FOD,24,2020-07-17,那孩子的出生,,2.3 / 5                      3 人,,54,3871,,"森田望智,小倉優香",2020,3,5
1316,TX,24,2020-07-24,40萬公里彼方之戀,,3.8 / 5                      4 人,,44,6646,已播,"千葉雄大,門脇麥",2020,3,5
1317,TX,24,2020-08-21,抓狂一族,,3.2 / 5                      11 人,,101,11336,,佐藤二朗,2020,3,5
1318,CX,23.5,2020-08-01,失落的13年,,4 / 5                      9 人,,42,6376,,櫻庭奈奈美,2020,3,6
1319,CX,23.5,2020-08-29,恐怖新聞,,4.1 / 5                      12 人,,44,7906,,白石聖,2020,3,6
1320,EX,24,2020-07-11,Crazy Rain,,1 / 5                      1 人,,32,2943,,"荒木宏文,陳內將",2020,3,6
1321,ABC,23,2020-08-02,日暮里Charlie`s,,,,27,2754,,"佐藤流司,丸山智己",2020,3,7
1322,NTV,24,2020-08-01,我想唱歌,,,,34,1032,,"金在中,加藤諒",2020,3,6
1323,BS P,22,2020-08-23,反正都快死了,,4 / 5                      3 人,,56,4064,,"三田佳子,小野武彥",2020,3,7
1324,BS P,22,2020-09-27,一億元的分手費,,4.4 / 5                      9 人,,56,6369,,"上川隆也,松村北斗",2020,3,7
1325,MX,20,2020-07-21,銀座黑貓物語,,3.7 / 5                      6 人,,66,4751,,山寺宏一,2020,3,2
1326,FOD,12,2020-08-19,追趕時間的樂隊,,5 / 5                      2 人,,64,2938,,三浦翔平,2020,3,3
1327,FOD,22,2020-08-27,默默奉獻的灰姑娘藥師 ANOTHER STORY,,3.4 / 5                      11 人,,30,3193,,西野七瀨,2020,3,4
1328,ABC,23,2020-07-05,Crazy Rain,,1 / 5                      1 人,,32,2943,,"荒木宏文,陳內將",2020,3,7
1329,Amazon,12,2020-09-18,秋葉原@DEEP2.0,,,,17,1223,,,2020,3,5
1330,FOD,12,2020-09-18,秋葉原@DEEP2.0,,,,17,1223,,,2020,3,5
1331,VIDEOPASS,22,2020-09-29,妄想switch,,,,12,1002,,"若月佑美,柿澤勇人",2020,3,2
1332,CX,21,2020-04-13,●SUITS無照律師2,,4.1 / 5                      38 人,8.35,320,47679,,"織田裕二,中島裕翔",2020,4,1
1333,CX,21,2020-11-02,監察醫 朝顏2,,4.3 / 5                      34 人,11.51,167,35515,播過,"上野樹里,時任三郎",2020,4,1
1334,CX,21,2020-09-22,●DIVER特別臥底組,,3.9 / 5                      24 人,6.96,208,20432,播過,福士蒼汰,2020,4,2
1335,CX,21,2020-10-27,姐姐的戀人,,4.5 / 5                      35 人,7.57,105,29007,播過,有村架純,2020,4,2
1336,TBS,22,2020-09-15,●錢的盡頭是愛情的開始,,4.5 / 5                      51 人,10.50,437,34915,播過,"松岡茉優,三浦春馬",2020,4,2
1337,EX,21,2020-10-14,相棒season19,,4.7 / 5                      12 人,14.84,58,16109,,"水谷豐,反町隆史",2020,4,3
1338,EX,20,2020-10-22,法醫女神探20,,4 / 5                      3 人,11.31,237,7330,,澤口靖子,2020,4,4
1339,EX,21,2020-10-22,七人的秘書,,3.6 / 5                      47 人,0.000,222,43579,播過,"木村文乃,廣瀨愛麗絲",2020,4,4
1340,TX,20,2020-10-23,記憶搜查2,,,,125,5841,,"北大路欣也,風間俊介",2020,4,5
1341,TBS,22,2020-09-11,●危險2人-K2-,,3.5 / 5                      22 人,8.90,73,18306,,"山田涼介,田中圭",2020,4,5
1342,TBS,22,2020-10-23,戀愛的母親們,,4.1 / 5                      34 人,8.56,94,23562,播過,"木村佳乃,吉田羊",2020,4,5
1343,NTV,22,2020-10-10,35歲的少女,,3.6 / 5                      49 人,9.07,97,28202,播過,柴崎幸,2020,4,6
1344,TBS,21,2020-10-11,危險維納斯,,3.9 / 5                      61 人,11.46,171,43064,播過,妻夫木聰,2020,4,7
1345,NTV,22,2020-10-11,極道主夫,,4.3 / 5                      68 人,9.22,207,32588,播過,玉木宏,2020,4,7
1346,NHK G,21,2020-12-12,北方之光,,4.4 / 5                      10 人,,94,5810,,"西島秀俊,北村一輝",2020,4,6
1347,NHK G,08,2020-03-30,●聲援,,4.3 / 5                      7 人,20.07,134,41269,,窪田正孝,2020,4,1
1348,WOWOW,24,2020-11-09,殺意的道程,,4.3 / 5                      7 人,,42,4239,,"井浦新,笨蛋主義",2020,4,1
1349,NBN,24,2020-10-26,VilleVan! 2,,,,26,2546,,"岡山天音,森川葵",2020,4,1
1350,MBS,0,2020-11-04,將寄出這緣分,,4.6 / 5                      5 人,,22,3080,,飯豐萬理江,2020,4,3
1351,tvk,24,2020-10-07,帥哥選舉,,5 / 5                      1 人,,25,2024,,"武子直輝,深澤大河",2020,4,3
1352,TX,24,2020-10-08,型男高中,,4.5 / 5                      2 人,,54,4791,,"大橋和也,高橋恭平",2020,4,4
1353,TX,24,2020-10-07,殘念生物事典,,5 / 5                      1 人,,29,2702,,"竹中直人,三宅弘城",2020,4,3
1354,TX,25,2020-10-07,所以我化妝,,3.7 / 5                      3 人,,31,3470,,"神崎惠,志田彩良",2020,4,3
1355,TX,25,2020-11-18,38歳離婚一次的獨身女嘗試相親App的成果日記,,3.8 / 5                      8 人,,33,4337,,山口紗彌加,2020,4,3
1356,TX,24,2020-12-02,東京設計出生日,,,,18,1441,,"摩托拉世理奈,MEGUMI",2020,4,3
1357,NTV,24,2020-10-08,模特兒狂熱夜,,,,18,1806,,"世界,佐藤大樹",2020,4,4
1358,MBS,24,2020-11-12,辦公室的秘密新婚,,4.4 / 5                      16 人,,66,17732,播過,"板垣瑞生,松井愛莉",2020,4,4
1359,WOWOW,24,2020-11-06,竹內涼真的拍攝稍息,,4.4 / 5                      7 人,,46,6968,,竹內涼真,2020,4,5
1360,TX,24,2020-10-02,夢到那女孩,,4.4 / 5                      8 人,,38,6460,,仲野太賀,2020,4,5
1361,TX,24,2020-10-02,逃出歷史迷宮,,4 / 5                      1 人,,22,2051,,"福本莉子,飯島寬騎",2020,4,5
1362,CX,23.5,2020-10-17,櫻的親子丼3,,,,28,2843,,"真矢美季,新川優愛",2020,4,6
1363,ABC,23,2020-10-25,我們戀愛了,,3.8 / 5                      5 人,,24,4502,,"川島海荷,白洲迅",2020,4,7
1364,NBN,24,2020-11-02,開往名古屋的末班車～三河線篇～,,,,21,1210,,"鈴木福,末永桜花",2020,4,1
1365,FOD,24,2020-10-09,純烈的故事,,,,18,899,,"酒井一圭,白川裕二郎",2020,4,5
1366,BS P,20,2020-11-11,●帶子信兵衛2,,,,94,3592,,"高橋克典,左敦平",2020,4,3
1367,BS P,20,2020-10-23,紅鬍子3,,,,32,2298,,"船越英一郎,中村蒼",2020,4,5
1368,WOWOW,22,2020-10-18,海妖的懺悔,,4.6 / 5                      14 人,,114,10368,,新木優子,2020,4,7
1369,WOWOW,22,2020-11-22,不管夜晚多黑,,4.6 / 5                      12 人,,156,5552,,上川隆也,2020,4,7
1370,MX,22,2020-10-12,一方愛情美食家日記,,3.6 / 5                      8 人,,45,4419,,"本假屋唯香,平岡祐太",2020,4,1
1371,TBS,12,2020-12-31,女強人小媽,,4.5 / 5                      129 人,14.15,481,104130,已播,"綾瀨遙,竹野內豐",2020,4,4
1372,ETV,20,2020-12-14,L的邀請函,,5 / 5                      2 人,,10,821,,"奈緒,小手伸也",2020,4,1
1373,VIDEOPASS,22,2020-09-29,●妄想switch,,,,12,1002,,"若月佑美,柿澤勇人",2020,4,2
1374,CX,21,2021-11-02,●監察醫 朝顏2,,4.3 / 5                      34 人,11.51,167,35515,播過,"上野樹里,時任三郎",2021,1,2
1375,CX,21,2021-01-12,青之SP,,4 / 5                      15 人,8.57,226,20292,播過,"藤原龍也,真木陽子",2021,1,2
1376,EX,21,2021-10-14,●相棒season19,,4.7 / 5                      12 人,14.84,58,16109,,"水谷豐,反町隆史",2021,1,4
1377,EX,20,2021-01-14,遺留捜査6,,4.6 / 5                      7 人,11.83,198,7923,,"上川隆也,栗山千明",2021,1,4
1378,EX,21,2021-01-21,虹色病歷簿,,4.4 / 5                      32 人,10.96,76,25353,播過,高畑充希,2021,1,4
1379,TX,20,2021-01-15,警視廳強行犯係 樋口顯,,,,28,5595,,"內藤剛志,矢田亞希子",2021,1,5
1380,TBS,22,2021-01-22,我家的故事,,4.8 / 5                      54 人,9.20,102,31013,播過,長瀨智也,2021,1,5
1381,NTV,22,2021-01-23,RED EYES,,4 / 5                      24 人,9.84,112,22266,,龜梨和也,2021,1,6
1382,EX,23,2021-01-23,萌子美,,4.6 / 5                      8 人,,51,7640,,小芝風花,2021,1,6
1383,TBS,21,2021-01-17,天國與地獄,,4.5 / 5                      85 人,0.000,165,43793,播過,"綾瀨遙,高橋一生",2021,1,7
1384,TX,20,2021-09-02,聖域 警視廳強行犯係・樋口顯,,,,51,2659,,"內藤剛志,佐野史郎",2021,1,4
1385,NHK G,22,2021-04-02,●70歲，首次出產的70初產,,4.8 / 5                      4 人,,68,5275,,"小日向文世,竹下景子",2021,1,5
1386,NHK G,21,2021-02-06,三坪房間的鋼琴師,,5 / 5                      1 人,,27,3289,,"加藤成亮,段田安則",2021,1,6
1387,NHK G,20,2021-01-19,●麒麟來了,,4.2 / 5                      13 人,14.25,151,41868,,長谷川博己,2021,1,2
1388,NHK G,08,2021-11-30,●小女侍,,2.7 / 5                      3 人,17.39,91,19256,,杉咲花,2021,1,2
1389,FOD,24,2021-01-18,情色小說家：春的生活,,4.7 / 5                      3 人,,26,3561,,"竹財輝之助,豬塚健太",2021,1,1
1390,NTV,24,2021-01-25,在風呂場等著,,,,64,2385,,"北山宏光,佐藤勝利",2021,1,1
1391,FOD,1,2021-01-12,灰姑娘上線中！,,5 / 5                      2 人,,23,4470,,"中村里帆,瀨戶利樹",2021,1,2
1392,TX,24,2021-01-06,激辣道,,3.8 / 5                      4 人,,36,4693,,"桐山照史,泉里香",2021,1,3
1393,TX,25,2021-01-06,大叔與貓,,4.5 / 5                      4 人,,60,3266,,草刈正雄,2021,1,3
1394,NTV,25,2021-01-20,假動作：只有一個願望,,3 / 5                      1 人,,17,1501,,"板垣瑞生,草川直彌",2021,1,3
1395,TX,24,2021-01-07,成功莊3,,,,10,344,,"和田雅成,高橋健介",2021,1,4
1396,NTV,24,2021-01-07,江戶小姐,,3.9 / 5                      10 人,,39,7658,已播,岡田結實,2021,1,4
1397,MBS,24,2021-01-07,為你著迷,,4 / 5                      2 人,,29,4491,,大西流星,2021,1,4
1398,MBS,24,2021-02-11,西荻窪 三星洋酒堂,,4.5 / 5                      18 人,,498,7321,已播,町田啟太,2021,1,4
1399,TX,25,2021-01-07,你不是犯人,,4 / 5                      1 人,,37,3993,,"日比野芽奈,山崎樹範",2021,1,4
1400,WOWOW,24,2021-01-15,梅薩小館,,4.6 / 5                      5 人,,25,3545,,小林聰美,2021,1,5
1401,WOWOW,24,2021-03-05,世界奇妙君物語,,4 / 5                      2 人,,34,2422,,"黑島結菜,葵若菜",2021,1,5
1402,TX,24,2021-01-08,Byplayers-配角森友會100天-,,3.9 / 5                      10 人,,52,6633,已播,"遠藤憲一,田口智朗",2021,1,5
1403,TX,25,2021-01-08,小直是小學三年級生,,4 / 5                      1 人,,23,2105,,"杉野遙亮,渡邊圭祐",2021,1,5
1404,CX,23.5,2021-01-09,那女孩、 吉魯巴,,4.5 / 5                      4 人,,31,2995,,池脅千鶴,2021,1,6
1405,CX,23.5,2021-03-20,Rika：倒帶,,,,23,2040,,高岡早紀,2021,1,6
1406,ABC,23,2021-02-21,桃色 杏色 櫻色,,2.9 / 5                      7 人,,15,6850,,"奧仲麻琴,岐洲匠",2021,1,7
1407,MX,25,2021-01-10,櫻井真的3個遺產,,,,1,125,,,2021,1,7
1408,FOD,24,2021-03-05,情色小說家：續・春的生活,,5 / 5                      1 人,,12,1013,,"竹財輝之助,豬塚健太",2021,1,5
1409,NTV,24,2021-01-04,想成為星星的你,,2.3 / 5                      3 人,,26,2258,,"真榮田鄉敦,渡邊美穗",2021,1,1
1410,BS TV東,21,2021-01-30,尼羅尖吻鱸女子會,,4.5 / 5                      4 人,,31,3660,,"水川麻美,山田真步",2021,1,6
1411,WOWOW,22,2021-12-05,●鐵證懸案 第三季,,4.6 / 5                      17 人,,390,16667,,"吉田羊,永山絢斗",2021,1,7
1412,WOWOW,24,2021-03-28,松尾鈴木與女優的30分鐘,,5 / 5                      1 人,,19,2222,,"吉田羊,多部未華子",2021,1,7
1413,BS P,22,2021-01-10,Company,,4.9 / 5                      7 人,,31,5035,,井之原快彥,2021,1,7
1414,WOWOW,22,2021-01-17,特回,,4.7 / 5                      6 人,,101,7806,,伊藤英明,2021,1,7
1415,BS P,22,2021-03-07,還是殘念刑警,,4.9 / 5                      7 人,,39,5873,,"風間俊介,犬飼貴丈",2021,1,7
1416,ETV,19,2021-02-08,遙的光,,3.5 / 5                      2 人,,28,2999,,"黑島結菜,古館寬治",2021,1,1
1417,FOD,22,2021-01-07,認識的篠原,,,,22,2382,,"末澤誠也,佐野雛子",2021,1,4
1418,TX,9,2021-01-09,超人力霸王 年代記Z 英雄旅程,,,,2,72,,,2021,1,6
1419,NTV,14,2021-02-27,像夢一樣墜入愛河的女人,,,,18,1482,,"內田理央,ゆきぽよ",2021,1,6
1420,TX,7,2021-01-10,偶像學園Planet！,,,,5,161,,,2021,1,7
1421,TX,16,2021-02-14,桑道2021冬,,5 / 5                      1 人,,18,1151,,"原田泰造,三宅弘城",2021,1,7
1422,BS4,18,2021-03-07,小說家偵探鍋島仙太,,,,8,277,,"船越英一郎,永尾瑪利亞",2021,1,7
1423,TBS,12,2021-12-31,女強人小媽,,4.5 / 5                      129 人,14.15,481,104130,已播,"綾瀨遙,竹野內豐",2021,1,5
1424,Amazon,20,2021-03-19,辣媽,,4.2 / 5                      5 人,,19,2347,,"西野七瀨,千葉雄大",2021,1,5
1425,CX,21,2021-04-05,1刑的烏鴉,,4.5 / 5                      59 人,12.51,358,46481,播過,竹野內豐,2021,2,1
1426,CX,21,2021-06-21,夜間醫生,,4.4 / 5                      8 人,10.93目前,86,20547,已播,"波瑠,田中圭",2021,2,1
1427,TX,23,2021-04-05,要來杯咖啡嗎,,4.3 / 5                      15 人,2.50目前,51,11769,已播,中村倫也,2021,2,1
1428,CX,21,2021-04-13,大豆田永久子與三名前夫,,4.6 / 5                      32 人,6.12,152,22219,播過,"松隆子,松田龍平",2021,2,2
1429,EX,21,2021-04-07,特搜9 season4,,4.7 / 5                      7 人,13.15,119,7443,,"井之原快彥,羽田美智子",2021,2,3
1430,EX,20,2021-04-08,警視廳・搜查一課長season5,,4 / 5                      1 人,11.76,131,6444,,內藤剛志,2021,2,4
1431,EX,21,2021-04-15,櫻之巨塔,,4.2 / 5                      23 人,10.36,181,24955,播過,"玉木宏,廣末涼子",2021,2,4
1432,TX,20,2021-04-30,警視廳0系第五季,,4.7 / 5                      6 人,,173,4203,,"小泉孝太郎,松下由樹",2021,2,5
1433,TBS,22,2021-04-16,離婚活動,,4.3 / 5                      66 人,9.05,140,28993,播過,"北川景子,永山瑛太",2021,2,5
1434,CTC,19,2021-05-01,千葉縣的松本先生。,,,,26,524,,"大塚寧寧,長谷川朝晴",2021,2,6
1435,NTV,22,2021-04-17,短劇開始,,4.9 / 5                      46 人,7.58,61,18972,,"菅田將暉,有村架純",2021,2,6
1436,EX,23,2021-01-23,●萌子美,,4.6 / 5                      8 人,,51,7640,,小芝風花,2021,2,6
1437,EX,23,2021-04-24,別哭實習醫生,,4.3 / 5                      4 人,,33,5820,,白濱亞嵐,2021,2,6
1438,TX,23,2021-04-10,我的丈夫在冷凍庫裡沉睡著,,3.5 / 5                      4 人,,35,4092,,"本假屋唯香,白洲迅",2021,2,6
1439,TX,23,2021-05-22,春的詛咒,,5 / 5                      1 人,,9,1104,,高橋光,2021,2,6
1440,TBS,21,2021-04-25,東大特訓班2,,4.5 / 5                      65 人,14.82,358,53938,播過,阿部寬,2021,2,7
1441,NHK G,22,2021-04-02,●70歲，首次出產的70初產,,4.8 / 5                      4 人,,68,5275,,"小日向文世,竹下景子",2021,2,5
1442,NHK G,21,2021-04-24,關於現在這裡發生的危機和我的好感度,,4.5 / 5                      2 人,,85,6465,,"松坂桃李,鈴木杏",2021,2,6
1443,NHK G,08,2021-11-30,●小女侍,,2.7 / 5                      3 人,17.39,91,19256,,杉咲花,2021,2,2
1444,NHK G,08,2021-05-17,歡迎回來百音,,4 / 5                      2 人,16.59目前,198,12493,,清原果耶,2021,2,1
1445,TBS,25,2021-06-15,REAL⇔FAKE 2nd STAGE,,,,26,1484,,"荒牧慶彥,植田圭輔",2021,2,2
1446,TX,24,2021-04-14,跳水男孩,,,,20,1845,,"井上瑞稀,高橋優斗",2021,2,3
1447,TX,24,2021-06-02,２分之一的夫婦,,3.8 / 5                      5 人,,33,3513,,比嘉愛未,2021,2,3
1448,TX,25,2021-04-07,理想男子,,4.3 / 5                      4 人,,33,3418,,蓮佛美沙子,2021,2,3
1449,NTV,25,2021-04-28,聲春！,,3 / 5                      1 人,,18,1306,,"佐佐木美玲,丹生明里",2021,2,3
1450,TX,24,2021-04-07,戀愛喜劇守則~自卑女與年下男,,4 / 5                      9 人,,56,4816,,"栗山千明,小關裕太",2021,2,3
1451,TX,24,2021-04-09,是生是死還是父親,,5 / 5                      3 人,,41,2768,,"吉田羊,國村隼",2021,2,5
1452,CX,23.5,2021-04-10,最棒的歐巴桑 中島春子,,2.5 / 5                      2 人,,25,4700,,"大地真央,松本真理香",2021,2,6
1453,CX,23.5,2021-06-05,#Cold Game,,,,31,1333,,"羽田美智子,結木滉星",2021,2,6
1454,ABC,23,2021-04-18,無法結婚的理由,,3.7 / 5                      9 人,,142,4354,已播,"速水茂虎道,若月佑美",2021,2,7
1455,MX,25,2021-06-27,SAKI醫生2,,,,12,882,,早咲,2021,2,7
1456,BS P,20,2021-04-02,小吉的老婆2,,,,46,2767,,"澤口靖子,古田新太",2021,2,5
1457,BS P,20,2021-05-28,大富豪同心2,,,,23,1856,,"中村隼人,新川優愛",2021,2,5
1458,WOWOW,23,2021-04-02,在河邊,,,,19,1533,,"綾田俊樹,孟加拉",2021,2,5
1459,WOWOW,23,2021-05-14,那邊的盡頭,,4.8 / 5                      5 人,,24,3178,,松本真理香,2021,2,5
1460,WOWOW,22,2021-04-18,華麗一族2021,,4.1 / 5                      10 人,,124,14177,預定,中井貴一,2021,2,7
1461,BS P,22,2021-06-27,獅子的點心,,5 / 5                      1 人,,18,2861,,"土村芳,龍星涼",2021,2,7
1462,TELASA,21,2021-05-06,櫻之塔的另一個故事,,3.8 / 5                      4 人,,18,843,,岡田健史,2021,2,4
1463,KBC,10,2021-04-11,Dogengers Season2,,,,14,601,,,2021,2,7
1464,MX,13,2021-04-09,他愛上我的理由SEASON2,,,,8,1116,,"寺西優真,山本裕典",2021,2,5
1465,TX,16,2021-04-01,孤獨的美食家 第五季,,4.4 / 5                      36 人,3.86,220,31428,播過,松重豐,2021,2,4
1466,ETV,9,2021-03-29,童話法庭「桃太郎」裁判,,4 / 5                      3 人,,54,1840,,天海祐希,2021,2,1
1467,CX,21,2021-06-21,夜間醫生,,4.4 / 5                      8 人,10.93目前,86,20547,已播,"波瑠,田中圭",2021,3,1
1468,TX,23,2021-05-31,●名偵探主廚,,4.8 / 5                      12 人,2.62,171,12628,播過,西島秀俊,2021,3,1
1469,CX,21,2021-07-06,她很漂亮 (8天結),,2.8 / 5                      5 人,6.78目前,60,15359,已播,"中島健人,小芝風花",2021,3,2
1470,EX,21,2021-07-07,刑事7人7 (9天結),,5 / 5                      1 人,11.29目前,24,4527,,"東山紀之,田邊誠一",2021,3,3
1471,EX,20,2021-07-01,IP~網路搜查班 (10天結),,4 / 5                      1 人,8.87目前,107,10515,,"佐佐木藏之介,福原遙",2021,3,4
1472,EX,21,2021-07-08,女王偵訊室4 (10天結),,4.2 / 5                      6 人,11.80目前,194,11043,已播,"天海祐希,田中哲司",2021,3,4
1473,TX,20,2021-04-30,●警視廳0系第五季,,4.7 / 5                      6 人,,173,4203,,"小泉孝太郎,松下由樹",2021,3,5
1474,TBS,22,2021-07-09,#家族募集中,,4.3 / 5                      4 人,6.60目前,53,8990,已播,"重岡大毅,木村文乃",2021,3,5
1475,NTV,22,2021-07-10,VOICEII,,,9.18目前,153,8253,已播,"唐澤壽明,真木陽子",2021,3,6
1476,TX,23,2021-07-03,女之戰爭,,4 / 5                      1 人,,13,2449,,"古川雄大,葵若菜",2021,3,6
1477,TBS,21,2021-07-04,TOKYO MER~行動急診室 (6天結),,4.2 / 5                      14 人,12.96目前,112,27296,已播,鈴木亮平,2021,3,7
1478,NTV,22,2021-07-04,我的殺意戀愛了 (6天結),,1 / 5                      1 人,5.25目前,89,9228,已播,"中川大志,新木優子",2021,3,7
1479,NHK G,21,2021-06-12,家裡蹲老師,,5 / 5                      2 人,,59,3346,,佐藤二朗,2021,3,6
1480,NHK G,08,2021-05-17,歡迎回來百音,,4 / 5                      2 人,16.59目前,198,12493,,清原果耶,2021,3,1
1481,FOD,24,2021-08-30,甜密復仇2,,,,4,299,,"夏菜,森永悠希",2021,3,1
1482,CX,24,2021-08-30,甜密復仇,,3 / 5                      2 人,,24,2993,,夏菜,2021,3,1
1483,TBS,25,2021-07-13,被背叛的田川的憂鬱,,4 / 5                      1 人,,16,2510,已播,"堀未央奈,犬飼貴丈",2021,3,2
1484,TX,24,2021-07-07,只是沒離婚而已,,,,19,2889,,"北山宏光,中村友理",2021,3,3
1485,TX,25,2021-08-11,來世要好好地做2,,,,20,3516,已播,"內田理央,太田莉菜",2021,3,3
1486,NTV,24,2021-07-01,求愛幼幼班,,,,13,2329,已播,"渡邊大知,菊池風磨",2021,3,4
1487,TX,25,2021-07-08,如果和您的耳朵的話,,5 / 5                      1 人,,8,1378,,伊藤萬理華,2021,3,4
1488,MBS,24,2021-07-22,初情事前的1小時,,,,15,2489,已播,"工藤阿須加,臼田麻美",2021,3,4
1489,MBS,24,2021-09-16,反正妳也逃不掉 (10天播),,,,10,690,,"白洲迅,橫田真悠",2021,3,4
1490,TX,25,2021-07-01,彆扭女生的一人飯,,4.8 / 5                      5 人,,23,1724,,"飯豐萬理江,柄本時生",2021,3,4
1491,TX,24,2021-07-09,孤獨的美食家 第九季,,4.7 / 5                      3 人,,24,1944,已播,松重豐,2021,3,5
1492,CX,23.5,2021-08-07,準教授・高槻彰良的推測 Season1,,,,11,2176,,"伊野尾慧,神宮寺勇太",2021,3,6
1493,FOD,24,2021-09-17,性感男友讓我著迷 (11天播),,,,7,633,,松井愛莉,2021,3,5
1494,WOWOW,23,2021-07-09,男撰稿人、休育嬰假。,,5 / 5                      2 人,,19,1795,,瀨戶康史,2021,3,5
1495,WOWOW,23,2021-08-20,一直思考刃牙是不是BL的少女的紀錄,,,,13,1374,,松本穗香,2021,3,5
1496,WOWOW,22,2021-08-22,密告之歌,,,,37,3824,,松岡昌宏,2021,3,7
1497,TX,17,2021-07-07,女學。,,,,7,1283,,,2021,3,3
1498,MX,13,2021-07-09,人生多彩多姿,,,,9,1020,,"寺西優真,八神蓮",2021,3,5
1499,TELASA,20,2021-09-17,我們殺死最愛的你 (11天播),,,,5,573,,,2021,3,5
1500,Hulu,21,2021-09-10,MOMOUME (4天播),,,,5,331,,"伊藤沙莉,江口法子",2021,3,5
1501,MX,7,2021-08-07,妖話6,,,,7,186,,,2021,3,6
1502,CX,21,2021-10-01,X光室的奇蹟II,,,,45,2095,,"窪田正孝,本田翼",2021,4,5
1503,CX,22,2021-10-18,AVALANCHEnew,,,,3,196,,綾野剛,2021,4,1
1504,EX,21,2021-10-01,相棒season20,,,,2,406,,"水谷豐,反町隆史",2021,4,5
1505,EX,21,2021-10-01,Doctor-X7,,,,18,2060,,"米倉涼子,內田有紀",2021,4,5
1506,TX,20,2021-10-01,螺旋迷宮,,,,86,12699,,"田中圭,安田顯",2021,4,5
1507,TBS,22,2021-10-01,最愛,,,,21,1738,,"吉高由里子,松下洸平",2021,4,5
1508,NTV,22,2021-10-16,二月的勝者,,,,71,4923,,柳樂優彌,2021,4,6
1509,EX,23,2021-10-01,言靈莊,,,,4,383,,"西野七瀨,永山絢斗",2021,4,5
1510,TBS,21,2021-10-01,日本沉沒－希望之人－,,,,53,3831,,"小栗旬,松山研一",2021,4,5
1511,NTV,22,2021-10-01,真犯人旗幟,,,,8,892,,"西島秀俊,芳根京子",2021,4,5
1512,NHK G,08,2021-11-01,Come Come Everybody,,,,39,3499,,"上白石萌音,深津繪里",2021,4,1
1513,TX,25,2021-10-06,我只是想說喜歡妳,,,,15,408,,"大原櫻子,櫻井海音",2021,4,3
1514,NTV,24,2021-10-07,倒霉女孩！,,,,3,581,,福原遙,2021,4,4
1515,CX,23.5,2021-10-09,只有顏值老師,,,,3,294,,"神尾楓珠,貫地谷詩穗梨",2021,4,6
1516,TBS,24,2021-10-01,這場初戀純屬虛構,,,,7,321,,,2021,4,5
